{
  "type": "minecraft:entity",
  "pools": [
    {
      "rolls": 1,
      "entries": [
        {
          "type": "minecraft:item",
          "name": "minecraft:creeper_spawn_egg",
          "functions": [
            {
                "function": "minecraft:set_name",
                "name": {"text": "矢筒-榴弾の矢","color":"green","italic":false}
            },
            {
                "function": "minecraft:set_lore",
                "lore": [
                  {"text":"--------------------------------","italic":false,"color":"gray"},
                  {"text":"MP:8 / Cooldown:12","italic":false,"color":"aqua"},
                  {"text":"榴弾の矢を1本取り出す。","italic":false,"color":"white"},
                  {"text":"効果:着弾地点を爆破する。","italic":false,"color":"white"},
                  {"text":"--------------------------------","italic":false,"color":"gray"}
                ]
            },
            {
              "function": "minecraft:set_count",
              "count": 64
            },
            {
                "function": "minecraft:set_nbt",
                "tag": "{ArrowEgg:1b,Soulbound:1b,CanPlaceOn:[\"#wancomatter:all_blocks\"],HideFlags:16,EntityTag:{DeathTime:19,Health:0f,Attributes:[{Name:generic.max_health,Base:0}]}}"
            }
          ]
        }
      ]
    }
  ]
}