{
  "type": "minecraft:entity",
  "pools": [
    {
      "rolls": 1,
      "entries": [
        {
          "type": "minecraft:item",
          "name": "minecraft:stone"
        },
        {
          "type": "minecraft:item",
          "name": "minecraft:dirt"
        },
        {
          "type": "minecraft:item",
          "name": "minecraft:granite"
        },
        {
          "type": "minecraft:item",
          "name": "minecraft:diorite"
        },
        {
          "type": "minecraft:item",
          "name": "minecraft:andesite"
        },
        {
          "type": "minecraft:item",
          "name": "minecraft:gravel"
        }
      ]
    }
  ]
}