{
  "type": "minecraft:entity",
  "pools": [
    {
      "rolls": 1,
      "entries": [
        {
          "type": "minecraft:item",
          "name": "minecraft:stone_hoe",
          "functions": [
            {
                "function": "minecraft:set_name",
                "name": {"text": "加護:耐魔障壁","color":"aqua","italic":false}
            },
            {
                "function": "minecraft:set_lore",
                "lore": [
                  {"text":"魔法ダメージを25%軽減する。","italic":false,"color":"white"},
                  {"text":"この軽減は魔法耐性に加算されない。","italic":false,"color":"white"},
                  {"text":"加護はホットバーに入れる事で自動発動。","italic":false,"color":"light_purple"},
                  {"text":"同じ加護は2個まで効果が重複する。","italic":false,"color":"dark_purple"}
                ]
            },
            {
                "function": "minecraft:set_nbt",
                "tag": "{CustomModelData:1,blessItem:1b,Soulbound:1b,AttributeModifiers:[{}],Unbreakable:1b,HideFlags:4}"
            }
          ]
        }
      ]
    }
  ]
}