{
  "type": "minecraft:entity",
  "pools": [
    {
      "rolls": 1,
      "entries": [
        {
          "type": "minecraft:item",
          "name": "minecraft:stone_hoe",
          "functions": [
            {
                "function": "minecraft:set_name",
                "name": {"text": "加護:幸運体質","color":"aqua","italic":false}
            },
            {
                "function": "minecraft:set_lore",
                "lore": [
                  {"text":"12.5%の確率で受けるダメージを固定0.1にする。","italic":false,"color":"white"},
                  {"text":"但し、物理耐性、魔法耐性1%につき発動確率が-0.1%。","italic":false,"color":"white"},
                  {"text":"加護はホットバーに入れる事で自動発動。","italic":false,"color":"light_purple"},
                  {"text":"同じ加護は2個まで効果が重複する。","italic":false,"color":"dark_purple"}
                ]
            },
            {
                "function": "minecraft:set_nbt",
                "tag": "{CustomModelData:15,blessItem:1b,Soulbound:1b,AttributeModifiers:[{}],Unbreakable:1b,HideFlags:4}"
            }
          ]
        }
      ]
    }
  ]
}