{
  "type": "minecraft:entity",
  "pools": [
    {
      "rolls": 1,
      "entries": [
        {
          "type": "minecraft:item",
          "name": "minecraft:stone_hoe",
          "functions": [
            {
                "function": "minecraft:set_name",
                "name": {"text": "加護:毒塗り術","color":"aqua","italic":false}
            },
            {
                "function": "minecraft:set_lore",
                "lore": [
                  {"text":"物理攻撃時、23%の確率で敵に毒を3秒間与える。","italic":false,"color":"white"},
                  {"text":"2個装備で毒のレベルを上昇させる。","italic":false,"color":"white"},
                  {"text":"加護はホットバーに入れる事で自動発動。","italic":false,"color":"light_purple"},
                  {"text":"同じ加護は2個まで効果が重複する。","italic":false,"color":"dark_purple"}
                ]
            },
            {
                "function": "minecraft:set_nbt",
                "tag": "{CustomModelData:20,blessItem:1b,Soulbound:1b,AttributeModifiers:[{}],Unbreakable:1b,HideFlags:6}"
            }
          ]
        }
      ]
    }
  ]
}