{
  "type": "minecraft:entity",
  "pools": [
    {
      "rolls": 1,
      "entries": [
        {
          "type": "minecraft:item",
          "name": "minecraft:stone_hoe",
          "functions": [
            {
                "function": "minecraft:set_name",
                "name": {"text": "加護:鉄砕骨","color":"aqua","italic":false}
            },
            {
                "function": "minecraft:set_lore",
                "lore": [
                  {"text":"近接と矢以外の物理ダメージを15%増加させる。","italic":false,"color":"white"},
                  {"text":"加護はホットバーに入れる事で自動発動。","italic":false,"color":"light_purple"},
                  {"text":"同じ加護は2個まで効果が重複する。","italic":false,"color":"dark_purple"}
                ]
            },
            {
              "function": "minecraft:set_attributes",
              "modifiers": [
                  {
                      "name": "unstackable",
                      "attribute": "generic.follow_range",
                      "operation": "addition",
                      "amount": 0.1,
                      "slot": "chest"
                  }
              ]
            },
            {
                "function": "minecraft:set_nbt",
                "tag": "{CustomModelData:24,blessItem:1b,Soulbound:1b,AttributeModifiers:[{}],Unbreakable:1b,HideFlags:6}"
            }
          ]
        }
      ]
    }
  ]
}