{
  "type": "minecraft:entity",
  "pools": [
    {
      "rolls": 1,
      "entries": [
        {
          "type": "minecraft:item",
          "name": "minecraft:stone_hoe",
          "functions": [
            {
                "function": "minecraft:set_name",
                "name": {"text": "加護:全知の魔導書","color":"aqua","italic":false}
            },
            {
                "function": "minecraft:set_lore",
                "lore": [
                  {"text":"持っている攻撃魔法、補助魔法、召喚魔法の数だけ","italic":false,"color":"white"},
                  {"text":"これらの魔法使用時に消費した6%分のMPを回復する。","italic":false,"color":"white"},
                  {"text":"加護はホットバーに入れる事で自動発動。","italic":false,"color":"light_purple"},
                  {"text":"同じ加護は2個まで効果が重複する。","italic":false,"color":"dark_purple"}
                ]
            },
            {
                "function": "minecraft:set_nbt",
                "tag": "{Enchantments:[{}],CustomModelData:8,blessItem:1b,Soulbound:1b,Unbreakable:1b,HideFlags:6}"
            }
          ]
        }
      ]
    }
  ]
}