{
  "type": "minecraft:entity",
  "pools": [
    {
      "rolls": 1,
      "entries": [
        {
          "type": "minecraft:item",
          "name": "minecraft:carrot_on_a_stick",
          "functions": [
            {
                "function": "minecraft:set_name",
                "name": {"text": "対空魔砲","color":"gray","italic":false}
            },
            {
                "function": "minecraft:set_lore",
                "lore": [
                  {"text":"--------------------------------","italic":false,"color":"gray"},
                  {"text":"-墜落の魔砲- MP:4 / Cooldown:2","italic":false,"color":"aqua"},
                  {"text":"小チャージ後、前方に対空砲を放つ。","italic":false,"color":"white"},
                  {"text":"地上へも攻撃可能だが、空中の敵に対して","italic":false,"color":"white"},
                  {"text":"高威力の防具貫通で攻撃し、一瞬動きを止める。","italic":false,"color":"white"},
                  {"text":"--------------------------------","italic":false,"color":"gray"}
                ]
            },
            {
                "function": "minecraft:set_nbt",
                "tag": "{CustomModelData:64,Soulbound:1b,Unbreakable:1b,HideFlags:4}"
            }
          ]
        }
      ]
    }
  ]
}