{
  "type": "minecraft:entity",
  "pools": [
    {
      "rolls": 1,
      "entries": [
        {
          "type": "minecraft:item",
          "name": "minecraft:carrot_on_a_stick",
          "functions": [
            {
                "function": "minecraft:set_name",
                "name": {"text": "誘導ミサイル","color":"dark_purple","italic":false}
            },
            {
                "function": "minecraft:set_lore",
                "lore": [
                  {"text":"--------------------------------","italic":false,"color":"gray"},
                  {"text":"-ミサイル発射- MP:8 / Cooldown:10","italic":false,"color":"aqua"},
                  {"text":"プレイヤーが向いている方向に進むミサイルを発射する。","italic":false,"color":"white"},
                  {"text":"ブロックに当たると爆発する。","italic":false,"color":"white"},
                  {"text":"ある程度の飛距離がないとダメージが低下する。","italic":false,"color":"white"},
                  {"text":"--------------------------------","italic":false,"color":"gray"}
                ]
            },
            {
                "function": "minecraft:set_nbt",
                "tag": "{CustomModelData:41,Soulbound:1b,Unbreakable:1b,HideFlags:4}"
            }
          ]
        }
      ]
    }
  ]
}