{
  "type": "minecraft:entity",
  "pools": [
    {
      "rolls": 1,
      "entries": [
        {
          "type": "minecraft:item",
          "name": "minecraft:carrot_on_a_stick",
          "functions": [
            {
                "function": "minecraft:set_name",
                "name": {"text": "魔弾銃","color":"dark_purple","italic":false}
            },
            {
                "function": "minecraft:set_lore",
                "lore": [
                  {"text":"魔力を圧縮して発射する拳銃。","italic":false,"color":"white"},
                  {"text":"命中した敵に一定の物理ダメージを与える。","italic":false,"color":"white"},
                  {"text":"--------------------------------","italic":false,"color":"gray"},
                  {"text":"-reload- MP:10 / 装填時間:3.0","italic":false,"color":"aqua"},
                  {"translate":"弾を使い切るか%sキーを押して発動。","with":[{"keybind":"key.drop"}],"italic":false,"color":"white"},
                  {"text":"魔力の弾丸を8発分装填する。","italic":false,"color":"white"},
                  {"text":"--------------------------------","italic":false,"color":"gray"}
                ]
            },
            {
                "function": "minecraft:set_nbt",
                "tag": "{CustomModelData:5,Soulbound:1b,Ammo:8,AmmoMax:8,nowAmmoMax:8,Damage:1,HideFlags:4}"
            }
          ]
        }
      ]
    }
  ]
}