{
	"credit": "Made with Blockbench",
	"textures": {
		"0": "entity/end_portal",
		"particle": "entity/end_portal"
	},
	"elements": [
		{
			"from": [1.5, -6.5, 1.5],
			"to": [14.5, 6.5, 14.5],
			"rotation": {"angle": 0, "axis": "y", "origin": [8, 1, 8]},
			"faces": {
				"north": {"uv": [0, 0, 16, 16], "texture": "#0"},
				"east": {"uv": [0, 0, 16, 16], "texture": "#0"},
				"south": {"uv": [0, 0, 16, 16], "texture": "#0"},
				"west": {"uv": [0, 0, 16, 16], "texture": "#0"},
				"up": {"uv": [0, 0, 16, 16], "texture": "#0"},
				"down": {"uv": [0, 0, 16, 16], "texture": "#0"}
			}
		}
	],
	"display": {
		"head": {
			"translation": [0, -30, 0],
			"scale": [1.48, 1.48, 1.48]
		}
	}
}