{
	"credit": "Made with Blockbench",
	"textures": {
		"2": "block/bookshelf",
		"particle": "block/furnace_front_on"
	},
	"elements": [
		{
			"from": [30.58367, 7.4884, 3.19144],
			"to": [31.65781, 8.51161, 12.55054],
			"rotation": {"angle": -22.5, "axis": "y", "origin": [8.00729, 2.23669, 7.87099]},
			"faces": {
				"north": {"uv": [4.5, 5.5, 4.5, 5.5], "rotation": 270, "texture": "#2"},
				"east": {"uv": [4.5, 5.5, 4.5, 5.5], "rotation": 270, "texture": "#2"},
				"south": {"uv": [4.5, 5.5, 4.5, 5.5], "rotation": 270, "texture": "#2"},
				"west": {"uv": [4.5, 5.5, 4.5, 5.5], "rotation": 270, "texture": "#2"},
				"up": {"uv": [4.5, 5.5, 4.5, 5.5], "rotation": 270, "texture": "#2"},
				"down": {"uv": [4.5, 5.5, 4.5, 5.5], "rotation": 270, "texture": "#2"}
			}
		},
		{
			"from": [-15.64323, 7.4884, 3.19144],
			"to": [-14.56908, 8.51161, 12.55054],
			"rotation": {"angle": -22.5, "axis": "y", "origin": [8.00729, 2.23669, 7.87099]},
			"faces": {
				"north": {"uv": [4.5, 5.5, 4.5, 5.5], "rotation": 270, "texture": "#2"},
				"east": {"uv": [4.5, 5.5, 4.5, 5.5], "rotation": 270, "texture": "#2"},
				"south": {"uv": [4.5, 5.5, 4.5, 5.5], "rotation": 270, "texture": "#2"},
				"west": {"uv": [4.5, 5.5, 4.5, 5.5], "rotation": 270, "texture": "#2"},
				"up": {"uv": [4.5, 5.5, 4.5, 5.5], "rotation": 270, "texture": "#2"},
				"down": {"uv": [4.5, 5.5, 4.5, 5.5], "rotation": 270, "texture": "#2"}
			}
		},
		{
			"from": [-15.64323, 7.4884, 3.19144],
			"to": [-14.56908, 8.51161, 12.55054],
			"rotation": {"angle": -45, "axis": "y", "origin": [8.00729, 2.23669, 7.87099]},
			"faces": {
				"north": {"uv": [4.5, 5.5, 4.5, 5.5], "rotation": 270, "texture": "#2"},
				"east": {"uv": [4.5, 5.5, 4.5, 5.5], "rotation": 270, "texture": "#2"},
				"south": {"uv": [4.5, 5.5, 4.5, 5.5], "rotation": 270, "texture": "#2"},
				"west": {"uv": [4.5, 5.5, 4.5, 5.5], "rotation": 270, "texture": "#2"},
				"up": {"uv": [4.5, 5.5, 4.5, 5.5], "rotation": 270, "texture": "#2"},
				"down": {"uv": [4.5, 5.5, 4.5, 5.5], "rotation": 270, "texture": "#2"}
			}
		},
		{
			"from": [30.58367, 7.4884, 3.19144],
			"to": [31.65781, 8.51161, 12.55054],
			"rotation": {"angle": -45, "axis": "y", "origin": [8.00729, 2.23669, 7.87099]},
			"faces": {
				"north": {"uv": [4.5, 5.5, 4.5, 5.5], "rotation": 270, "texture": "#2"},
				"east": {"uv": [4.5, 5.5, 4.5, 5.5], "rotation": 270, "texture": "#2"},
				"south": {"uv": [4.5, 5.5, 4.5, 5.5], "rotation": 270, "texture": "#2"},
				"west": {"uv": [4.5, 5.5, 4.5, 5.5], "rotation": 270, "texture": "#2"},
				"up": {"uv": [4.5, 5.5, 4.5, 5.5], "rotation": 270, "texture": "#2"},
				"down": {"uv": [4.5, 5.5, 4.5, 5.5], "rotation": 270, "texture": "#2"}
			}
		},
		{
			"from": [3.32774, 7.4884, 30.44736],
			"to": [12.68684, 8.51161, 31.52151],
			"rotation": {"angle": 22.5, "axis": "y", "origin": [8.00729, 2.23669, 7.87099]},
			"faces": {
				"north": {"uv": [4.5, 5.5, 4.5, 5.5], "texture": "#2"},
				"east": {"uv": [4.5, 5.5, 4.5, 5.5], "texture": "#2"},
				"south": {"uv": [4.5, 5.5, 4.5, 5.5], "texture": "#2"},
				"west": {"uv": [4.5, 5.5, 4.5, 5.5], "texture": "#2"},
				"up": {"uv": [4.5, 5.5, 4.5, 5.5], "texture": "#2"},
				"down": {"uv": [4.5, 5.5, 4.5, 5.5], "texture": "#2"}
			}
		},
		{
			"from": [3.32774, 7.4884, -15.77953],
			"to": [12.68684, 8.51161, -14.70539],
			"rotation": {"angle": 22.5, "axis": "y", "origin": [8.00729, 2.23669, 7.87099]},
			"faces": {
				"north": {"uv": [4.5, 5.5, 4.5, 5.5], "texture": "#2"},
				"east": {"uv": [4.5, 5.5, 4.5, 5.5], "texture": "#2"},
				"south": {"uv": [4.5, 5.5, 4.5, 5.5], "texture": "#2"},
				"west": {"uv": [4.5, 5.5, 4.5, 5.5], "texture": "#2"},
				"up": {"uv": [4.5, 5.5, 4.5, 5.5], "texture": "#2"},
				"down": {"uv": [4.5, 5.5, 4.5, 5.5], "texture": "#2"}
			}
		},
		{
			"from": [3.32774, 7.4884, -15.77953],
			"to": [12.68684, 8.51161, -14.70539],
			"rotation": {"angle": 0, "axis": "y", "origin": [8.00729, 2.23669, 7.87099]},
			"faces": {
				"north": {"uv": [4.5, 5.5, 4.5, 5.5], "texture": "#2"},
				"east": {"uv": [4.5, 5.5, 4.5, 5.5], "texture": "#2"},
				"south": {"uv": [4.5, 5.5, 4.5, 5.5], "texture": "#2"},
				"west": {"uv": [4.5, 5.5, 4.5, 5.5], "texture": "#2"},
				"up": {"uv": [4.5, 5.5, 4.5, 5.5], "texture": "#2"},
				"down": {"uv": [4.5, 5.5, 4.5, 5.5], "texture": "#2"}
			}
		},
		{
			"from": [3.32774, 7.4884, 30.44736],
			"to": [12.68684, 8.51161, 31.52151],
			"rotation": {"angle": 0, "axis": "y", "origin": [8.00729, 2.23669, 7.87099]},
			"faces": {
				"north": {"uv": [4.5, 5.5, 4.5, 5.5], "texture": "#2"},
				"east": {"uv": [4.5, 5.5, 4.5, 5.5], "texture": "#2"},
				"south": {"uv": [4.5, 5.5, 4.5, 5.5], "texture": "#2"},
				"west": {"uv": [4.5, 5.5, 4.5, 5.5], "texture": "#2"},
				"up": {"uv": [4.5, 5.5, 4.5, 5.5], "texture": "#2"},
				"down": {"uv": [4.5, 5.5, 4.5, 5.5], "texture": "#2"}
			}
		},
		{
			"from": [7.47022, 7.4884, -11.736],
			"to": [8.54436, 8.51161, 30.92392],
			"rotation": {"angle": 22.5, "axis": "y", "origin": [8.00729, 2.22164, 30.98443]},
			"faces": {
				"north": {"uv": [4.5, 5.5, 4.5, 5.5], "rotation": 90, "texture": "#2"},
				"east": {"uv": [4.5, 5.5, 4.5, 5.5], "rotation": 90, "texture": "#2"},
				"south": {"uv": [4.5, 5.5, 4.5, 5.5], "rotation": 90, "texture": "#2"},
				"west": {"uv": [4.5, 5.5, 4.5, 5.5], "rotation": 90, "texture": "#2"},
				"up": {"uv": [4.5, 5.5, 4.5, 5.5], "rotation": 90, "texture": "#2"},
				"down": {"uv": [4.5, 5.5, 4.5, 5.5], "rotation": 90, "texture": "#2"}
			}
		},
		{
			"from": [-13.25558, 7.4884, -1.46533],
			"to": [29.40434, 8.51161, -0.39119],
			"rotation": {"angle": 22.5, "axis": "y", "origin": [8.00729, 2.22164, 7.90417]},
			"faces": {
				"north": {"uv": [4.5, 5.5, 4.5, 5.5], "texture": "#2"},
				"east": {"uv": [4.5, 5.5, 4.5, 5.5], "texture": "#2"},
				"south": {"uv": [4.5, 5.5, 4.5, 5.5], "texture": "#2"},
				"west": {"uv": [4.5, 5.5, 4.5, 5.5], "texture": "#2"},
				"up": {"uv": [4.5, 5.5, 4.5, 5.5], "texture": "#2"},
				"down": {"uv": [4.5, 5.5, 4.5, 5.5], "texture": "#2"}
			}
		},
		{
			"from": [15.03289, 7.4884, -13.61127],
			"to": [16.10704, 8.51161, 29.04865],
			"rotation": {"angle": 22.5, "axis": "y", "origin": [8.00729, 2.22164, 4.58613]},
			"faces": {
				"north": {"uv": [4.5, 5.5, 4.5, 5.5], "rotation": 270, "texture": "#2"},
				"east": {"uv": [4.5, 5.5, 4.5, 5.5], "rotation": 270, "texture": "#2"},
				"south": {"uv": [4.5, 5.5, 4.5, 5.5], "rotation": 270, "texture": "#2"},
				"west": {"uv": [4.5, 5.5, 4.5, 5.5], "rotation": 270, "texture": "#2"},
				"up": {"uv": [4.5, 5.5, 4.5, 5.5], "rotation": 270, "texture": "#2"},
				"down": {"uv": [4.5, 5.5, 4.5, 5.5], "rotation": 270, "texture": "#2"}
			}
		},
		{
			"from": [-13.38976, 7.4884, 16.19953],
			"to": [29.27016, 8.51161, 17.27368],
			"rotation": {"angle": 22.5, "axis": "y", "origin": [8.00729, 2.22164, 7.90417]},
			"faces": {
				"north": {"uv": [4.5, 5.5, 4.5, 5.5], "rotation": 180, "texture": "#2"},
				"east": {"uv": [4.5, 5.5, 4.5, 5.5], "rotation": 180, "texture": "#2"},
				"south": {"uv": [4.5, 5.5, 4.5, 5.5], "rotation": 180, "texture": "#2"},
				"west": {"uv": [4.5, 5.5, 4.5, 5.5], "rotation": 180, "texture": "#2"},
				"up": {"uv": [4.5, 5.5, 4.5, 5.5], "rotation": 180, "texture": "#2"},
				"down": {"uv": [4.5, 5.5, 4.5, 5.5], "rotation": 180, "texture": "#2"}
			}
		},
		{
			"from": [7.47022, 7.4884, -11.736],
			"to": [8.54436, 8.51161, 30.92392],
			"rotation": {"angle": -22.5, "axis": "y", "origin": [8.00729, 2.22164, 30.98443]},
			"faces": {
				"north": {"uv": [4.5, 5.5, 4.5, 5.5], "rotation": 90, "texture": "#2"},
				"east": {"uv": [4.5, 5.5, 4.5, 5.5], "rotation": 90, "texture": "#2"},
				"south": {"uv": [4.5, 5.5, 4.5, 5.5], "rotation": 90, "texture": "#2"},
				"west": {"uv": [4.5, 5.5, 4.5, 5.5], "rotation": 90, "texture": "#2"},
				"up": {"uv": [4.5, 5.5, 4.5, 5.5], "rotation": 90, "texture": "#2"},
				"down": {"uv": [4.5, 5.5, 4.5, 5.5], "rotation": 90, "texture": "#2"}
			}
		},
		{
			"from": [-13.25558, 7.4884, 16.19953],
			"to": [29.40434, 8.51161, 17.27368],
			"rotation": {"angle": -22.5, "axis": "y", "origin": [8.00729, 2.22164, 7.90417]},
			"faces": {
				"north": {"uv": [4.5, 5.5, 4.5, 5.5], "texture": "#2"},
				"east": {"uv": [4.5, 5.5, 4.5, 5.5], "texture": "#2"},
				"south": {"uv": [4.5, 5.5, 4.5, 5.5], "texture": "#2"},
				"west": {"uv": [4.5, 5.5, 4.5, 5.5], "texture": "#2"},
				"up": {"uv": [4.5, 5.5, 4.5, 5.5], "texture": "#2"},
				"down": {"uv": [4.5, 5.5, 4.5, 5.5], "texture": "#2"}
			}
		},
		{
			"from": [-0.09245, 7.4884, -13.61127],
			"to": [0.98169, 8.51161, 29.04865],
			"rotation": {"angle": -22.5, "axis": "y", "origin": [8.00729, 2.22164, 4.58613]},
			"faces": {
				"north": {"uv": [4.5, 5.5, 4.5, 5.5], "rotation": 270, "texture": "#2"},
				"east": {"uv": [4.5, 5.5, 4.5, 5.5], "rotation": 270, "texture": "#2"},
				"south": {"uv": [4.5, 5.5, 4.5, 5.5], "rotation": 270, "texture": "#2"},
				"west": {"uv": [4.5, 5.5, 4.5, 5.5], "rotation": 270, "texture": "#2"},
				"up": {"uv": [4.5, 5.5, 4.5, 5.5], "rotation": 270, "texture": "#2"},
				"down": {"uv": [4.5, 5.5, 4.5, 5.5], "rotation": 270, "texture": "#2"}
			}
		},
		{
			"from": [-13.38976, 7.4884, -1.46533],
			"to": [29.27016, 8.51161, -0.39119],
			"rotation": {"angle": -22.5, "axis": "y", "origin": [8.00729, 2.22164, 7.90417]},
			"faces": {
				"north": {"uv": [4.5, 5.5, 4.5, 5.5], "rotation": 180, "texture": "#2"},
				"east": {"uv": [4.5, 5.5, 4.5, 5.5], "rotation": 180, "texture": "#2"},
				"south": {"uv": [4.5, 5.5, 4.5, 5.5], "rotation": 180, "texture": "#2"},
				"west": {"uv": [4.5, 5.5, 4.5, 5.5], "rotation": 180, "texture": "#2"},
				"up": {"uv": [4.5, 5.5, 4.5, 5.5], "rotation": 180, "texture": "#2"},
				"down": {"uv": [4.5, 5.5, 4.5, 5.5], "rotation": 180, "texture": "#2"}
			}
		},
		{
			"from": [30.58367, 7.4884, 3.19144],
			"to": [31.65781, 8.51161, 12.55054],
			"rotation": {"angle": 0, "axis": "y", "origin": [8.00729, 2.23669, 7.87099]},
			"faces": {
				"north": {"uv": [4.5, 5.5, 4.5, 5.5], "rotation": 90, "texture": "#2"},
				"east": {"uv": [4.5, 5.5, 4.5, 5.5], "rotation": 90, "texture": "#2"},
				"south": {"uv": [4.5, 5.5, 4.5, 5.5], "rotation": 90, "texture": "#2"},
				"west": {"uv": [4.5, 5.5, 4.5, 5.5], "rotation": 90, "texture": "#2"},
				"up": {"uv": [4.5, 5.5, 4.5, 5.5], "rotation": 90, "texture": "#2"},
				"down": {"uv": [4.5, 5.5, 4.5, 5.5], "rotation": 90, "texture": "#2"}
			}
		},
		{
			"from": [-15.64323, 7.4884, 3.19144],
			"to": [-14.56908, 8.51161, 12.55054],
			"rotation": {"angle": 0, "axis": "y", "origin": [8.00729, 2.23669, 7.87099]},
			"faces": {
				"north": {"uv": [4.5, 5.5, 4.5, 5.5], "rotation": 90, "texture": "#2"},
				"east": {"uv": [4.5, 5.5, 4.5, 5.5], "rotation": 90, "texture": "#2"},
				"south": {"uv": [4.5, 5.5, 4.5, 5.5], "rotation": 90, "texture": "#2"},
				"west": {"uv": [4.5, 5.5, 4.5, 5.5], "rotation": 90, "texture": "#2"},
				"up": {"uv": [4.5, 5.5, 4.5, 5.5], "rotation": 90, "texture": "#2"},
				"down": {"uv": [4.5, 5.5, 4.5, 5.5], "rotation": 90, "texture": "#2"}
			}
		},
		{
			"from": [30.58367, 7.4884, 3.19144],
			"to": [31.65781, 8.51161, 12.55054],
			"rotation": {"angle": 22.5, "axis": "y", "origin": [8.00729, 2.23669, 7.87099]},
			"faces": {
				"north": {"uv": [4.5, 5.5, 4.5, 5.5], "rotation": 90, "texture": "#2"},
				"east": {"uv": [4.5, 5.5, 4.5, 5.5], "rotation": 90, "texture": "#2"},
				"south": {"uv": [4.5, 5.5, 4.5, 5.5], "rotation": 90, "texture": "#2"},
				"west": {"uv": [4.5, 5.5, 4.5, 5.5], "rotation": 90, "texture": "#2"},
				"up": {"uv": [4.5, 5.5, 4.5, 5.5], "rotation": 90, "texture": "#2"},
				"down": {"uv": [4.5, 5.5, 4.5, 5.5], "rotation": 90, "texture": "#2"}
			}
		},
		{
			"from": [-15.64323, 7.4884, 3.19144],
			"to": [-14.56908, 8.51161, 12.55054],
			"rotation": {"angle": 22.5, "axis": "y", "origin": [8.00729, 2.23669, 7.87099]},
			"faces": {
				"north": {"uv": [4.5, 5.5, 4.5, 5.5], "rotation": 90, "texture": "#2"},
				"east": {"uv": [4.5, 5.5, 4.5, 5.5], "rotation": 90, "texture": "#2"},
				"south": {"uv": [4.5, 5.5, 4.5, 5.5], "rotation": 90, "texture": "#2"},
				"west": {"uv": [4.5, 5.5, 4.5, 5.5], "rotation": 90, "texture": "#2"},
				"up": {"uv": [4.5, 5.5, 4.5, 5.5], "rotation": 90, "texture": "#2"},
				"down": {"uv": [4.5, 5.5, 4.5, 5.5], "rotation": 90, "texture": "#2"}
			}
		},
		{
			"from": [3.32774, 7.4884, 30.44736],
			"to": [12.68684, 8.51161, 31.52151],
			"rotation": {"angle": -22.5, "axis": "y", "origin": [8.00729, 2.23669, 7.87099]},
			"faces": {
				"north": {"uv": [4.5, 5.5, 4.5, 5.5], "texture": "#2"},
				"east": {"uv": [4.5, 5.5, 4.5, 5.5], "texture": "#2"},
				"south": {"uv": [4.5, 5.5, 4.5, 5.5], "texture": "#2"},
				"west": {"uv": [4.5, 5.5, 4.5, 5.5], "texture": "#2"},
				"up": {"uv": [4.5, 5.5, 4.5, 5.5], "texture": "#2"},
				"down": {"uv": [4.5, 5.5, 4.5, 5.5], "texture": "#2"}
			}
		},
		{
			"from": [3.32774, 7.4884, -15.77953],
			"to": [12.68684, 8.51161, -14.70539],
			"rotation": {"angle": -22.5, "axis": "y", "origin": [8.00729, 2.23669, 7.87099]},
			"faces": {
				"north": {"uv": [4.5, 5.5, 4.5, 5.5], "texture": "#2"},
				"east": {"uv": [4.5, 5.5, 4.5, 5.5], "texture": "#2"},
				"south": {"uv": [4.5, 5.5, 4.5, 5.5], "texture": "#2"},
				"west": {"uv": [4.5, 5.5, 4.5, 5.5], "texture": "#2"},
				"up": {"uv": [4.5, 5.5, 4.5, 5.5], "texture": "#2"},
				"down": {"uv": [4.5, 5.5, 4.5, 5.5], "texture": "#2"}
			}
		},
		{
			"from": [-15.64323, 7.4884, 3.19144],
			"to": [-14.56908, 8.51161, 12.55054],
			"rotation": {"angle": 45, "axis": "y", "origin": [8.00729, 2.23669, 7.87099]},
			"faces": {
				"north": {"uv": [4.5, 5.5, 4.5, 5.5], "rotation": 90, "texture": "#2"},
				"east": {"uv": [4.5, 5.5, 4.5, 5.5], "rotation": 90, "texture": "#2"},
				"south": {"uv": [4.5, 5.5, 4.5, 5.5], "rotation": 90, "texture": "#2"},
				"west": {"uv": [4.5, 5.5, 4.5, 5.5], "rotation": 90, "texture": "#2"},
				"up": {"uv": [4.5, 5.5, 4.5, 5.5], "rotation": 90, "texture": "#2"},
				"down": {"uv": [4.5, 5.5, 4.5, 5.5], "rotation": 90, "texture": "#2"}
			}
		},
		{
			"from": [30.58367, 7.4884, 3.19144],
			"to": [31.65781, 8.51161, 12.55054],
			"rotation": {"angle": 45, "axis": "y", "origin": [8.00729, 2.23669, 7.87099]},
			"faces": {
				"north": {"uv": [4.5, 5.5, 4.5, 5.5], "rotation": 90, "texture": "#2"},
				"east": {"uv": [4.5, 5.5, 4.5, 5.5], "rotation": 90, "texture": "#2"},
				"south": {"uv": [4.5, 5.5, 4.5, 5.5], "rotation": 90, "texture": "#2"},
				"west": {"uv": [4.5, 5.5, 4.5, 5.5], "rotation": 90, "texture": "#2"},
				"up": {"uv": [4.5, 5.5, 4.5, 5.5], "rotation": 90, "texture": "#2"},
				"down": {"uv": [4.5, 5.5, 4.5, 5.5], "rotation": 90, "texture": "#2"}
			}
		},
		{
			"from": [29.22908, 7.7254, 3.35623],
			"to": [30.70538, 8.2746, 12.27043],
			"rotation": {"angle": -22.5, "axis": "y", "origin": [8.00729, 2.23669, 7.87165]},
			"faces": {
				"north": {"uv": [4.5, 6.5, 4.5, 6.5], "rotation": 270, "texture": "#2"},
				"east": {"uv": [4.5, 6.5, 4.5, 6.5], "rotation": 270, "texture": "#2"},
				"south": {"uv": [4.5, 6.5, 4.5, 6.5], "rotation": 270, "texture": "#2"},
				"west": {"uv": [4.5, 6.5, 4.5, 6.5], "rotation": 270, "texture": "#2"},
				"up": {"uv": [4.5, 6.5, 4.5, 6.5], "rotation": 270, "texture": "#2"},
				"down": {"uv": [4.5, 6.5, 4.5, 6.5], "rotation": 270, "texture": "#2"}
			}
		},
		{
			"from": [-14.9241, 7.7254, 3.47288],
			"to": [-13.2145, 8.2746, 12.85368],
			"rotation": {"angle": -22.5, "axis": "y", "origin": [8.00729, 2.23669, 7.87165]},
			"faces": {
				"north": {"uv": [4.5, 6.5, 4.5, 6.5], "rotation": 270, "texture": "#2"},
				"east": {"uv": [4.5, 6.5, 4.5, 6.5], "rotation": 270, "texture": "#2"},
				"south": {"uv": [4.5, 6.5, 4.5, 6.5], "rotation": 270, "texture": "#2"},
				"west": {"uv": [4.5, 6.5, 4.5, 6.5], "rotation": 270, "texture": "#2"},
				"up": {"uv": [4.5, 6.5, 4.5, 6.5], "rotation": 270, "texture": "#2"},
				"down": {"uv": [4.5, 6.5, 4.5, 6.5], "rotation": 270, "texture": "#2"}
			}
		},
		{
			"from": [-14.6908, 7.7254, 2.88963],
			"to": [-13.2145, 8.2746, 12.97033],
			"rotation": {"angle": -45, "axis": "y", "origin": [8.00729, 2.23669, 7.87165]},
			"faces": {
				"north": {"uv": [4.5, 6.5, 4.5, 6.5], "rotation": 270, "texture": "#2"},
				"east": {"uv": [4.5, 6.5, 4.5, 6.5], "rotation": 270, "texture": "#2"},
				"south": {"uv": [4.5, 6.5, 4.5, 6.5], "rotation": 270, "texture": "#2"},
				"west": {"uv": [4.5, 6.5, 4.5, 6.5], "rotation": 270, "texture": "#2"},
				"up": {"uv": [4.5, 6.5, 4.5, 6.5], "rotation": 270, "texture": "#2"},
				"down": {"uv": [4.5, 6.5, 4.5, 6.5], "rotation": 270, "texture": "#2"}
			}
		},
		{
			"from": [29.22908, 7.7254, 2.77298],
			"to": [30.70538, 8.2746, 12.85368],
			"rotation": {"angle": -45, "axis": "y", "origin": [8.00729, 2.23669, 7.87165]},
			"faces": {
				"north": {"uv": [4.5, 6.5, 4.5, 6.5], "rotation": 270, "texture": "#2"},
				"east": {"uv": [4.5, 6.5, 4.5, 6.5], "rotation": 270, "texture": "#2"},
				"south": {"uv": [4.5, 6.5, 4.5, 6.5], "rotation": 270, "texture": "#2"},
				"west": {"uv": [4.5, 6.5, 4.5, 6.5], "rotation": 270, "texture": "#2"},
				"up": {"uv": [4.5, 6.5, 4.5, 6.5], "rotation": 270, "texture": "#2"},
				"down": {"uv": [4.5, 6.5, 4.5, 6.5], "rotation": 270, "texture": "#2"}
			}
		},
		{
			"from": [3.37522, 7.7254, 29.09344],
			"to": [12.40607, 8.2746, 30.45309],
			"rotation": {"angle": 22.5, "axis": "y", "origin": [8.00729, 2.23669, 7.87165]},
			"faces": {
				"north": {"uv": [4.5, 6.5, 4.5, 6.5], "texture": "#2"},
				"east": {"uv": [4.5, 6.5, 4.5, 6.5], "texture": "#2"},
				"south": {"uv": [4.5, 6.5, 4.5, 6.5], "texture": "#2"},
				"west": {"uv": [4.5, 6.5, 4.5, 6.5], "texture": "#2"},
				"up": {"uv": [4.5, 6.5, 4.5, 6.5], "texture": "#2"},
				"down": {"uv": [4.5, 6.5, 4.5, 6.5], "texture": "#2"}
			}
		},
		{
			"from": [3.60852, 7.7254, -14.82644],
			"to": [12.63937, 8.2746, -13.35014],
			"rotation": {"angle": 22.5, "axis": "y", "origin": [8.00729, 2.23669, 7.87165]},
			"faces": {
				"north": {"uv": [4.5, 6.5, 4.5, 6.5], "texture": "#2"},
				"east": {"uv": [4.5, 6.5, 4.5, 6.5], "texture": "#2"},
				"south": {"uv": [4.5, 6.5, 4.5, 6.5], "texture": "#2"},
				"west": {"uv": [4.5, 6.5, 4.5, 6.5], "texture": "#2"},
				"up": {"uv": [4.5, 6.5, 4.5, 6.5], "texture": "#2"},
				"down": {"uv": [4.5, 6.5, 4.5, 6.5], "texture": "#2"}
			}
		},
		{
			"from": [3.60852, 7.7254, -14.82644],
			"to": [12.40607, 8.2746, -13.35014],
			"rotation": {"angle": 0, "axis": "y", "origin": [8.00729, 2.23669, 7.87165]},
			"faces": {
				"north": {"uv": [4.5, 6.5, 4.5, 6.5], "texture": "#2"},
				"east": {"uv": [4.5, 6.5, 4.5, 6.5], "texture": "#2"},
				"south": {"uv": [4.5, 6.5, 4.5, 6.5], "texture": "#2"},
				"west": {"uv": [4.5, 6.5, 4.5, 6.5], "texture": "#2"},
				"up": {"uv": [4.5, 6.5, 4.5, 6.5], "texture": "#2"},
				"down": {"uv": [4.5, 6.5, 4.5, 6.5], "texture": "#2"}
			}
		},
		{
			"from": [3.60852, 7.7254, 29.09344],
			"to": [12.40607, 8.2746, 30.45309],
			"rotation": {"angle": 0, "axis": "y", "origin": [8.00729, 2.23669, 7.87165]},
			"faces": {
				"north": {"uv": [4.5, 6.5, 4.5, 6.5], "texture": "#2"},
				"east": {"uv": [4.5, 6.5, 4.5, 6.5], "texture": "#2"},
				"south": {"uv": [4.5, 6.5, 4.5, 6.5], "texture": "#2"},
				"west": {"uv": [4.5, 6.5, 4.5, 6.5], "texture": "#2"},
				"up": {"uv": [4.5, 6.5, 4.5, 6.5], "texture": "#2"},
				"down": {"uv": [4.5, 6.5, 4.5, 6.5], "texture": "#2"}
			}
		},
		{
			"from": [7.50244, 7.7254, -10.55891],
			"to": [8.51214, 8.2746, 29.54141],
			"rotation": {"angle": 22.5, "axis": "y", "origin": [8.00729, 2.22164, 29.59829]},
			"faces": {
				"north": {"uv": [4.5, 6.5, 4.5, 6.5], "rotation": 90, "texture": "#2"},
				"east": {"uv": [4.5, 6.5, 4.5, 6.5], "rotation": 90, "texture": "#2"},
				"south": {"uv": [4.5, 6.5, 4.5, 6.5], "rotation": 90, "texture": "#2"},
				"west": {"uv": [4.5, 6.5, 4.5, 6.5], "rotation": 90, "texture": "#2"},
				"up": {"uv": [4.5, 6.5, 4.5, 6.5], "rotation": 90, "texture": "#2"},
				"down": {"uv": [4.5, 6.5, 4.5, 6.5], "rotation": 90, "texture": "#2"}
			}
		},
		{
			"from": [-11.97981, 7.7254, -0.90449],
			"to": [28.12052, 8.2746, 0.1052],
			"rotation": {"angle": 22.5, "axis": "y", "origin": [8.00729, 2.22164, 7.90284]},
			"faces": {
				"north": {"uv": [4.5, 6.5, 4.5, 6.5], "texture": "#2"},
				"east": {"uv": [4.5, 6.5, 4.5, 6.5], "texture": "#2"},
				"south": {"uv": [4.5, 6.5, 4.5, 6.5], "texture": "#2"},
				"west": {"uv": [4.5, 6.5, 4.5, 6.5], "texture": "#2"},
				"up": {"uv": [4.5, 6.5, 4.5, 6.5], "texture": "#2"},
				"down": {"uv": [4.5, 6.5, 4.5, 6.5], "texture": "#2"}
			}
		},
		{
			"from": [14.61136, 7.7254, -12.32167],
			"to": [15.62105, 8.2746, 27.77865],
			"rotation": {"angle": 22.5, "axis": "y", "origin": [8.00729, 2.22164, 4.78388]},
			"faces": {
				"north": {"uv": [4.5, 6.5, 4.5, 6.5], "rotation": 270, "texture": "#2"},
				"east": {"uv": [4.5, 6.5, 4.5, 6.5], "rotation": 270, "texture": "#2"},
				"south": {"uv": [4.5, 6.5, 4.5, 6.5], "rotation": 270, "texture": "#2"},
				"west": {"uv": [4.5, 6.5, 4.5, 6.5], "rotation": 270, "texture": "#2"},
				"up": {"uv": [4.5, 6.5, 4.5, 6.5], "rotation": 270, "texture": "#2"},
				"down": {"uv": [4.5, 6.5, 4.5, 6.5], "rotation": 270, "texture": "#2"}
			}
		},
		{
			"from": [-12.10593, 7.7254, 15.70049],
			"to": [27.99439, 8.2746, 16.71018],
			"rotation": {"angle": 22.5, "axis": "y", "origin": [8.00729, 2.22164, 7.90284]},
			"faces": {
				"north": {"uv": [4.5, 6.5, 4.5, 6.5], "rotation": 180, "texture": "#2"},
				"east": {"uv": [4.5, 6.5, 4.5, 6.5], "rotation": 180, "texture": "#2"},
				"south": {"uv": [4.5, 6.5, 4.5, 6.5], "rotation": 180, "texture": "#2"},
				"west": {"uv": [4.5, 6.5, 4.5, 6.5], "rotation": 180, "texture": "#2"},
				"up": {"uv": [4.5, 6.5, 4.5, 6.5], "rotation": 180, "texture": "#2"},
				"down": {"uv": [4.5, 6.5, 4.5, 6.5], "rotation": 180, "texture": "#2"}
			}
		},
		{
			"from": [7.50244, 7.7254, -10.55891],
			"to": [8.51214, 8.2746, 29.54141],
			"rotation": {"angle": -22.5, "axis": "y", "origin": [8.00729, 2.22164, 29.59829]},
			"faces": {
				"north": {"uv": [4.5, 6.5, 4.5, 6.5], "rotation": 90, "texture": "#2"},
				"east": {"uv": [4.5, 6.5, 4.5, 6.5], "rotation": 90, "texture": "#2"},
				"south": {"uv": [4.5, 6.5, 4.5, 6.5], "rotation": 90, "texture": "#2"},
				"west": {"uv": [4.5, 6.5, 4.5, 6.5], "rotation": 90, "texture": "#2"},
				"up": {"uv": [4.5, 6.5, 4.5, 6.5], "rotation": 90, "texture": "#2"},
				"down": {"uv": [4.5, 6.5, 4.5, 6.5], "rotation": 90, "texture": "#2"}
			}
		},
		{
			"from": [-11.97981, 7.7254, 15.70049],
			"to": [28.12052, 8.2746, 16.71018],
			"rotation": {"angle": -22.5, "axis": "y", "origin": [8.00729, 2.22164, 7.90284]},
			"faces": {
				"north": {"uv": [4.5, 6.5, 4.5, 6.5], "texture": "#2"},
				"east": {"uv": [4.5, 6.5, 4.5, 6.5], "texture": "#2"},
				"south": {"uv": [4.5, 6.5, 4.5, 6.5], "texture": "#2"},
				"west": {"uv": [4.5, 6.5, 4.5, 6.5], "texture": "#2"},
				"up": {"uv": [4.5, 6.5, 4.5, 6.5], "texture": "#2"},
				"down": {"uv": [4.5, 6.5, 4.5, 6.5], "texture": "#2"}
			}
		},
		{
			"from": [0.39353, 7.7254, -12.32167],
			"to": [1.40322, 8.2746, 27.77865],
			"rotation": {"angle": -22.5, "axis": "y", "origin": [8.00729, 2.22164, 4.78388]},
			"faces": {
				"north": {"uv": [4.5, 6.5, 4.5, 6.5], "rotation": 270, "texture": "#2"},
				"east": {"uv": [4.5, 6.5, 4.5, 6.5], "rotation": 270, "texture": "#2"},
				"south": {"uv": [4.5, 6.5, 4.5, 6.5], "rotation": 270, "texture": "#2"},
				"west": {"uv": [4.5, 6.5, 4.5, 6.5], "rotation": 270, "texture": "#2"},
				"up": {"uv": [4.5, 6.5, 4.5, 6.5], "rotation": 270, "texture": "#2"},
				"down": {"uv": [4.5, 6.5, 4.5, 6.5], "rotation": 270, "texture": "#2"}
			}
		},
		{
			"from": [-12.10593, 7.7254, -0.90449],
			"to": [27.99439, 8.2746, 0.1052],
			"rotation": {"angle": -22.5, "axis": "y", "origin": [8.00729, 2.22164, 7.90284]},
			"faces": {
				"north": {"uv": [4.5, 6.5, 4.5, 6.5], "rotation": 180, "texture": "#2"},
				"east": {"uv": [4.5, 6.5, 4.5, 6.5], "rotation": 180, "texture": "#2"},
				"south": {"uv": [4.5, 6.5, 4.5, 6.5], "rotation": 180, "texture": "#2"},
				"west": {"uv": [4.5, 6.5, 4.5, 6.5], "rotation": 180, "texture": "#2"},
				"up": {"uv": [4.5, 6.5, 4.5, 6.5], "rotation": 180, "texture": "#2"},
				"down": {"uv": [4.5, 6.5, 4.5, 6.5], "rotation": 180, "texture": "#2"}
			}
		},
		{
			"from": [29.22908, 7.7254, 3.47288],
			"to": [30.70538, 8.2746, 12.27043],
			"rotation": {"angle": 0, "axis": "y", "origin": [8.00729, 2.23669, 7.87165]},
			"faces": {
				"north": {"uv": [4.5, 6.5, 4.5, 6.5], "rotation": 90, "texture": "#2"},
				"east": {"uv": [4.5, 6.5, 4.5, 6.5], "rotation": 90, "texture": "#2"},
				"south": {"uv": [4.5, 6.5, 4.5, 6.5], "rotation": 90, "texture": "#2"},
				"west": {"uv": [4.5, 6.5, 4.5, 6.5], "rotation": 90, "texture": "#2"},
				"up": {"uv": [4.5, 6.5, 4.5, 6.5], "rotation": 90, "texture": "#2"},
				"down": {"uv": [4.5, 6.5, 4.5, 6.5], "rotation": 90, "texture": "#2"}
			}
		},
		{
			"from": [-14.9241, 7.7254, 3.47288],
			"to": [-13.2145, 8.2746, 12.27043],
			"rotation": {"angle": 0, "axis": "y", "origin": [8.00729, 2.23669, 7.87165]},
			"faces": {
				"north": {"uv": [4.5, 6.5, 4.5, 6.5], "rotation": 90, "texture": "#2"},
				"east": {"uv": [4.5, 6.5, 4.5, 6.5], "rotation": 90, "texture": "#2"},
				"south": {"uv": [4.5, 6.5, 4.5, 6.5], "rotation": 90, "texture": "#2"},
				"west": {"uv": [4.5, 6.5, 4.5, 6.5], "rotation": 90, "texture": "#2"},
				"up": {"uv": [4.5, 6.5, 4.5, 6.5], "rotation": 90, "texture": "#2"},
				"down": {"uv": [4.5, 6.5, 4.5, 6.5], "rotation": 90, "texture": "#2"}
			}
		},
		{
			"from": [29.22908, 7.7254, 3.47288],
			"to": [30.70538, 8.2746, 12.62038],
			"rotation": {"angle": 22.5, "axis": "y", "origin": [8.00729, 2.23669, 7.87165]},
			"faces": {
				"north": {"uv": [4.5, 6.5, 4.5, 6.5], "rotation": 90, "texture": "#2"},
				"east": {"uv": [4.5, 6.5, 4.5, 6.5], "rotation": 90, "texture": "#2"},
				"south": {"uv": [4.5, 6.5, 4.5, 6.5], "rotation": 90, "texture": "#2"},
				"west": {"uv": [4.5, 6.5, 4.5, 6.5], "rotation": 90, "texture": "#2"},
				"up": {"uv": [4.5, 6.5, 4.5, 6.5], "rotation": 90, "texture": "#2"},
				"down": {"uv": [4.5, 6.5, 4.5, 6.5], "rotation": 90, "texture": "#2"}
			}
		},
		{
			"from": [-14.9241, 7.7254, 3.00628],
			"to": [-13.2145, 8.2746, 12.27043],
			"rotation": {"angle": 22.5, "axis": "y", "origin": [8.00729, 2.23669, 7.87165]},
			"faces": {
				"north": {"uv": [4.5, 6.5, 4.5, 6.5], "rotation": 90, "texture": "#2"},
				"east": {"uv": [4.5, 6.5, 4.5, 6.5], "rotation": 90, "texture": "#2"},
				"south": {"uv": [4.5, 6.5, 4.5, 6.5], "rotation": 90, "texture": "#2"},
				"west": {"uv": [4.5, 6.5, 4.5, 6.5], "rotation": 90, "texture": "#2"},
				"up": {"uv": [4.5, 6.5, 4.5, 6.5], "rotation": 90, "texture": "#2"},
				"down": {"uv": [4.5, 6.5, 4.5, 6.5], "rotation": 90, "texture": "#2"}
			}
		},
		{
			"from": [3.60852, 7.7254, 29.09344],
			"to": [12.75602, 8.2746, 30.45309],
			"rotation": {"angle": -22.5, "axis": "y", "origin": [8.00729, 2.23669, 7.87165]},
			"faces": {
				"north": {"uv": [4.5, 6.5, 4.5, 6.5], "texture": "#2"},
				"east": {"uv": [4.5, 6.5, 4.5, 6.5], "texture": "#2"},
				"south": {"uv": [4.5, 6.5, 4.5, 6.5], "texture": "#2"},
				"west": {"uv": [4.5, 6.5, 4.5, 6.5], "texture": "#2"},
				"up": {"uv": [4.5, 6.5, 4.5, 6.5], "texture": "#2"},
				"down": {"uv": [4.5, 6.5, 4.5, 6.5], "texture": "#2"}
			}
		},
		{
			"from": [3.14192, 7.7254, -14.82644],
			"to": [12.40607, 8.2746, -13.35014],
			"rotation": {"angle": -22.5, "axis": "y", "origin": [8.00729, 2.23669, 7.87165]},
			"faces": {
				"north": {"uv": [4.5, 6.5, 4.5, 6.5], "texture": "#2"},
				"east": {"uv": [4.5, 6.5, 4.5, 6.5], "texture": "#2"},
				"south": {"uv": [4.5, 6.5, 4.5, 6.5], "texture": "#2"},
				"west": {"uv": [4.5, 6.5, 4.5, 6.5], "texture": "#2"},
				"up": {"uv": [4.5, 6.5, 4.5, 6.5], "texture": "#2"},
				"down": {"uv": [4.5, 6.5, 4.5, 6.5], "texture": "#2"}
			}
		},
		{
			"from": [-14.6908, 7.7254, 3.12293],
			"to": [-13.2145, 8.2746, 12.50373],
			"rotation": {"angle": 45, "axis": "y", "origin": [8.00729, 2.23669, 7.87165]},
			"faces": {
				"north": {"uv": [4.5, 6.5, 4.5, 6.5], "rotation": 90, "texture": "#2"},
				"east": {"uv": [4.5, 6.5, 4.5, 6.5], "rotation": 90, "texture": "#2"},
				"south": {"uv": [4.5, 6.5, 4.5, 6.5], "rotation": 90, "texture": "#2"},
				"west": {"uv": [4.5, 6.5, 4.5, 6.5], "rotation": 90, "texture": "#2"},
				"up": {"uv": [4.5, 6.5, 4.5, 6.5], "rotation": 90, "texture": "#2"},
				"down": {"uv": [4.5, 6.5, 4.5, 6.5], "rotation": 90, "texture": "#2"}
			}
		},
		{
			"from": [29.22908, 7.7254, 2.77298],
			"to": [30.82203, 8.2746, 12.73703],
			"rotation": {"angle": 45, "axis": "y", "origin": [8.00729, 2.23669, 7.87165]},
			"faces": {
				"north": {"uv": [4.5, 6.5, 4.5, 6.5], "rotation": 90, "texture": "#2"},
				"east": {"uv": [4.5, 6.5, 4.5, 6.5], "rotation": 90, "texture": "#2"},
				"south": {"uv": [4.5, 6.5, 4.5, 6.5], "rotation": 90, "texture": "#2"},
				"west": {"uv": [4.5, 6.5, 4.5, 6.5], "rotation": 90, "texture": "#2"},
				"up": {"uv": [4.5, 6.5, 4.5, 6.5], "rotation": 90, "texture": "#2"},
				"down": {"uv": [4.5, 6.5, 4.5, 6.5], "rotation": 90, "texture": "#2"}
			}
		}
	],
	"display": {
		"thirdperson_righthand": {
			"translation": [-3.75, -6, -2.5]
		},
		"thirdperson_lefthand": {
			"translation": [2.5, -6, -2.5],
			"scale": [2, 2, 2]
		},
		"firstperson_righthand": {
			"rotation": [-7, 0, 0],
			"translation": [-4, 4, 3]
		},
		"firstperson_lefthand": {
			"rotation": [-7, 0, 0],
			"translation": [-2, 3, 3.5]
		},
		"ground": {
			"translation": [-8.25, 25.75, -7.75],
			"scale": [4, 4, 4]
		},
		"gui": {
			"rotation": [-90, -136, -90],
			"translation": [3, 0, -10]
		},
		"head": {
			"translation": [0, -6.4, 0],
			"scale": [4, 4, 4]
		},
		"fixed": {
			"rotation": [0, 0, -45],
			"translation": [-6, 2.75, -10],
			"scale": [4, 4, 4]
		}
	},
	"groups": [
		{
			"name": "group",
			"origin": [9.7221, 0.06349, 9.90476],
			"children": [0, 1, 2, 3, 4, 5, 6, 7, 8, 9, 10, 11, 12, 13, 14, 15, 16, 17, 18, 19, 20, 21, 22, 23]
		},
		{
			"name": "group",
			"origin": [9.7221, 0.06349, 9.90476],
			"children": [24, 25, 26, 27, 28, 29, 30, 31, 32, 33, 34, 35, 36, 37, 38, 39, 40, 41, 42, 43, 44, 45, 46, 47]
		}
	]
}