{
	"credit": "Made with Blockbench",
	"textures": {
		"0": "block/red_concrete_powder",
		"1": "block/red_concrete",
		"particle": "block/red_concrete_powder"
	},
	"elements": [
		{
			"from": [-12.43276, -15.12673, 3.91345],
			"to": [28.43276, -14.98385, 12.08655],
			"rotation": {"angle": 0, "axis": "y", "origin": [8, -14.26942, 8]},
			"faces": {
				"north": {"uv": [5, 2, 6, 3], "texture": "#0"},
				"east": {"uv": [5, 2, 6, 3], "texture": "#0"},
				"south": {"uv": [5, 2, 6, 3], "texture": "#0"},
				"west": {"uv": [5, 2, 6, 3], "texture": "#0"},
				"up": {"uv": [5, 2, 6, 3], "texture": "#0"},
				"down": {"uv": [5, 2, 6, 3], "texture": "#0"}
			}
		},
		{
			"from": [-12.43276, -15.12673, 3.91345],
			"to": [28.43276, -14.98385, 12.08655],
			"rotation": {"angle": 22.5, "axis": "y", "origin": [8, -14.26942, 8]},
			"faces": {
				"north": {"uv": [5, 2, 6, 3], "texture": "#0"},
				"east": {"uv": [5, 2, 6, 3], "texture": "#0"},
				"south": {"uv": [5, 2, 6, 3], "texture": "#0"},
				"west": {"uv": [5, 2, 6, 3], "texture": "#0"},
				"up": {"uv": [5, 2, 6, 3], "texture": "#0"},
				"down": {"uv": [5, 2, 6, 3], "texture": "#0"}
			}
		},
		{
			"from": [-12.43276, -15.12673, 3.91345],
			"to": [28.43276, -14.98385, 12.08655],
			"rotation": {"angle": 45, "axis": "y", "origin": [8, -14.26942, 8]},
			"faces": {
				"north": {"uv": [5, 2, 6, 3], "texture": "#0"},
				"east": {"uv": [5, 2, 6, 3], "texture": "#0"},
				"south": {"uv": [5, 2, 6, 3], "texture": "#0"},
				"west": {"uv": [5, 2, 6, 3], "texture": "#0"},
				"up": {"uv": [5, 2, 6, 3], "texture": "#0"},
				"down": {"uv": [5, 2, 6, 3], "texture": "#0"}
			}
		},
		{
			"from": [3.91345, -15.12673, -12.43276],
			"to": [12.08655, -14.98385, 28.43276],
			"rotation": {"angle": -22.5, "axis": "y", "origin": [8, -14.26942, 8]},
			"faces": {
				"north": {"uv": [5, 2, 6, 3], "texture": "#0"},
				"east": {"uv": [5, 2, 6, 3], "texture": "#0"},
				"south": {"uv": [5, 2, 6, 3], "texture": "#0"},
				"west": {"uv": [5, 2, 6, 3], "texture": "#0"},
				"up": {"uv": [5, 2, 6, 3], "texture": "#0"},
				"down": {"uv": [5, 2, 6, 3], "texture": "#0"}
			}
		},
		{
			"from": [3.91345, -15.12673, -12.43276],
			"to": [12.08655, -14.98385, 28.43276],
			"rotation": {"angle": 0, "axis": "y", "origin": [8, -14.26942, 8]},
			"faces": {
				"north": {"uv": [5, 2, 6, 3], "texture": "#0"},
				"east": {"uv": [5, 2, 6, 3], "texture": "#0"},
				"south": {"uv": [5, 2, 6, 3], "texture": "#0"},
				"west": {"uv": [5, 2, 6, 3], "texture": "#0"},
				"up": {"uv": [5, 2, 6, 3], "texture": "#0"},
				"down": {"uv": [5, 2, 6, 3], "texture": "#0"}
			}
		},
		{
			"from": [3.91345, -15.12673, -12.43276],
			"to": [12.08655, -14.98385, 28.43276],
			"rotation": {"angle": 22.5, "axis": "y", "origin": [8, -14.26942, 8]},
			"faces": {
				"north": {"uv": [5, 2, 6, 3], "texture": "#0"},
				"east": {"uv": [5, 2, 6, 3], "texture": "#0"},
				"south": {"uv": [5, 2, 6, 3], "texture": "#0"},
				"west": {"uv": [5, 2, 6, 3], "texture": "#0"},
				"up": {"uv": [5, 2, 6, 3], "texture": "#0"},
				"down": {"uv": [5, 2, 6, 3], "texture": "#0"}
			}
		},
		{
			"from": [3.91345, -15.12673, -12.43276],
			"to": [12.08655, -14.98385, 28.43276],
			"rotation": {"angle": 45, "axis": "y", "origin": [8, -14.26942, 8]},
			"faces": {
				"north": {"uv": [5, 2, 6, 3], "texture": "#0"},
				"east": {"uv": [5, 2, 6, 3], "texture": "#0"},
				"south": {"uv": [5, 2, 6, 3], "texture": "#0"},
				"west": {"uv": [5, 2, 6, 3], "texture": "#0"},
				"up": {"uv": [5, 2, 6, 3], "texture": "#0"},
				"down": {"uv": [5, 2, 6, 3], "texture": "#0"}
			}
		},
		{
			"from": [-12.43276, -15.12673, 3.91345],
			"to": [28.43276, -14.98385, 12.08655],
			"rotation": {"angle": -22.5, "axis": "y", "origin": [8, -14.26942, 8]},
			"faces": {
				"north": {"uv": [5, 2, 6, 3], "texture": "#0"},
				"east": {"uv": [5, 2, 6, 3], "texture": "#0"},
				"south": {"uv": [5, 2, 6, 3], "texture": "#0"},
				"west": {"uv": [5, 2, 6, 3], "texture": "#0"},
				"up": {"uv": [5, 2, 6, 3], "texture": "#0"},
				"down": {"uv": [5, 2, 6, 3], "texture": "#0"}
			}
		},
		{
			"from": [-12.63708, -15.1253, 3.87259],
			"to": [-8.50967, -14.98242, 12.12741],
			"rotation": {"angle": 0, "axis": "y", "origin": [8, -14.26942, 8]},
			"faces": {
				"north": {"uv": [0, 0, 5, 0.1], "texture": "#1"},
				"east": {"uv": [0, 0, 1, 0.1], "texture": "#1"},
				"south": {"uv": [0, 0, 5, 0.1], "texture": "#1"},
				"west": {"uv": [0, 0, 1, 0.1], "texture": "#1"},
				"up": {"uv": [0, 0, 5, 1], "texture": "#1"},
				"down": {"uv": [0, 0, 5, 1], "texture": "#1"}
			}
		},
		{
			"from": [-12.63708, -15.1253, 3.87259],
			"to": [-8.50967, -14.98242, 12.12741],
			"rotation": {"angle": 22.5, "axis": "y", "origin": [8, -14.26942, 8]},
			"faces": {
				"north": {"uv": [0, 0, 5, 0.1], "texture": "#1"},
				"east": {"uv": [0, 0, 1, 0.1], "texture": "#1"},
				"south": {"uv": [0, 0, 5, 0.1], "texture": "#1"},
				"west": {"uv": [0, 0, 1, 0.1], "texture": "#1"},
				"up": {"uv": [0, 0, 5, 1], "texture": "#1"},
				"down": {"uv": [0, 0, 5, 1], "texture": "#1"}
			}
		},
		{
			"from": [-12.63708, -15.1253, 3.87259],
			"to": [-8.50967, -14.98242, 12.12741],
			"rotation": {"angle": 45, "axis": "y", "origin": [8, -14.26942, 8]},
			"faces": {
				"north": {"uv": [0, 0, 5, 0.1], "texture": "#1"},
				"east": {"uv": [0, 0, 1, 0.1], "texture": "#1"},
				"south": {"uv": [0, 0, 5, 0.1], "texture": "#1"},
				"west": {"uv": [0, 0, 1, 0.1], "texture": "#1"},
				"up": {"uv": [0, 0, 5, 1], "texture": "#1"},
				"down": {"uv": [0, 0, 5, 1], "texture": "#1"}
			}
		},
		{
			"from": [3.87259, -15.1253, 24.50967],
			"to": [12.12741, -14.98242, 28.63708],
			"rotation": {"angle": -22.5, "axis": "y", "origin": [8, -14.26942, 8]},
			"faces": {
				"north": {"uv": [0, 0, 1, 0.1], "texture": "#1"},
				"east": {"uv": [0, 0, 5, 0.1], "texture": "#1"},
				"south": {"uv": [0, 0, 1, 0.1], "texture": "#1"},
				"west": {"uv": [0, 0, 5, 0.1], "texture": "#1"},
				"up": {"uv": [0, 0, 5, 1], "rotation": 270, "texture": "#1"},
				"down": {"uv": [0, 0, 5, 1], "rotation": 90, "texture": "#1"}
			}
		},
		{
			"from": [3.87259, -15.1253, 24.50967],
			"to": [12.12741, -14.98242, 28.63708],
			"rotation": {"angle": 0, "axis": "y", "origin": [8, -14.26942, 8]},
			"faces": {
				"north": {"uv": [0, 0, 1, 0.1], "texture": "#1"},
				"east": {"uv": [0, 0, 5, 0.1], "texture": "#1"},
				"south": {"uv": [0, 0, 1, 0.1], "texture": "#1"},
				"west": {"uv": [0, 0, 5, 0.1], "texture": "#1"},
				"up": {"uv": [0, 0, 5, 1], "rotation": 270, "texture": "#1"},
				"down": {"uv": [0, 0, 5, 1], "rotation": 90, "texture": "#1"}
			}
		},
		{
			"from": [3.87259, -15.1253, 24.50967],
			"to": [12.12741, -14.98242, 28.63708],
			"rotation": {"angle": 22.5, "axis": "y", "origin": [8, -14.26942, 8]},
			"faces": {
				"north": {"uv": [0, 0, 1, 0.1], "texture": "#1"},
				"east": {"uv": [0, 0, 5, 0.1], "texture": "#1"},
				"south": {"uv": [0, 0, 1, 0.1], "texture": "#1"},
				"west": {"uv": [0, 0, 5, 0.1], "texture": "#1"},
				"up": {"uv": [0, 0, 5, 1], "rotation": 270, "texture": "#1"},
				"down": {"uv": [0, 0, 5, 1], "rotation": 90, "texture": "#1"}
			}
		},
		{
			"from": [3.87259, -15.1253, 24.50967],
			"to": [12.12741, -14.98242, 28.63708],
			"rotation": {"angle": 45, "axis": "y", "origin": [8, -14.26942, 8]},
			"faces": {
				"north": {"uv": [0, 0, 1, 0.1], "texture": "#1"},
				"east": {"uv": [0, 0, 5, 0.1], "texture": "#1"},
				"south": {"uv": [0, 0, 1, 0.1], "texture": "#1"},
				"west": {"uv": [0, 0, 5, 0.1], "texture": "#1"},
				"up": {"uv": [0, 0, 5, 1], "rotation": 270, "texture": "#1"},
				"down": {"uv": [0, 0, 5, 1], "rotation": 90, "texture": "#1"}
			}
		},
		{
			"from": [24.50967, -15.1253, 3.87259],
			"to": [28.63708, -14.98242, 12.12741],
			"rotation": {"angle": -22.5, "axis": "y", "origin": [8, -14.26942, 8]},
			"faces": {
				"north": {"uv": [0, 0, 5, 0.1], "texture": "#1"},
				"east": {"uv": [0, 0, 1, 0.1], "texture": "#1"},
				"south": {"uv": [0, 0, 5, 0.1], "texture": "#1"},
				"west": {"uv": [0, 0, 1, 0.1], "texture": "#1"},
				"up": {"uv": [0, 0, 5, 1], "rotation": 180, "texture": "#1"},
				"down": {"uv": [0, 0, 5, 1], "rotation": 180, "texture": "#1"}
			}
		},
		{
			"from": [24.50967, -15.1253, 3.87259],
			"to": [28.63708, -14.98242, 12.12741],
			"rotation": {"angle": 0, "axis": "y", "origin": [8, -14.26942, 8]},
			"faces": {
				"north": {"uv": [0, 0, 5, 0.1], "texture": "#1"},
				"east": {"uv": [0, 0, 1, 0.1], "texture": "#1"},
				"south": {"uv": [0, 0, 5, 0.1], "texture": "#1"},
				"west": {"uv": [0, 0, 1, 0.1], "texture": "#1"},
				"up": {"uv": [0, 0, 5, 1], "rotation": 180, "texture": "#1"},
				"down": {"uv": [0, 0, 5, 1], "rotation": 180, "texture": "#1"}
			}
		},
		{
			"from": [24.50967, -15.1253, 3.87259],
			"to": [28.63708, -14.98242, 12.12741],
			"rotation": {"angle": 22.5, "axis": "y", "origin": [8, -14.26942, 8]},
			"faces": {
				"north": {"uv": [0, 0, 5, 0.1], "texture": "#1"},
				"east": {"uv": [0, 0, 1, 0.1], "texture": "#1"},
				"south": {"uv": [0, 0, 5, 0.1], "texture": "#1"},
				"west": {"uv": [0, 0, 1, 0.1], "texture": "#1"},
				"up": {"uv": [0, 0, 5, 1], "rotation": 180, "texture": "#1"},
				"down": {"uv": [0, 0, 5, 1], "rotation": 180, "texture": "#1"}
			}
		},
		{
			"from": [24.50967, -15.1253, 3.87259],
			"to": [28.63708, -14.98242, 12.12741],
			"rotation": {"angle": 45, "axis": "y", "origin": [8, -14.26942, 8]},
			"faces": {
				"north": {"uv": [0, 0, 5, 0.1], "texture": "#1"},
				"east": {"uv": [0, 0, 1, 0.1], "texture": "#1"},
				"south": {"uv": [0, 0, 5, 0.1], "texture": "#1"},
				"west": {"uv": [0, 0, 1, 0.1], "texture": "#1"},
				"up": {"uv": [0, 0, 5, 1], "rotation": 180, "texture": "#1"},
				"down": {"uv": [0, 0, 5, 1], "rotation": 180, "texture": "#1"}
			}
		},
		{
			"from": [3.87259, -15.1253, -12.63708],
			"to": [12.12741, -14.98242, -8.50967],
			"rotation": {"angle": -22.5, "axis": "y", "origin": [8, -14.26942, 8]},
			"faces": {
				"north": {"uv": [0, 0, 1, 0.1], "texture": "#1"},
				"east": {"uv": [0, 0, 5, 0.1], "texture": "#1"},
				"south": {"uv": [0, 0, 1, 0.1], "texture": "#1"},
				"west": {"uv": [0, 0, 5, 0.1], "texture": "#1"},
				"up": {"uv": [0, 0, 5, 1], "rotation": 90, "texture": "#1"},
				"down": {"uv": [0, 0, 5, 1], "rotation": 270, "texture": "#1"}
			}
		},
		{
			"from": [3.87259, -15.1253, -12.63708],
			"to": [12.12741, -14.98242, -8.50967],
			"rotation": {"angle": 0, "axis": "y", "origin": [8, -14.26942, 8]},
			"faces": {
				"north": {"uv": [0, 0, 1, 0.1], "texture": "#1"},
				"east": {"uv": [0, 0, 5, 0.1], "texture": "#1"},
				"south": {"uv": [0, 0, 1, 0.1], "texture": "#1"},
				"west": {"uv": [0, 0, 5, 0.1], "texture": "#1"},
				"up": {"uv": [0, 0, 5, 1], "rotation": 90, "texture": "#1"},
				"down": {"uv": [0, 0, 5, 1], "rotation": 270, "texture": "#1"}
			}
		},
		{
			"from": [3.87259, -15.1253, -12.63708],
			"to": [12.12741, -14.98242, -8.50967],
			"rotation": {"angle": 22.5, "axis": "y", "origin": [8, -14.26942, 8]},
			"faces": {
				"north": {"uv": [0, 0, 1, 0.1], "texture": "#1"},
				"east": {"uv": [0, 0, 5, 0.1], "texture": "#1"},
				"south": {"uv": [0, 0, 1, 0.1], "texture": "#1"},
				"west": {"uv": [0, 0, 5, 0.1], "texture": "#1"},
				"up": {"uv": [0, 0, 5, 1], "rotation": 90, "texture": "#1"},
				"down": {"uv": [0, 0, 5, 1], "rotation": 270, "texture": "#1"}
			}
		},
		{
			"from": [3.87259, -15.1253, -12.63708],
			"to": [12.12741, -14.98242, -8.50967],
			"rotation": {"angle": 45, "axis": "y", "origin": [8, -14.26942, 8]},
			"faces": {
				"north": {"uv": [0, 0, 1, 0.1], "texture": "#1"},
				"east": {"uv": [0, 0, 5, 0.1], "texture": "#1"},
				"south": {"uv": [0, 0, 1, 0.1], "texture": "#1"},
				"west": {"uv": [0, 0, 5, 0.1], "texture": "#1"},
				"up": {"uv": [0, 0, 5, 1], "rotation": 90, "texture": "#1"},
				"down": {"uv": [0, 0, 5, 1], "rotation": 270, "texture": "#1"}
			}
		},
		{
			"from": [-12.63708, -15.1253, 3.87259],
			"to": [-8.50967, -14.98242, 12.12741],
			"rotation": {"angle": -22.5, "axis": "y", "origin": [8, -14.26942, 8]},
			"faces": {
				"north": {"uv": [0, 0, 5, 0.1], "texture": "#1"},
				"east": {"uv": [0, 0, 1, 0.1], "texture": "#1"},
				"south": {"uv": [0, 0, 5, 0.1], "texture": "#1"},
				"west": {"uv": [0, 0, 1, 0.1], "texture": "#1"},
				"up": {"uv": [0, 0, 5, 1], "texture": "#1"},
				"down": {"uv": [0, 0, 5, 1], "texture": "#1"}
			}
		}
	],
	"display": {
		"head": {
			"translation": [0, -8.08, 0],
			"scale": [4, 1, 4]
		}
	},
	"groups": [
		{
			"name": "group",
			"origin": [8, -14.505, 8],
			"children": [0, 1, 2, 3, 4, 5, 6, 7]
		},
		{
			"name": "group",
			"origin": [8, -14.505, 8],
			"children": [8, 9, 10, 11, 12, 13, 14, 15, 16, 17, 18, 19, 20, 21, 22, 23]
		}
	]
}