{
	"credit": "Made with Blockbench",
	"textures": {
		"0": "block/red_concrete_powder",
		"1": "block/red_concrete",
		"particle": "block/red_concrete_powder"
	},
	"elements": [
		{
			"from": [1.565, -15.105, 6.713],
			"to": [14.435, -15.005, 9.287],
			"rotation": {"angle": 0, "axis": "y", "origin": [8, -14.505, 8]},
			"faces": {
				"north": {"uv": [5, 2, 6, 3], "texture": "#0"},
				"east": {"uv": [5, 2, 6, 3], "texture": "#0"},
				"south": {"uv": [5, 2, 6, 3], "texture": "#0"},
				"west": {"uv": [5, 2, 6, 3], "texture": "#0"},
				"up": {"uv": [5, 2, 6, 3], "texture": "#0"},
				"down": {"uv": [5, 2, 6, 3], "texture": "#0"}
			}
		},
		{
			"from": [1.565, -15.105, 6.713],
			"to": [14.435, -15.005, 9.287],
			"rotation": {"angle": 22.5, "axis": "y", "origin": [8, -14.505, 8]},
			"faces": {
				"north": {"uv": [5, 2, 6, 3], "texture": "#0"},
				"east": {"uv": [5, 2, 6, 3], "texture": "#0"},
				"south": {"uv": [5, 2, 6, 3], "texture": "#0"},
				"west": {"uv": [5, 2, 6, 3], "texture": "#0"},
				"up": {"uv": [5, 2, 6, 3], "texture": "#0"},
				"down": {"uv": [5, 2, 6, 3], "texture": "#0"}
			}
		},
		{
			"from": [1.565, -15.105, 6.713],
			"to": [14.435, -15.005, 9.287],
			"rotation": {"angle": 45, "axis": "y", "origin": [8, -14.505, 8]},
			"faces": {
				"north": {"uv": [5, 2, 6, 3], "texture": "#0"},
				"east": {"uv": [5, 2, 6, 3], "texture": "#0"},
				"south": {"uv": [5, 2, 6, 3], "texture": "#0"},
				"west": {"uv": [5, 2, 6, 3], "texture": "#0"},
				"up": {"uv": [5, 2, 6, 3], "texture": "#0"},
				"down": {"uv": [5, 2, 6, 3], "texture": "#0"}
			}
		},
		{
			"from": [6.713, -15.105, 1.565],
			"to": [9.287, -15.005, 14.435],
			"rotation": {"angle": -22.5, "axis": "y", "origin": [8, -14.505, 8]},
			"faces": {
				"north": {"uv": [5, 2, 6, 3], "texture": "#0"},
				"east": {"uv": [5, 2, 6, 3], "texture": "#0"},
				"south": {"uv": [5, 2, 6, 3], "texture": "#0"},
				"west": {"uv": [5, 2, 6, 3], "texture": "#0"},
				"up": {"uv": [5, 2, 6, 3], "texture": "#0"},
				"down": {"uv": [5, 2, 6, 3], "texture": "#0"}
			}
		},
		{
			"from": [6.713, -15.105, 1.565],
			"to": [9.287, -15.005, 14.435],
			"rotation": {"angle": 0, "axis": "y", "origin": [8, -14.505, 8]},
			"faces": {
				"north": {"uv": [5, 2, 6, 3], "texture": "#0"},
				"east": {"uv": [5, 2, 6, 3], "texture": "#0"},
				"south": {"uv": [5, 2, 6, 3], "texture": "#0"},
				"west": {"uv": [5, 2, 6, 3], "texture": "#0"},
				"up": {"uv": [5, 2, 6, 3], "texture": "#0"},
				"down": {"uv": [5, 2, 6, 3], "texture": "#0"}
			}
		},
		{
			"from": [6.713, -15.105, 1.565],
			"to": [9.287, -15.005, 14.435],
			"rotation": {"angle": 22.5, "axis": "y", "origin": [8, -14.505, 8]},
			"faces": {
				"north": {"uv": [5, 2, 6, 3], "texture": "#0"},
				"east": {"uv": [5, 2, 6, 3], "texture": "#0"},
				"south": {"uv": [5, 2, 6, 3], "texture": "#0"},
				"west": {"uv": [5, 2, 6, 3], "texture": "#0"},
				"up": {"uv": [5, 2, 6, 3], "texture": "#0"},
				"down": {"uv": [5, 2, 6, 3], "texture": "#0"}
			}
		},
		{
			"from": [6.713, -15.105, 1.565],
			"to": [9.287, -15.005, 14.435],
			"rotation": {"angle": 45, "axis": "y", "origin": [8, -14.505, 8]},
			"faces": {
				"north": {"uv": [5, 2, 6, 3], "texture": "#0"},
				"east": {"uv": [5, 2, 6, 3], "texture": "#0"},
				"south": {"uv": [5, 2, 6, 3], "texture": "#0"},
				"west": {"uv": [5, 2, 6, 3], "texture": "#0"},
				"up": {"uv": [5, 2, 6, 3], "texture": "#0"},
				"down": {"uv": [5, 2, 6, 3], "texture": "#0"}
			}
		},
		{
			"from": [1.565, -15.105, 6.713],
			"to": [14.435, -15.005, 9.287],
			"rotation": {"angle": -22.5, "axis": "y", "origin": [8, -14.505, 8]},
			"faces": {
				"north": {"uv": [5, 2, 6, 3], "texture": "#0"},
				"east": {"uv": [5, 2, 6, 3], "texture": "#0"},
				"south": {"uv": [5, 2, 6, 3], "texture": "#0"},
				"west": {"uv": [5, 2, 6, 3], "texture": "#0"},
				"up": {"uv": [5, 2, 6, 3], "texture": "#0"},
				"down": {"uv": [5, 2, 6, 3], "texture": "#0"}
			}
		},
		{
			"from": [1.46888, -15.104, 6.69378],
			"to": [4.0071, -15.004, 9.30622],
			"rotation": {"angle": 0, "axis": "y", "origin": [8, -14.505, 8]},
			"faces": {
				"north": {"uv": [0, 0, 5, 0.1], "texture": "#1"},
				"east": {"uv": [0, 0, 1, 0.1], "texture": "#1"},
				"south": {"uv": [0, 0, 5, 0.1], "texture": "#1"},
				"west": {"uv": [0, 0, 1, 0.1], "texture": "#1"},
				"up": {"uv": [0, 0, 5, 1], "texture": "#1"},
				"down": {"uv": [0, 0, 5, 1], "texture": "#1"}
			}
		},
		{
			"from": [1.46888, -15.104, 6.69378],
			"to": [4.0071, -15.004, 9.30622],
			"rotation": {"angle": 22.5, "axis": "y", "origin": [8, -14.505, 8]},
			"faces": {
				"north": {"uv": [0, 0, 5, 0.1], "texture": "#1"},
				"east": {"uv": [0, 0, 1, 0.1], "texture": "#1"},
				"south": {"uv": [0, 0, 5, 0.1], "texture": "#1"},
				"west": {"uv": [0, 0, 1, 0.1], "texture": "#1"},
				"up": {"uv": [0, 0, 5, 1], "texture": "#1"},
				"down": {"uv": [0, 0, 5, 1], "texture": "#1"}
			}
		},
		{
			"from": [1.46888, -15.104, 6.69378],
			"to": [4.0071, -15.004, 9.30622],
			"rotation": {"angle": 45, "axis": "y", "origin": [8, -14.505, 8]},
			"faces": {
				"north": {"uv": [0, 0, 5, 0.1], "texture": "#1"},
				"east": {"uv": [0, 0, 1, 0.1], "texture": "#1"},
				"south": {"uv": [0, 0, 5, 0.1], "texture": "#1"},
				"west": {"uv": [0, 0, 1, 0.1], "texture": "#1"},
				"up": {"uv": [0, 0, 5, 1], "texture": "#1"},
				"down": {"uv": [0, 0, 5, 1], "texture": "#1"}
			}
		},
		{
			"from": [6.69378, -15.104, 11.9929],
			"to": [9.30622, -15.004, 14.53112],
			"rotation": {"angle": -22.5, "axis": "y", "origin": [8, -14.505, 8]},
			"faces": {
				"north": {"uv": [0, 0, 1, 0.1], "texture": "#1"},
				"east": {"uv": [0, 0, 5, 0.1], "texture": "#1"},
				"south": {"uv": [0, 0, 1, 0.1], "texture": "#1"},
				"west": {"uv": [0, 0, 5, 0.1], "texture": "#1"},
				"up": {"uv": [0, 0, 5, 1], "rotation": 270, "texture": "#1"},
				"down": {"uv": [0, 0, 5, 1], "rotation": 90, "texture": "#1"}
			}
		},
		{
			"from": [6.69378, -15.104, 11.9929],
			"to": [9.30622, -15.004, 14.53112],
			"rotation": {"angle": 0, "axis": "y", "origin": [8, -14.505, 8]},
			"faces": {
				"north": {"uv": [0, 0, 1, 0.1], "texture": "#1"},
				"east": {"uv": [0, 0, 5, 0.1], "texture": "#1"},
				"south": {"uv": [0, 0, 1, 0.1], "texture": "#1"},
				"west": {"uv": [0, 0, 5, 0.1], "texture": "#1"},
				"up": {"uv": [0, 0, 5, 1], "rotation": 270, "texture": "#1"},
				"down": {"uv": [0, 0, 5, 1], "rotation": 90, "texture": "#1"}
			}
		},
		{
			"from": [6.69378, -15.104, 11.9929],
			"to": [9.30622, -15.004, 14.53112],
			"rotation": {"angle": 22.5, "axis": "y", "origin": [8, -14.505, 8]},
			"faces": {
				"north": {"uv": [0, 0, 1, 0.1], "texture": "#1"},
				"east": {"uv": [0, 0, 5, 0.1], "texture": "#1"},
				"south": {"uv": [0, 0, 1, 0.1], "texture": "#1"},
				"west": {"uv": [0, 0, 5, 0.1], "texture": "#1"},
				"up": {"uv": [0, 0, 5, 1], "rotation": 270, "texture": "#1"},
				"down": {"uv": [0, 0, 5, 1], "rotation": 90, "texture": "#1"}
			}
		},
		{
			"from": [6.69378, -15.104, 11.9929],
			"to": [9.30622, -15.004, 14.53112],
			"rotation": {"angle": 45, "axis": "y", "origin": [8, -14.505, 8]},
			"faces": {
				"north": {"uv": [0, 0, 1, 0.1], "texture": "#1"},
				"east": {"uv": [0, 0, 5, 0.1], "texture": "#1"},
				"south": {"uv": [0, 0, 1, 0.1], "texture": "#1"},
				"west": {"uv": [0, 0, 5, 0.1], "texture": "#1"},
				"up": {"uv": [0, 0, 5, 1], "rotation": 270, "texture": "#1"},
				"down": {"uv": [0, 0, 5, 1], "rotation": 90, "texture": "#1"}
			}
		},
		{
			"from": [11.9929, -15.104, 6.69378],
			"to": [14.53112, -15.004, 9.30622],
			"rotation": {"angle": -22.5, "axis": "y", "origin": [8, -14.505, 8]},
			"faces": {
				"north": {"uv": [0, 0, 5, 0.1], "texture": "#1"},
				"east": {"uv": [0, 0, 1, 0.1], "texture": "#1"},
				"south": {"uv": [0, 0, 5, 0.1], "texture": "#1"},
				"west": {"uv": [0, 0, 1, 0.1], "texture": "#1"},
				"up": {"uv": [0, 0, 5, 1], "rotation": 180, "texture": "#1"},
				"down": {"uv": [0, 0, 5, 1], "rotation": 180, "texture": "#1"}
			}
		},
		{
			"from": [11.9929, -15.104, 6.69378],
			"to": [14.53112, -15.004, 9.30622],
			"rotation": {"angle": 0, "axis": "y", "origin": [8, -14.505, 8]},
			"faces": {
				"north": {"uv": [0, 0, 5, 0.1], "texture": "#1"},
				"east": {"uv": [0, 0, 1, 0.1], "texture": "#1"},
				"south": {"uv": [0, 0, 5, 0.1], "texture": "#1"},
				"west": {"uv": [0, 0, 1, 0.1], "texture": "#1"},
				"up": {"uv": [0, 0, 5, 1], "rotation": 180, "texture": "#1"},
				"down": {"uv": [0, 0, 5, 1], "rotation": 180, "texture": "#1"}
			}
		},
		{
			"from": [11.9929, -15.104, 6.69378],
			"to": [14.53112, -15.004, 9.30622],
			"rotation": {"angle": 22.5, "axis": "y", "origin": [8, -14.505, 8]},
			"faces": {
				"north": {"uv": [0, 0, 5, 0.1], "texture": "#1"},
				"east": {"uv": [0, 0, 1, 0.1], "texture": "#1"},
				"south": {"uv": [0, 0, 5, 0.1], "texture": "#1"},
				"west": {"uv": [0, 0, 1, 0.1], "texture": "#1"},
				"up": {"uv": [0, 0, 5, 1], "rotation": 180, "texture": "#1"},
				"down": {"uv": [0, 0, 5, 1], "rotation": 180, "texture": "#1"}
			}
		},
		{
			"from": [11.9929, -15.104, 6.69378],
			"to": [14.53112, -15.004, 9.30622],
			"rotation": {"angle": 45, "axis": "y", "origin": [8, -14.505, 8]},
			"faces": {
				"north": {"uv": [0, 0, 5, 0.1], "texture": "#1"},
				"east": {"uv": [0, 0, 1, 0.1], "texture": "#1"},
				"south": {"uv": [0, 0, 5, 0.1], "texture": "#1"},
				"west": {"uv": [0, 0, 1, 0.1], "texture": "#1"},
				"up": {"uv": [0, 0, 5, 1], "rotation": 180, "texture": "#1"},
				"down": {"uv": [0, 0, 5, 1], "rotation": 180, "texture": "#1"}
			}
		},
		{
			"from": [6.69378, -15.104, 1.46888],
			"to": [9.30622, -15.004, 4.0071],
			"rotation": {"angle": -22.5, "axis": "y", "origin": [8, -14.505, 8]},
			"faces": {
				"north": {"uv": [0, 0, 1, 0.1], "texture": "#1"},
				"east": {"uv": [0, 0, 5, 0.1], "texture": "#1"},
				"south": {"uv": [0, 0, 1, 0.1], "texture": "#1"},
				"west": {"uv": [0, 0, 5, 0.1], "texture": "#1"},
				"up": {"uv": [0, 0, 5, 1], "rotation": 90, "texture": "#1"},
				"down": {"uv": [0, 0, 5, 1], "rotation": 270, "texture": "#1"}
			}
		},
		{
			"from": [6.69378, -15.104, 1.46888],
			"to": [9.30622, -15.004, 4.0071],
			"rotation": {"angle": 0, "axis": "y", "origin": [8, -14.505, 8]},
			"faces": {
				"north": {"uv": [0, 0, 1, 0.1], "texture": "#1"},
				"east": {"uv": [0, 0, 5, 0.1], "texture": "#1"},
				"south": {"uv": [0, 0, 1, 0.1], "texture": "#1"},
				"west": {"uv": [0, 0, 5, 0.1], "texture": "#1"},
				"up": {"uv": [0, 0, 5, 1], "rotation": 90, "texture": "#1"},
				"down": {"uv": [0, 0, 5, 1], "rotation": 270, "texture": "#1"}
			}
		},
		{
			"from": [6.69378, -15.104, 1.46888],
			"to": [9.30622, -15.004, 4.0071],
			"rotation": {"angle": 22.5, "axis": "y", "origin": [8, -14.505, 8]},
			"faces": {
				"north": {"uv": [0, 0, 1, 0.1], "texture": "#1"},
				"east": {"uv": [0, 0, 5, 0.1], "texture": "#1"},
				"south": {"uv": [0, 0, 1, 0.1], "texture": "#1"},
				"west": {"uv": [0, 0, 5, 0.1], "texture": "#1"},
				"up": {"uv": [0, 0, 5, 1], "rotation": 90, "texture": "#1"},
				"down": {"uv": [0, 0, 5, 1], "rotation": 270, "texture": "#1"}
			}
		},
		{
			"from": [6.69378, -15.104, 1.46888],
			"to": [9.30622, -15.004, 4.0071],
			"rotation": {"angle": 45, "axis": "y", "origin": [8, -14.505, 8]},
			"faces": {
				"north": {"uv": [0, 0, 1, 0.1], "texture": "#1"},
				"east": {"uv": [0, 0, 5, 0.1], "texture": "#1"},
				"south": {"uv": [0, 0, 1, 0.1], "texture": "#1"},
				"west": {"uv": [0, 0, 5, 0.1], "texture": "#1"},
				"up": {"uv": [0, 0, 5, 1], "rotation": 90, "texture": "#1"},
				"down": {"uv": [0, 0, 5, 1], "rotation": 270, "texture": "#1"}
			}
		},
		{
			"from": [1.46888, -15.104, 6.69378],
			"to": [4.0071, -15.004, 9.30622],
			"rotation": {"angle": -22.5, "axis": "y", "origin": [8, -14.505, 8]},
			"faces": {
				"north": {"uv": [0, 0, 5, 0.1], "texture": "#1"},
				"east": {"uv": [0, 0, 1, 0.1], "texture": "#1"},
				"south": {"uv": [0, 0, 5, 0.1], "texture": "#1"},
				"west": {"uv": [0, 0, 1, 0.1], "texture": "#1"},
				"up": {"uv": [0, 0, 5, 1], "texture": "#1"},
				"down": {"uv": [0, 0, 5, 1], "texture": "#1"}
			}
		}
	],
	"display": {
		"head": {
			"translation": [0, -8.01, 0],
			"scale": [4, 1, 4]
		}
	},
	"groups": [
		{
			"name": "group",
			"origin": [8, -14.505, 8],
			"children": [0, 1, 2, 3, 4, 5, 6, 7]
		},
		{
			"name": "group",
			"origin": [8, -14.505, 8],
			"children": [8, 9, 10, 11, 12, 13, 14, 15, 16, 17, 18, 19, 20, 21, 22, 23]
		}
	]
}