{
  "type": "minecraft:entity",
  "pools": [
    {
      "rolls": 1,
      "entries": [
        {
          "type": "minecraft:item",
          "name": "minecraft:cookie",
          "functions": [
            {
                "function": "minecraft:set_name",
                "name": {"text": "暴食の友","color":"gold","italic":false}
            },
            {
                "function": "minecraft:set_lore",
                "lore": [
                  {"text":"--------------------------------","italic":false,"color":"gray"},
                  {"text":"MP+4 / 食事制限:0s","italic":false,"color":"aqua"},
                  {"text":"無限に食べられるクッキー。","italic":false,"color":"white"},
                  {"text":"","italic":false,"color":"white"},
                  {"text":"--------------------------------","italic":false,"color":"gray"}
                ]
            },
            {
                "function": "minecraft:set_nbt",
                "tag": "{Soulbound:1b}"
            }
          ]
        }
      ]
    }
  ]
}