{
  "type": "minecraft:entity",
  "pools": [
    {
      "rolls": 1,
      "entries": [
        {
          "type": "minecraft:item",
          "name": "minecraft:cooked_beef",
          "functions": [
            {
                "function": "minecraft:set_name",
                "name": {"text": "携帯干肉","color":"gold","italic":false}
            },
            {
                "function": "minecraft:set_lore",
                "lore": [
                  {"text":"--------------------------------","italic":false,"color":"gray"},
                  {"text":"HP+10 / MP+15 / 食事制限:17s","italic":false,"color":"aqua"},
                  {"text":"保存の効く干し肉。","italic":false,"color":"white"},
                  {"text":"","italic":false,"color":"white"},
                  {"text":"--------------------------------","italic":false,"color":"gray"}
                ]
            },
            {
                "function": "minecraft:set_nbt",
                "tag": "{Soulbound:1b}"
            }
          ]
        }
      ]
    }
  ]
}