{
  "type": "minecraft:entity",
  "pools": [
    {
      "rolls": 1,
      "entries": [
        {
          "type": "minecraft:item",
          "name": "minecraft:cooked_mutton",
          "functions": [
            {
                "function": "minecraft:set_name",
                "name": {"text": "ジンギスカン","color":"gold","italic":false}
            },
            {
                "function": "minecraft:set_lore",
                "lore": [
                  {"text":"--------------------------------","italic":false,"color":"gray"},
                  {"text":"HP+14 / 食事制限:20s","italic":false,"color":"aqua"},
                  {"text":"羊肉をジンギスカン鍋で焼いたもの。","italic":false,"color":"white"},
                  {"text":"実はジンギスカンの歴史は意外と浅い。","italic":false,"color":"white"},
                  {"text":"--------------------------------","italic":false,"color":"gray"}
                ]
            },
            {
                "function": "minecraft:set_nbt",
                "tag": "{Soulbound:1b}"
            }
          ]
        }
      ]
    }
  ]
}