{
  "type": "minecraft:entity",
  "pools": [
    {
      "rolls": 1,
      "entries": [
        {
          "type": "minecraft:item",
          "name": "minecraft:dried_kelp",
          "functions": [
            {
                "function": "minecraft:set_name",
                "name": {"text": "乾燥昆布","color":"dark_green","italic":false}
            },
            {
                "function": "minecraft:set_lore",
                "lore": [
                  {"text":"--------------------------------","italic":false,"color":"gray"},
                  {"text":"HP+2 / MP+3 / 食事制限:1.7s","italic":false,"color":"aqua"},
                  {"text":"究極の旨味と食事速度を持つ昆布。","italic":false,"color":"white"},
                  {"text":"なお腹持ち。","italic":false,"color":"white"},
                  {"text":"--------------------------------","italic":false,"color":"gray"}
                ]
            },
            {
                "function": "minecraft:set_nbt",
                "tag": "{Soulbound:1b}"
            }
          ]
        }
      ]
    }
  ]
}