{
  "type": "minecraft:entity",
  "pools": [
    {
      "rolls": 1,
      "entries": [
        {
          "type": "minecraft:item",
          "name": "minecraft:sweet_berries",
          "functions": [
            {
                "function": "minecraft:set_name",
                "name": {"text": "べりーべりー","color":"red","italic":false}
            },
            {
                "function": "minecraft:set_lore",
                "lore": [
                  {"text":"--------------------------------","italic":false,"color":"gray"},
                  {"text":"HP+1 / MP+20 / 食事制限:20s","italic":false,"color":"aqua"},
                  {"text":"甘い物には棘がある系の果実。","italic":false,"color":"white"},
                  {"text":"全装備のクールダウンを7秒短縮する。","italic":false,"color":"white"},
                  {"text":"--------------------------------","italic":false,"color":"gray"}
                ]
            },
            {
                "function": "minecraft:set_nbt",
                "tag": "{Soulbound:1b}"
            }
          ]
        }
      ]
    }
  ]
}