{
  "type": "minecraft:entity",
  "pools": [
    {
      "rolls": 1,
      "entries": [
        {
          "type": "minecraft:item",
          "name": "minecraft:netherite_hoe",
          "functions": [
            {
                "function": "minecraft:set_name",
                "name": {"text": "バリスタ","color": "dark_red","italic": false}
            },
            {
                "function": "minecraft:set_lore",
                "lore": [
                  {"text":"クロスボウを巨大化させた攻城兵器。","italic":false,"color":"gold"},
                  {"text":"--------------------------------","italic":false,"color":"gray"},
                  {"text":"-破城の一撃- MP:10 / Cooldown:0","italic":false,"color":"aqua"},
                  {"text":"スニークを3.0秒間長押しで矢を2本消費して装填。","italic":false,"color":"white"},
                  {"text":"発射直後に命中すると威力が低下する。","italic":false,"color":"white"},
                  {"text":"--------------------------------","italic":false,"color":"gray"},
                  {"text":" 威力 2.0","italic":false,"color":"green"},
                  {"text":" 矢の速度 +100%","italic":false,"color":"dark_aqua"}
                ]
            },
            {
              "function": "minecraft:set_attributes",
              "modifiers": [
                  {
                      "name": "generic.movement_speed",
                      "attribute": "generic.movement_speed",
                      "operation": "multiply_total",
                      "amount": -0.750,
                      "slot": "mainhand"
                  },
                  {
                      "name": "generic.movement_speed",
                      "attribute": "generic.movement_speed",
                      "operation": "multiply_total",
                      "amount": -0.750,
                      "slot": "offhand"
                  }
              ]
            },
            {
                "function": "minecraft:set_nbt",
                "tag": "{CustomModelData:132,Enchantments:[{id:\"piercing\",lvl:10s}],specialChargeCrossbow:1b,Soulbound:1b,ballistaBow:1b,Unbreakable:1b,HideFlags:4}"
            }
          ]
        }
      ]
    }
  ]
}