{
  "type": "minecraft:entity",
  "pools": [
    {
      "rolls": 1,
      "entries": [
        {
          "type": "minecraft:item",
          "name": "minecraft:crossbow",
          "functions": [
            {
                "function": "minecraft:set_name",
                "name": {"text": "魔導弩","color": "aqua","italic": false}
            },
            {
                "function": "minecraft:set_lore",
                "lore": [
                  {"text":"魔力を使って動く弩。","italic":false,"color":"gold"},
                  {"text":"--------------------------------","italic":false,"color":"gray"},
                  {"text":"-物魔混合- MP:2 / Cooldown:0","italic":false,"color":"aqua"},
                  {"text":"魔法属性でダメージを与える。","italic":false,"color":"white"},
                  {"text":""},
                  {"text":"--------------------------------","italic":false,"color":"gray"},
                  {"text":" 威力 2.2","italic":false,"color":"green"}
                ]
            },
            {
                "function": "minecraft:set_nbt",
                "tag": "{CustomModelData:133,Enchantments:[{id:\"quick_charge\",lvl:1s}],Soulbound:1b,Unbreakable:1b,HideFlags:4}"
            }
          ]
        }
      ]
    }
  ]
}