{
	"credit": "Made with Blockbench",
	"textures": {
		"1": "color/darkness"
	},
	"elements": [
		{
			"from": [8.262, 4, 6.3],
			"to": [8.739, 4.1, 7.5],
			"rotation": {"angle": 0, "axis": "y", "origin": [8.5, 8, 7.5]},
			"faces": {
				"north": {"uv": [15.5, 0, 16, 0.5], "texture": "#1"},
				"east": {"uv": [8.5, 0, 16, 0.5], "texture": "#1"},
				"south": {"uv": [8.5, 0, 9, 0.5], "texture": "#1"},
				"west": {"uv": [8.5, 0, 16, 0.5], "rotation": 180, "texture": "#1"},
				"up": {"uv": [8.5, 0, 16, 0.5], "rotation": 270, "texture": "#1"},
				"down": {"uv": [8.5, 0, 16, 0.5], "rotation": 90, "texture": "#1"}
			}
		},
		{
			"from": [8.262, 4, 6.3],
			"to": [8.739, 4.1, 7.5],
			"rotation": {"angle": 22.5, "axis": "y", "origin": [8.5, 8, 7.5]},
			"faces": {
				"north": {"uv": [15.5, 0, 16, 0.5], "texture": "#1"},
				"east": {"uv": [8.5, 0, 16, 0.5], "texture": "#1"},
				"south": {"uv": [8.5, 0, 9, 0.5], "texture": "#1"},
				"west": {"uv": [8.5, 0, 16, 0.5], "rotation": 180, "texture": "#1"},
				"up": {"uv": [8.5, 0, 16, 0.5], "rotation": 270, "texture": "#1"},
				"down": {"uv": [8.5, 0, 16, 0.5], "rotation": 90, "texture": "#1"}
			}
		},
		{
			"from": [8.262, 4, 6.3],
			"to": [8.739, 4.1, 7.5],
			"rotation": {"angle": 45, "axis": "y", "origin": [8.5, 8, 7.5]},
			"faces": {
				"north": {"uv": [15.5, 0, 16, 0.5], "texture": "#1"},
				"east": {"uv": [8.5, 0, 16, 0.5], "texture": "#1"},
				"south": {"uv": [8.5, 0, 9, 0.5], "texture": "#1"},
				"west": {"uv": [8.5, 0, 16, 0.5], "rotation": 180, "texture": "#1"},
				"up": {"uv": [8.5, 0, 16, 0.5], "rotation": 270, "texture": "#1"},
				"down": {"uv": [8.5, 0, 16, 0.5], "rotation": 90, "texture": "#1"}
			}
		},
		{
			"from": [7.3, 4, 7.261],
			"to": [8.5, 4.1, 7.738],
			"rotation": {"angle": -22.5, "axis": "y", "origin": [8.5, 8, 7.5]},
			"faces": {
				"north": {"uv": [8.5, 0, 16, 0.5], "texture": "#1"},
				"east": {"uv": [8.5, 0, 9, 0.5], "texture": "#1"},
				"south": {"uv": [8.5, 0, 16, 0.5], "rotation": 180, "texture": "#1"},
				"west": {"uv": [15.5, 0, 16, 0.5], "texture": "#1"},
				"up": {"uv": [8.5, 0, 16, 0.5], "rotation": 180, "texture": "#1"},
				"down": {"uv": [8.5, 0, 16, 0.5], "rotation": 180, "texture": "#1"}
			}
		},
		{
			"from": [7.3, 4, 7.261],
			"to": [8.5, 4.1, 7.738],
			"rotation": {"angle": 0, "axis": "y", "origin": [8.5, 8, 7.5]},
			"faces": {
				"north": {"uv": [8.5, 0, 16, 0.5], "texture": "#1"},
				"east": {"uv": [8.5, 0, 9, 0.5], "texture": "#1"},
				"south": {"uv": [8.5, 0, 16, 0.5], "rotation": 180, "texture": "#1"},
				"west": {"uv": [15.5, 0, 16, 0.5], "texture": "#1"},
				"up": {"uv": [8.5, 0, 16, 0.5], "rotation": 180, "texture": "#1"},
				"down": {"uv": [8.5, 0, 16, 0.5], "rotation": 180, "texture": "#1"}
			}
		},
		{
			"from": [7.3, 4, 7.261],
			"to": [8.5, 4.1, 7.738],
			"rotation": {"angle": 22.5, "axis": "y", "origin": [8.5, 8, 7.5]},
			"faces": {
				"north": {"uv": [8.5, 0, 16, 0.5], "texture": "#1"},
				"east": {"uv": [8.5, 0, 9, 0.5], "texture": "#1"},
				"south": {"uv": [8.5, 0, 16, 0.5], "rotation": 180, "texture": "#1"},
				"west": {"uv": [15.5, 0, 16, 0.5], "texture": "#1"},
				"up": {"uv": [8.5, 0, 16, 0.5], "rotation": 180, "texture": "#1"},
				"down": {"uv": [8.5, 0, 16, 0.5], "rotation": 180, "texture": "#1"}
			}
		},
		{
			"from": [7.3, 4, 7.261],
			"to": [8.5, 4.1, 7.738],
			"rotation": {"angle": 45, "axis": "y", "origin": [8.5, 8, 7.5]},
			"faces": {
				"north": {"uv": [8.5, 0, 16, 0.5], "texture": "#1"},
				"east": {"uv": [8.5, 0, 9, 0.5], "texture": "#1"},
				"south": {"uv": [8.5, 0, 16, 0.5], "rotation": 180, "texture": "#1"},
				"west": {"uv": [15.5, 0, 16, 0.5], "texture": "#1"},
				"up": {"uv": [8.5, 0, 16, 0.5], "rotation": 180, "texture": "#1"},
				"down": {"uv": [8.5, 0, 16, 0.5], "rotation": 180, "texture": "#1"}
			}
		},
		{
			"from": [8.261, 4, 7.5],
			"to": [8.738, 4.1, 8.7],
			"rotation": {"angle": -22.5, "axis": "y", "origin": [8.5, 8, 7.5]},
			"faces": {
				"north": {"uv": [8.5, 0, 9, 0.5], "texture": "#1"},
				"east": {"uv": [8.5, 0, 16, 0.5], "rotation": 180, "texture": "#1"},
				"south": {"uv": [15.5, 0, 16, 0.5], "texture": "#1"},
				"west": {"uv": [8.5, 0, 16, 0.5], "texture": "#1"},
				"up": {"uv": [8.5, 0, 16, 0.5], "rotation": 90, "texture": "#1"},
				"down": {"uv": [8.5, 0, 16, 0.5], "rotation": 270, "texture": "#1"}
			}
		},
		{
			"from": [8.261, 4, 7.5],
			"to": [8.738, 4.1, 8.7],
			"rotation": {"angle": 0, "axis": "y", "origin": [8.5, 8, 7.5]},
			"faces": {
				"north": {"uv": [8.5, 0, 9, 0.5], "texture": "#1"},
				"east": {"uv": [8.5, 0, 16, 0.5], "rotation": 180, "texture": "#1"},
				"south": {"uv": [15.5, 0, 16, 0.5], "texture": "#1"},
				"west": {"uv": [8.5, 0, 16, 0.5], "texture": "#1"},
				"up": {"uv": [8.5, 0, 16, 0.5], "rotation": 90, "texture": "#1"},
				"down": {"uv": [8.5, 0, 16, 0.5], "rotation": 270, "texture": "#1"}
			}
		},
		{
			"from": [8.261, 4, 7.5],
			"to": [8.738, 4.1, 8.7],
			"rotation": {"angle": 22.5, "axis": "y", "origin": [8.5, 8, 7.5]},
			"faces": {
				"north": {"uv": [8.5, 0, 9, 0.5], "texture": "#1"},
				"east": {"uv": [8.5, 0, 16, 0.5], "rotation": 180, "texture": "#1"},
				"south": {"uv": [15.5, 0, 16, 0.5], "texture": "#1"},
				"west": {"uv": [8.5, 0, 16, 0.5], "texture": "#1"},
				"up": {"uv": [8.5, 0, 16, 0.5], "rotation": 90, "texture": "#1"},
				"down": {"uv": [8.5, 0, 16, 0.5], "rotation": 270, "texture": "#1"}
			}
		},
		{
			"from": [8.261, 4, 7.5],
			"to": [8.738, 4.1, 8.7],
			"rotation": {"angle": 45, "axis": "y", "origin": [8.5, 8, 7.5]},
			"faces": {
				"north": {"uv": [8.5, 0, 9, 0.5], "texture": "#1"},
				"east": {"uv": [8.5, 0, 16, 0.5], "rotation": 180, "texture": "#1"},
				"south": {"uv": [15.5, 0, 16, 0.5], "texture": "#1"},
				"west": {"uv": [8.5, 0, 16, 0.5], "texture": "#1"},
				"up": {"uv": [8.5, 0, 16, 0.5], "rotation": 90, "texture": "#1"},
				"down": {"uv": [8.5, 0, 16, 0.5], "rotation": 270, "texture": "#1"}
			}
		},
		{
			"from": [8.5, 4, 7.262],
			"to": [9.7, 4.1, 7.739],
			"rotation": {"angle": -22.5, "axis": "y", "origin": [8.5, 8, 7.5]},
			"faces": {
				"north": {"uv": [8.5, 0, 16, 0.5], "rotation": 180, "texture": "#1"},
				"east": {"uv": [15.5, 0, 16, 0.5], "texture": "#1"},
				"south": {"uv": [8.5, 0, 16, 0.5], "texture": "#1"},
				"west": {"uv": [8.5, 0, 9, 0.5], "texture": "#1"},
				"up": {"uv": [8.5, 0, 16, 0.5], "texture": "#1"},
				"down": {"uv": [8.5, 0, 16, 0.5], "texture": "#1"}
			}
		},
		{
			"from": [8.5, 4, 7.262],
			"to": [9.7, 4.1, 7.739],
			"rotation": {"angle": 0, "axis": "y", "origin": [8.5, 8, 7.5]},
			"faces": {
				"north": {"uv": [8.5, 0, 16, 0.5], "rotation": 180, "texture": "#1"},
				"east": {"uv": [15.5, 0, 16, 0.5], "texture": "#1"},
				"south": {"uv": [8.5, 0, 16, 0.5], "texture": "#1"},
				"west": {"uv": [8.5, 0, 9, 0.5], "texture": "#1"},
				"up": {"uv": [8.5, 0, 16, 0.5], "texture": "#1"},
				"down": {"uv": [8.5, 0, 16, 0.5], "texture": "#1"}
			}
		},
		{
			"from": [8.5, 4, 7.262],
			"to": [9.7, 4.1, 7.739],
			"rotation": {"angle": 22.5, "axis": "y", "origin": [8.5, 8, 7.5]},
			"faces": {
				"north": {"uv": [8.5, 0, 16, 0.5], "rotation": 180, "texture": "#1"},
				"east": {"uv": [15.5, 0, 16, 0.5], "texture": "#1"},
				"south": {"uv": [8.5, 0, 16, 0.5], "texture": "#1"},
				"west": {"uv": [8.5, 0, 9, 0.5], "texture": "#1"},
				"up": {"uv": [8.5, 0, 16, 0.5], "texture": "#1"},
				"down": {"uv": [8.5, 0, 16, 0.5], "texture": "#1"}
			}
		},
		{
			"from": [8.5, 4, 7.262],
			"to": [9.7, 4.1, 7.739],
			"rotation": {"angle": 45, "axis": "y", "origin": [8.5, 8, 7.5]},
			"faces": {
				"north": {"uv": [8.5, 0, 16, 0.5], "rotation": 180, "texture": "#1"},
				"east": {"uv": [15.5, 0, 16, 0.5], "texture": "#1"},
				"south": {"uv": [8.5, 0, 16, 0.5], "texture": "#1"},
				"west": {"uv": [8.5, 0, 9, 0.5], "texture": "#1"},
				"up": {"uv": [8.5, 0, 16, 0.5], "texture": "#1"},
				"down": {"uv": [8.5, 0, 16, 0.5], "texture": "#1"}
			}
		},
		{
			"from": [8.262, 4, 6.3],
			"to": [8.739, 4.1, 7.5],
			"rotation": {"angle": -22.5, "axis": "y", "origin": [8.5, 8, 7.5]},
			"faces": {
				"north": {"uv": [15.5, 0, 16, 0.5], "texture": "#1"},
				"east": {"uv": [8.5, 0, 16, 0.5], "texture": "#1"},
				"south": {"uv": [8.5, 0, 9, 0.5], "texture": "#1"},
				"west": {"uv": [8.5, 0, 16, 0.5], "rotation": 180, "texture": "#1"},
				"up": {"uv": [8.5, 0, 16, 0.5], "rotation": 270, "texture": "#1"},
				"down": {"uv": [8.5, 0, 16, 0.5], "rotation": 90, "texture": "#1"}
			}
		},
		{
			"name": "粒子A",
			"from": [8.4, 3.95, 5.7],
			"to": [8.6, 4.15, 5.75],
			"rotation": {"angle": 22.5, "axis": "z", "origin": [8.5, 4.05, 7.5]},
			"faces": {
				"north": {"uv": [14, 0.5, 14, 0.5], "rotation": 180, "texture": "#1"},
				"east": {"uv": [14, 0.5, 14, 0.5], "rotation": 180, "texture": "#1"},
				"south": {"uv": [14, 0.5, 14, 0.5], "rotation": 180, "texture": "#1"},
				"west": {"uv": [14, 0.5, 14, 0.5], "rotation": 180, "texture": "#1"},
				"up": {"uv": [14, 0.5, 14, 0.5], "rotation": 180, "texture": "#1"},
				"down": {"uv": [14, 0.5, 14, 0.5], "rotation": 180, "texture": "#1"}
			}
		},
		{
			"name": "粒子B",
			"from": [8.4293, 3.9793, 5.65],
			"to": [8.5707, 4.1207, 5.7],
			"rotation": {"angle": -22.5, "axis": "z", "origin": [8.5, 4.05, 7.5]},
			"faces": {
				"north": {"uv": [12, 0, 12, 0], "rotation": 180, "texture": "#1"},
				"east": {"uv": [12, 0, 14, 0.5], "rotation": 180, "texture": "#1"},
				"south": {"uv": [14, 0, 14, 0], "rotation": 180, "texture": "#1"},
				"west": {"uv": [12, 0, 14, 0.5], "texture": "#1"},
				"up": {"uv": [12, 0, 14, 0.25], "rotation": 90, "texture": "#1"},
				"down": {"uv": [12, 0, 14, 0.5], "rotation": 270, "texture": "#1"}
			}
		},
		{
			"name": "粒子E",
			"from": [8.4293, 3.9793, 5.75],
			"to": [8.5707, 4.1207, 5.8],
			"rotation": {"angle": -22.5, "axis": "z", "origin": [8.5, 4.05, 7.5]},
			"faces": {
				"north": {"uv": [12, 0, 12, 0], "rotation": 180, "texture": "#1"},
				"east": {"uv": [12, 0, 14, 0.5], "texture": "#1"},
				"south": {"uv": [14, 0, 14, 0], "rotation": 180, "texture": "#1"},
				"west": {"uv": [12, 0, 14, 0.5], "rotation": 180, "texture": "#1"},
				"up": {"uv": [12, 0, 14, 0.25], "rotation": 270, "texture": "#1"},
				"down": {"uv": [12, 0, 14, 0.5], "rotation": 90, "texture": "#1"}
			}
		},
		{
			"name": "粒子C",
			"from": [8.45, 4, 5.6],
			"to": [8.55, 4.1, 5.65],
			"rotation": {"angle": 22.5, "axis": "z", "origin": [8.5, 4.05, 7.5]},
			"faces": {
				"north": {"uv": [10, 0, 10, 0], "rotation": 180, "texture": "#1"},
				"east": {"uv": [10, 0, 12, 0.5], "rotation": 180, "texture": "#1"},
				"south": {"uv": [12, 0, 12, 0], "rotation": 180, "texture": "#1"},
				"west": {"uv": [10, 0, 12, 0.5], "texture": "#1"},
				"up": {"uv": [10, 0, 12, 0.25], "rotation": 90, "texture": "#1"},
				"down": {"uv": [10, 0, 12, 0.5], "rotation": 270, "texture": "#1"}
			}
		},
		{
			"name": "粒子F",
			"from": [8.45, 4, 5.8],
			"to": [8.55, 4.1, 5.85],
			"rotation": {"angle": 22.5, "axis": "z", "origin": [8.5, 4.05, 7.5]},
			"faces": {
				"north": {"uv": [10, 0, 10, 0], "rotation": 180, "texture": "#1"},
				"east": {"uv": [10, 0, 12, 0.5], "texture": "#1"},
				"south": {"uv": [12, 0, 12, 0], "rotation": 180, "texture": "#1"},
				"west": {"uv": [10, 0, 12, 0.5], "rotation": 180, "texture": "#1"},
				"up": {"uv": [10, 0, 12, 0.25], "rotation": 270, "texture": "#1"},
				"down": {"uv": [10, 0, 12, 0.5], "rotation": 90, "texture": "#1"}
			}
		},
		{
			"name": "粒子D",
			"from": [8.4647, 4.01465, 5.55],
			"to": [8.5354, 4.08535, 5.6],
			"rotation": {"angle": -22.5, "axis": "z", "origin": [8.5, 4.05, 7.5]},
			"faces": {
				"north": {"uv": [8, 0, 8, 0], "rotation": 270, "texture": "#1"},
				"east": {"uv": [8, 0, 10, 0.5], "rotation": 180, "texture": "#1"},
				"south": {"uv": [10, 0, 10, 0], "rotation": 90, "texture": "#1"},
				"west": {"uv": [8, 0, 10, 0.25], "texture": "#1"},
				"up": {"uv": [8, 0, 10, 0.5], "rotation": 90, "texture": "#1"},
				"down": {"uv": [8, 0, 10, 0.5], "rotation": 270, "texture": "#1"}
			}
		},
		{
			"name": "粒子G",
			"from": [8.4647, 4.01465, 5.85],
			"to": [8.5354, 4.08535, 5.9],
			"rotation": {"angle": -22.5, "axis": "z", "origin": [8.5, 4.05, 7.5]},
			"faces": {
				"north": {"uv": [8, 0, 8, 0], "rotation": 270, "texture": "#1"},
				"east": {"uv": [8, 0, 10, 0.5], "texture": "#1"},
				"south": {"uv": [10, 0, 10, 0], "rotation": 90, "texture": "#1"},
				"west": {"uv": [8, 0, 10, 0.25], "rotation": 180, "texture": "#1"},
				"up": {"uv": [8, 0, 10, 0.5], "rotation": 270, "texture": "#1"},
				"down": {"uv": [8, 0, 10, 0.5], "rotation": 90, "texture": "#1"}
			}
		},
		{
			"name": "粒子A",
			"from": [8.4, 3.95, 5.7],
			"to": [8.6, 4.15, 5.75],
			"rotation": {"angle": -22.5, "axis": "z", "origin": [8.5, 4.05, 7.5]},
			"faces": {
				"north": {"uv": [14, 0.5, 14, 0.5], "rotation": 180, "texture": "#1"},
				"east": {"uv": [14, 0.5, 14, 0.5], "rotation": 180, "texture": "#1"},
				"south": {"uv": [14, 0.5, 14, 0.5], "rotation": 180, "texture": "#1"},
				"west": {"uv": [14, 0.5, 14, 0.5], "rotation": 180, "texture": "#1"},
				"up": {"uv": [14, 0.5, 14, 0.5], "rotation": 180, "texture": "#1"},
				"down": {"uv": [14, 0.5, 14, 0.5], "rotation": 180, "texture": "#1"}
			}
		},
		{
			"name": "粒子B",
			"from": [8.4293, 3.9793, 5.65],
			"to": [8.5707, 4.1207, 5.7],
			"rotation": {"angle": 22.5, "axis": "z", "origin": [8.5, 4.05, 7.5]},
			"faces": {
				"north": {"uv": [12, 0, 12, 0], "rotation": 90, "texture": "#1"},
				"east": {"uv": [12, 0, 14, 0.25], "rotation": 180, "texture": "#1"},
				"south": {"uv": [14, 0, 14, 0], "rotation": 270, "texture": "#1"},
				"west": {"uv": [12, 0, 14, 0.5], "texture": "#1"},
				"up": {"uv": [12, 0, 14, 0.5], "rotation": 90, "texture": "#1"},
				"down": {"uv": [12, 0, 14, 0.5], "rotation": 270, "texture": "#1"}
			}
		},
		{
			"name": "粒子E",
			"from": [8.4293, 3.9793, 5.75],
			"to": [8.5707, 4.1207, 5.8],
			"rotation": {"angle": 22.5, "axis": "z", "origin": [8.5, 4.05, 7.5]},
			"faces": {
				"north": {"uv": [12, 0, 12, 0], "rotation": 90, "texture": "#1"},
				"east": {"uv": [12, 0, 14, 0.25], "texture": "#1"},
				"south": {"uv": [14, 0, 14, 0], "rotation": 270, "texture": "#1"},
				"west": {"uv": [12, 0, 14, 0.5], "rotation": 180, "texture": "#1"},
				"up": {"uv": [12, 0, 14, 0.5], "rotation": 270, "texture": "#1"},
				"down": {"uv": [12, 0, 14, 0.5], "rotation": 90, "texture": "#1"}
			}
		},
		{
			"name": "粒子C",
			"from": [8.45, 4, 5.6],
			"to": [8.55, 4.1, 5.65],
			"rotation": {"angle": -22.5, "axis": "z", "origin": [8.5, 4.05, 7.5]},
			"faces": {
				"north": {"uv": [10, 0, 10, 0], "rotation": 180, "texture": "#1"},
				"east": {"uv": [10, 0, 12, 0.5], "rotation": 180, "texture": "#1"},
				"south": {"uv": [12, 0, 12, 0], "rotation": 180, "texture": "#1"},
				"west": {"uv": [10, 0, 12, 0.5], "texture": "#1"},
				"up": {"uv": [10, 0, 12, 0.25], "rotation": 90, "texture": "#1"},
				"down": {"uv": [10, 0, 12, 0.5], "rotation": 270, "texture": "#1"}
			}
		},
		{
			"name": "粒子F",
			"from": [8.45, 4, 5.8],
			"to": [8.55, 4.1, 5.85],
			"rotation": {"angle": -22.5, "axis": "z", "origin": [8.5, 4.05, 7.5]},
			"faces": {
				"north": {"uv": [10, 0, 10, 0], "rotation": 180, "texture": "#1"},
				"east": {"uv": [10, 0, 12, 0.5], "texture": "#1"},
				"south": {"uv": [12, 0, 12, 0], "rotation": 180, "texture": "#1"},
				"west": {"uv": [10, 0, 12, 0.5], "rotation": 180, "texture": "#1"},
				"up": {"uv": [10, 0, 12, 0.25], "rotation": 270, "texture": "#1"},
				"down": {"uv": [10, 0, 12, 0.5], "rotation": 90, "texture": "#1"}
			}
		},
		{
			"name": "粒子D",
			"from": [8.46465, 4.0146, 5.55],
			"to": [8.53535, 4.0853, 5.6],
			"rotation": {"angle": 22.5, "axis": "z", "origin": [8.5, 4.05, 7.5]},
			"faces": {
				"north": {"uv": [8, 0, 8, 0], "rotation": 180, "texture": "#1"},
				"east": {"uv": [8, 0, 10, 0.5], "rotation": 180, "texture": "#1"},
				"south": {"uv": [10, 0, 10, 0], "rotation": 180, "texture": "#1"},
				"west": {"uv": [8, 0, 10, 0.5], "texture": "#1"},
				"up": {"uv": [8, 0, 10, 0.25], "rotation": 90, "texture": "#1"},
				"down": {"uv": [8, 0, 10, 0.5], "rotation": 270, "texture": "#1"}
			}
		},
		{
			"name": "粒子G",
			"from": [8.46465, 4.0146, 5.85],
			"to": [8.53535, 4.0853, 5.9],
			"rotation": {"angle": 22.5, "axis": "z", "origin": [8.5, 4.05, 7.5]},
			"faces": {
				"north": {"uv": [8, 0, 8, 0], "rotation": 180, "texture": "#1"},
				"east": {"uv": [8, 0, 10, 0.5], "texture": "#1"},
				"south": {"uv": [10, 0, 10, 0], "rotation": 180, "texture": "#1"},
				"west": {"uv": [8, 0, 10, 0.5], "rotation": 180, "texture": "#1"},
				"up": {"uv": [8, 0, 10, 0.25], "rotation": 270, "texture": "#1"},
				"down": {"uv": [8, 0, 10, 0.5], "rotation": 90, "texture": "#1"}
			}
		},
		{
			"name": "粒子A",
			"from": [6.7, 3.95, 7.4],
			"to": [6.75, 4.15, 7.6],
			"rotation": {"angle": 22.5, "axis": "x", "origin": [8.5, 4.05, 7.5]},
			"faces": {
				"north": {"uv": [14, 0.5, 14, 0.5], "texture": "#1"},
				"east": {"uv": [14, 0.5, 14, 0.5], "texture": "#1"},
				"south": {"uv": [14, 0.5, 14, 0.5], "texture": "#1"},
				"west": {"uv": [14, 0.5, 14, 0.5], "texture": "#1"},
				"up": {"uv": [14, 0.5, 14, 0.5], "rotation": 270, "texture": "#1"},
				"down": {"uv": [14, 0.5, 14, 0.5], "rotation": 90, "texture": "#1"}
			}
		},
		{
			"name": "粒子B",
			"from": [6.65, 3.9793, 7.4293],
			"to": [6.7, 4.1207, 7.5707],
			"rotation": {"angle": -22.5, "axis": "x", "origin": [8.5, 4.05, 7.5]},
			"faces": {
				"north": {"uv": [12, 0, 14, 0.5], "rotation": 180, "texture": "#1"},
				"east": {"uv": [14, 0, 14, 0], "texture": "#1"},
				"south": {"uv": [12, 0, 14, 0.5], "texture": "#1"},
				"west": {"uv": [12, 0, 12, 0], "texture": "#1"},
				"up": {"uv": [12, 0, 14, 0.5], "texture": "#1"},
				"down": {"uv": [12, 0, 14, 0.25], "texture": "#1"}
			}
		},
		{
			"name": "粒子E",
			"from": [6.75, 3.9793, 7.4293],
			"to": [6.8, 4.1207, 7.5707],
			"rotation": {"angle": -22.5, "axis": "x", "origin": [8.5, 4.05, 7.5]},
			"faces": {
				"north": {"uv": [12, 0, 14, 0.5], "texture": "#1"},
				"east": {"uv": [14, 0, 14, 0], "texture": "#1"},
				"south": {"uv": [12, 0, 14, 0.5], "rotation": 180, "texture": "#1"},
				"west": {"uv": [12, 0, 12, 0], "texture": "#1"},
				"up": {"uv": [12, 0, 14, 0.5], "rotation": 180, "texture": "#1"},
				"down": {"uv": [12, 0, 14, 0.25], "rotation": 180, "texture": "#1"}
			}
		},
		{
			"name": "粒子C",
			"from": [6.6, 4, 7.45],
			"to": [6.65, 4.1, 7.55],
			"rotation": {"angle": 22.5, "axis": "x", "origin": [8.5, 4.05, 7.5]},
			"faces": {
				"north": {"uv": [10, 0, 12, 0.5], "rotation": 180, "texture": "#1"},
				"east": {"uv": [12, 0, 12, 0], "texture": "#1"},
				"south": {"uv": [10, 0, 12, 0.5], "texture": "#1"},
				"west": {"uv": [10, 0, 10, 0], "texture": "#1"},
				"up": {"uv": [10, 0, 12, 0.5], "texture": "#1"},
				"down": {"uv": [10, 0, 12, 0.25], "texture": "#1"}
			}
		},
		{
			"name": "粒子F",
			"from": [6.8, 4, 7.45],
			"to": [6.85, 4.1, 7.55],
			"rotation": {"angle": 22.5, "axis": "x", "origin": [8.5, 4.05, 7.5]},
			"faces": {
				"north": {"uv": [10, 0, 12, 0.5], "texture": "#1"},
				"east": {"uv": [12, 0, 12, 0], "texture": "#1"},
				"south": {"uv": [10, 0, 12, 0.5], "rotation": 180, "texture": "#1"},
				"west": {"uv": [10, 0, 10, 0], "texture": "#1"},
				"up": {"uv": [10, 0, 12, 0.5], "rotation": 180, "texture": "#1"},
				"down": {"uv": [10, 0, 12, 0.25], "rotation": 180, "texture": "#1"}
			}
		},
		{
			"name": "粒子D",
			"from": [6.55, 4.01465, 7.4647],
			"to": [6.6, 4.08535, 7.5354],
			"rotation": {"angle": -22.5, "axis": "x", "origin": [8.5, 4.05, 7.5]},
			"faces": {
				"north": {"uv": [8, 0, 10, 0.25], "rotation": 180, "texture": "#1"},
				"east": {"uv": [10, 0, 10, 0], "rotation": 270, "texture": "#1"},
				"south": {"uv": [8, 0, 10, 0.5], "texture": "#1"},
				"west": {"uv": [8, 0, 8, 0], "rotation": 90, "texture": "#1"},
				"up": {"uv": [8, 0, 10, 0.5], "texture": "#1"},
				"down": {"uv": [8, 0, 10, 0.5], "texture": "#1"}
			}
		},
		{
			"name": "粒子G",
			"from": [6.85, 4.01465, 7.4647],
			"to": [6.9, 4.08535, 7.5354],
			"rotation": {"angle": -22.5, "axis": "x", "origin": [8.5, 4.05, 7.5]},
			"faces": {
				"north": {"uv": [8, 0, 10, 0.25], "texture": "#1"},
				"east": {"uv": [10, 0, 10, 0], "rotation": 270, "texture": "#1"},
				"south": {"uv": [8, 0, 10, 0.5], "rotation": 180, "texture": "#1"},
				"west": {"uv": [8, 0, 8, 0], "rotation": 90, "texture": "#1"},
				"up": {"uv": [8, 0, 10, 0.5], "rotation": 180, "texture": "#1"},
				"down": {"uv": [8, 0, 10, 0.5], "rotation": 180, "texture": "#1"}
			}
		},
		{
			"name": "粒子A",
			"from": [6.7, 3.95, 7.4],
			"to": [6.75, 4.15, 7.6],
			"rotation": {"angle": -22.5, "axis": "x", "origin": [8.5, 4.05, 7.5]},
			"faces": {
				"north": {"uv": [14, 0.5, 14, 0.5], "texture": "#1"},
				"east": {"uv": [14, 0.5, 14, 0.5], "texture": "#1"},
				"south": {"uv": [14, 0.5, 14, 0.5], "texture": "#1"},
				"west": {"uv": [14, 0.5, 14, 0.5], "texture": "#1"},
				"up": {"uv": [14, 0.5, 14, 0.5], "rotation": 270, "texture": "#1"},
				"down": {"uv": [14, 0.5, 14, 0.5], "rotation": 90, "texture": "#1"}
			}
		},
		{
			"name": "粒子B",
			"from": [6.65, 3.9793, 7.4293],
			"to": [6.7, 4.1207, 7.5707],
			"rotation": {"angle": 22.5, "axis": "x", "origin": [8.5, 4.05, 7.5]},
			"faces": {
				"north": {"uv": [12, 0, 14, 0.5], "rotation": 180, "texture": "#1"},
				"east": {"uv": [14, 0, 14, 0], "rotation": 90, "texture": "#1"},
				"south": {"uv": [12, 0, 14, 0.25], "texture": "#1"},
				"west": {"uv": [12, 0, 12, 0], "rotation": 270, "texture": "#1"},
				"up": {"uv": [12, 0, 14, 0.5], "texture": "#1"},
				"down": {"uv": [12, 0, 14, 0.5], "texture": "#1"}
			}
		},
		{
			"name": "粒子E",
			"from": [6.75, 3.9793, 7.4293],
			"to": [6.8, 4.1207, 7.5707],
			"rotation": {"angle": 22.5, "axis": "x", "origin": [8.5, 4.05, 7.5]},
			"faces": {
				"north": {"uv": [12, 0, 14, 0.5], "texture": "#1"},
				"east": {"uv": [14, 0, 14, 0], "rotation": 90, "texture": "#1"},
				"south": {"uv": [12, 0, 14, 0.25], "rotation": 180, "texture": "#1"},
				"west": {"uv": [12, 0, 12, 0], "rotation": 270, "texture": "#1"},
				"up": {"uv": [12, 0, 14, 0.5], "rotation": 180, "texture": "#1"},
				"down": {"uv": [12, 0, 14, 0.5], "rotation": 180, "texture": "#1"}
			}
		},
		{
			"name": "粒子C",
			"from": [6.6, 4, 7.45],
			"to": [6.65, 4.1, 7.55],
			"rotation": {"angle": -22.5, "axis": "x", "origin": [8.5, 4.05, 7.5]},
			"faces": {
				"north": {"uv": [10, 0, 12, 0.5], "rotation": 180, "texture": "#1"},
				"east": {"uv": [12, 0, 12, 0], "texture": "#1"},
				"south": {"uv": [10, 0, 12, 0.5], "texture": "#1"},
				"west": {"uv": [10, 0, 10, 0], "texture": "#1"},
				"up": {"uv": [10, 0, 12, 0.5], "texture": "#1"},
				"down": {"uv": [10, 0, 12, 0.25], "texture": "#1"}
			}
		},
		{
			"name": "粒子F",
			"from": [6.8, 4, 7.45],
			"to": [6.85, 4.1, 7.55],
			"rotation": {"angle": -22.5, "axis": "x", "origin": [8.5, 4.05, 7.5]},
			"faces": {
				"north": {"uv": [10, 0, 12, 0.5], "texture": "#1"},
				"east": {"uv": [12, 0, 12, 0], "texture": "#1"},
				"south": {"uv": [10, 0, 12, 0.5], "rotation": 180, "texture": "#1"},
				"west": {"uv": [10, 0, 10, 0], "texture": "#1"},
				"up": {"uv": [10, 0, 12, 0.5], "rotation": 180, "texture": "#1"},
				"down": {"uv": [10, 0, 12, 0.25], "rotation": 180, "texture": "#1"}
			}
		},
		{
			"name": "粒子D",
			"from": [6.55, 4.0147, 7.46465],
			"to": [6.6, 4.0854, 7.53535],
			"rotation": {"angle": 22.5, "axis": "x", "origin": [8.5, 4.05, 7.5]},
			"faces": {
				"north": {"uv": [8, 0, 10, 0.5], "rotation": 180, "texture": "#1"},
				"east": {"uv": [10, 0, 10, 0], "texture": "#1"},
				"south": {"uv": [8, 0, 10, 0.5], "texture": "#1"},
				"west": {"uv": [8, 0, 8, 0], "texture": "#1"},
				"up": {"uv": [8, 0, 10, 0.5], "texture": "#1"},
				"down": {"uv": [8, 0, 10, 0.25], "texture": "#1"}
			}
		},
		{
			"name": "粒子G",
			"from": [6.85, 4.0147, 7.46465],
			"to": [6.9, 4.0854, 7.53535],
			"rotation": {"angle": 22.5, "axis": "x", "origin": [8.5, 4.05, 7.5]},
			"faces": {
				"north": {"uv": [8, 0, 10, 0.5], "texture": "#1"},
				"east": {"uv": [10, 0, 10, 0], "texture": "#1"},
				"south": {"uv": [8, 0, 10, 0.5], "rotation": 180, "texture": "#1"},
				"west": {"uv": [8, 0, 8, 0], "texture": "#1"},
				"up": {"uv": [8, 0, 10, 0.5], "rotation": 180, "texture": "#1"},
				"down": {"uv": [8, 0, 10, 0.25], "rotation": 180, "texture": "#1"}
			}
		},
		{
			"name": "粒子A",
			"from": [8.4, 3.95, 9.25],
			"to": [8.6, 4.15, 9.3],
			"rotation": {"angle": -22.5, "axis": "z", "origin": [8.5, 4.05, 7.5]},
			"faces": {
				"north": {"uv": [14, 0.5, 14, 0.5], "rotation": 270, "texture": "#1"},
				"east": {"uv": [14, 0.5, 14, 0.5], "rotation": 270, "texture": "#1"},
				"south": {"uv": [14, 0.5, 14, 0.5], "rotation": 90, "texture": "#1"},
				"west": {"uv": [14, 0.5, 14, 0.5], "rotation": 270, "texture": "#1"},
				"up": {"uv": [14, 0.5, 14, 0.5], "rotation": 90, "texture": "#1"},
				"down": {"uv": [14, 0.5, 14, 0.5], "rotation": 90, "texture": "#1"}
			}
		},
		{
			"name": "粒子B",
			"from": [8.4293, 3.9793, 9.3],
			"to": [8.5707, 4.1207, 9.35],
			"rotation": {"angle": 22.5, "axis": "z", "origin": [8.5, 4.05, 7.5]},
			"faces": {
				"north": {"uv": [14, 0, 14, 0], "rotation": 270, "texture": "#1"},
				"east": {"uv": [12, 0, 14, 0.5], "texture": "#1"},
				"south": {"uv": [12, 0, 12, 0], "rotation": 90, "texture": "#1"},
				"west": {"uv": [12, 0, 14, 0.25], "rotation": 180, "texture": "#1"},
				"up": {"uv": [12, 0, 14, 0.5], "rotation": 270, "texture": "#1"},
				"down": {"uv": [12, 0, 14, 0.5], "rotation": 90, "texture": "#1"}
			}
		},
		{
			"name": "粒子E",
			"from": [8.4293, 3.9793, 9.2],
			"to": [8.5707, 4.1207, 9.25],
			"rotation": {"angle": 22.5, "axis": "z", "origin": [8.5, 4.05, 7.5]},
			"faces": {
				"north": {"uv": [14, 0, 14, 0], "rotation": 270, "texture": "#1"},
				"east": {"uv": [12, 0, 14, 0.5], "rotation": 180, "texture": "#1"},
				"south": {"uv": [12, 0, 12, 0], "rotation": 90, "texture": "#1"},
				"west": {"uv": [12, 0, 14, 0.25], "texture": "#1"},
				"up": {"uv": [12, 0, 14, 0.5], "rotation": 90, "texture": "#1"},
				"down": {"uv": [12, 0, 14, 0.5], "rotation": 270, "texture": "#1"}
			}
		},
		{
			"name": "粒子C",
			"from": [8.45, 4, 9.35],
			"to": [8.55, 4.1, 9.4],
			"rotation": {"angle": -22.5, "axis": "z", "origin": [8.5, 4.05, 7.5]},
			"faces": {
				"north": {"uv": [12, 0, 12, 0], "rotation": 270, "texture": "#1"},
				"east": {"uv": [10, 0, 12, 0.5], "texture": "#1"},
				"south": {"uv": [10, 0, 10, 0], "rotation": 90, "texture": "#1"},
				"west": {"uv": [10, 0, 12, 0.25], "rotation": 180, "texture": "#1"},
				"up": {"uv": [10, 0, 12, 0.5], "rotation": 270, "texture": "#1"},
				"down": {"uv": [10, 0, 12, 0.5], "rotation": 90, "texture": "#1"}
			}
		},
		{
			"name": "粒子F",
			"from": [8.45, 4, 9.15],
			"to": [8.55, 4.1, 9.2],
			"rotation": {"angle": -22.5, "axis": "z", "origin": [8.5, 4.05, 7.5]},
			"faces": {
				"north": {"uv": [12, 0, 12, 0], "rotation": 270, "texture": "#1"},
				"east": {"uv": [10, 0, 12, 0.5], "rotation": 180, "texture": "#1"},
				"south": {"uv": [10, 0, 10, 0], "rotation": 90, "texture": "#1"},
				"west": {"uv": [10, 0, 12, 0.25], "texture": "#1"},
				"up": {"uv": [10, 0, 12, 0.5], "rotation": 90, "texture": "#1"},
				"down": {"uv": [10, 0, 12, 0.5], "rotation": 270, "texture": "#1"}
			}
		},
		{
			"name": "粒子D",
			"from": [8.46465, 4.0146, 9.4],
			"to": [8.53535, 4.0853, 9.45],
			"rotation": {"angle": 22.5, "axis": "z", "origin": [8.5, 4.05, 7.5]},
			"faces": {
				"north": {"uv": [10, 0, 10, 0], "rotation": 180, "texture": "#1"},
				"east": {"uv": [8, 0, 10, 0.5], "texture": "#1"},
				"south": {"uv": [8, 0, 8, 0], "rotation": 180, "texture": "#1"},
				"west": {"uv": [8, 0, 10, 0.5], "rotation": 180, "texture": "#1"},
				"up": {"uv": [8, 0, 10, 0.25], "rotation": 270, "texture": "#1"},
				"down": {"uv": [8, 0, 10, 0.5], "rotation": 90, "texture": "#1"}
			}
		},
		{
			"name": "粒子G",
			"from": [8.46465, 4.0146, 9.1],
			"to": [8.53535, 4.0853, 9.15],
			"rotation": {"angle": 22.5, "axis": "z", "origin": [8.5, 4.05, 7.5]},
			"faces": {
				"north": {"uv": [10, 0, 10, 0], "rotation": 180, "texture": "#1"},
				"east": {"uv": [8, 0, 10, 0.5], "rotation": 180, "texture": "#1"},
				"south": {"uv": [8, 0, 8, 0], "rotation": 180, "texture": "#1"},
				"west": {"uv": [8, 0, 10, 0.5], "texture": "#1"},
				"up": {"uv": [8, 0, 10, 0.25], "rotation": 90, "texture": "#1"},
				"down": {"uv": [8, 0, 10, 0.5], "rotation": 270, "texture": "#1"}
			}
		},
		{
			"name": "粒子A",
			"from": [8.4, 3.95, 9.25],
			"to": [8.6, 4.15, 9.3],
			"rotation": {"angle": 22.5, "axis": "z", "origin": [8.5, 4.05, 7.5]},
			"faces": {
				"north": {"uv": [14, 0.5, 14, 0.5], "rotation": 270, "texture": "#1"},
				"east": {"uv": [14, 0.5, 14, 0.5], "rotation": 270, "texture": "#1"},
				"south": {"uv": [14, 0.5, 14, 0.5], "rotation": 90, "texture": "#1"},
				"west": {"uv": [14, 0.5, 14, 0.5], "rotation": 270, "texture": "#1"},
				"up": {"uv": [14, 0.5, 14, 0.5], "rotation": 90, "texture": "#1"},
				"down": {"uv": [14, 0.5, 14, 0.5], "rotation": 90, "texture": "#1"}
			}
		},
		{
			"name": "粒子B",
			"from": [8.4293, 3.9793, 9.3],
			"to": [8.5707, 4.1207, 9.35],
			"rotation": {"angle": -22.5, "axis": "z", "origin": [8.5, 4.05, 7.5]},
			"faces": {
				"north": {"uv": [14, 0, 14, 0], "texture": "#1"},
				"east": {"uv": [12, 0, 14, 0.5], "texture": "#1"},
				"south": {"uv": [12, 0, 12, 0], "texture": "#1"},
				"west": {"uv": [12, 0, 14, 0.5], "rotation": 180, "texture": "#1"},
				"up": {"uv": [12, 0, 14, 0.5], "rotation": 270, "texture": "#1"},
				"down": {"uv": [12, 0, 14, 0.25], "rotation": 90, "texture": "#1"}
			}
		},
		{
			"name": "粒子E",
			"from": [8.4293, 3.9793, 9.2],
			"to": [8.5707, 4.1207, 9.25],
			"rotation": {"angle": -22.5, "axis": "z", "origin": [8.5, 4.05, 7.5]},
			"faces": {
				"north": {"uv": [14, 0, 14, 0], "texture": "#1"},
				"east": {"uv": [12, 0, 14, 0.5], "rotation": 180, "texture": "#1"},
				"south": {"uv": [12, 0, 12, 0], "texture": "#1"},
				"west": {"uv": [12, 0, 14, 0.5], "texture": "#1"},
				"up": {"uv": [12, 0, 14, 0.5], "rotation": 90, "texture": "#1"},
				"down": {"uv": [12, 0, 14, 0.25], "rotation": 270, "texture": "#1"}
			}
		},
		{
			"name": "粒子C",
			"from": [8.45, 4, 9.35],
			"to": [8.55, 4.1, 9.4],
			"rotation": {"angle": 22.5, "axis": "z", "origin": [8.5, 4.05, 7.5]},
			"faces": {
				"north": {"uv": [12, 0, 12, 0], "rotation": 270, "texture": "#1"},
				"east": {"uv": [10, 0, 12, 0.5], "texture": "#1"},
				"south": {"uv": [10, 0, 10, 0], "rotation": 90, "texture": "#1"},
				"west": {"uv": [10, 0, 12, 0.25], "rotation": 180, "texture": "#1"},
				"up": {"uv": [10, 0, 12, 0.5], "rotation": 270, "texture": "#1"},
				"down": {"uv": [10, 0, 12, 0.5], "rotation": 90, "texture": "#1"}
			}
		},
		{
			"name": "粒子F",
			"from": [8.45, 4, 9.15],
			"to": [8.55, 4.1, 9.2],
			"rotation": {"angle": 22.5, "axis": "z", "origin": [8.5, 4.05, 7.5]},
			"faces": {
				"north": {"uv": [12, 0, 12, 0], "rotation": 270, "texture": "#1"},
				"east": {"uv": [10, 0, 12, 0.5], "rotation": 180, "texture": "#1"},
				"south": {"uv": [10, 0, 10, 0], "rotation": 90, "texture": "#1"},
				"west": {"uv": [10, 0, 12, 0.25], "texture": "#1"},
				"up": {"uv": [10, 0, 12, 0.5], "rotation": 90, "texture": "#1"},
				"down": {"uv": [10, 0, 12, 0.5], "rotation": 270, "texture": "#1"}
			}
		},
		{
			"name": "粒子D",
			"from": [8.4647, 4.01465, 9.4],
			"to": [8.5354, 4.08535, 9.45],
			"rotation": {"angle": -22.5, "axis": "z", "origin": [8.5, 4.05, 7.5]},
			"faces": {
				"north": {"uv": [10, 0, 10, 0], "rotation": 270, "texture": "#1"},
				"east": {"uv": [8, 0, 10, 0.5], "texture": "#1"},
				"south": {"uv": [8, 0, 8, 0], "rotation": 90, "texture": "#1"},
				"west": {"uv": [8, 0, 10, 0.25], "rotation": 180, "texture": "#1"},
				"up": {"uv": [8, 0, 10, 0.5], "rotation": 270, "texture": "#1"},
				"down": {"uv": [8, 0, 10, 0.5], "rotation": 90, "texture": "#1"}
			}
		},
		{
			"name": "粒子G",
			"from": [8.4647, 4.01465, 9.1],
			"to": [8.5354, 4.08535, 9.15],
			"rotation": {"angle": -22.5, "axis": "z", "origin": [8.5, 4.05, 7.5]},
			"faces": {
				"north": {"uv": [10, 0, 10, 0], "rotation": 270, "texture": "#1"},
				"east": {"uv": [8, 0, 10, 0.5], "rotation": 180, "texture": "#1"},
				"south": {"uv": [8, 0, 8, 0], "rotation": 90, "texture": "#1"},
				"west": {"uv": [8, 0, 10, 0.25], "texture": "#1"},
				"up": {"uv": [8, 0, 10, 0.5], "rotation": 90, "texture": "#1"},
				"down": {"uv": [8, 0, 10, 0.5], "rotation": 270, "texture": "#1"}
			}
		},
		{
			"name": "粒子A",
			"from": [10.25, 3.95, 7.4],
			"to": [10.3, 4.15, 7.6],
			"rotation": {"angle": -22.5, "axis": "x", "origin": [8.5, 4.05, 7.5]},
			"faces": {
				"north": {"uv": [14, 0.5, 14, 0.5], "rotation": 180, "texture": "#1"},
				"east": {"uv": [14, 0.5, 14, 0.5], "rotation": 180, "texture": "#1"},
				"south": {"uv": [14, 0.5, 14, 0.5], "rotation": 180, "texture": "#1"},
				"west": {"uv": [14, 0.5, 14, 0.5], "rotation": 180, "texture": "#1"},
				"up": {"uv": [14, 0.5, 14, 0.5], "rotation": 270, "texture": "#1"},
				"down": {"uv": [14, 0.5, 14, 0.5], "rotation": 90, "texture": "#1"}
			}
		},
		{
			"name": "粒子B",
			"from": [10.3, 3.9793, 7.4293],
			"to": [10.35, 4.1207, 7.5707],
			"rotation": {"angle": 22.5, "axis": "x", "origin": [8.5, 4.05, 7.5]},
			"faces": {
				"north": {"uv": [12, 0, 14, 0.5], "texture": "#1"},
				"east": {"uv": [12, 0, 12, 0], "rotation": 180, "texture": "#1"},
				"south": {"uv": [12, 0, 14, 0.5], "rotation": 180, "texture": "#1"},
				"west": {"uv": [14, 0, 14, 0], "rotation": 180, "texture": "#1"},
				"up": {"uv": [12, 0, 14, 0.25], "rotation": 180, "texture": "#1"},
				"down": {"uv": [12, 0, 14, 0.5], "rotation": 180, "texture": "#1"}
			}
		},
		{
			"name": "粒子E",
			"from": [10.2, 3.9793, 7.4293],
			"to": [10.25, 4.1207, 7.5707],
			"rotation": {"angle": 22.5, "axis": "x", "origin": [8.5, 4.05, 7.5]},
			"faces": {
				"north": {"uv": [12, 0, 14, 0.5], "rotation": 180, "texture": "#1"},
				"east": {"uv": [12, 0, 12, 0], "rotation": 180, "texture": "#1"},
				"south": {"uv": [12, 0, 14, 0.5], "texture": "#1"},
				"west": {"uv": [14, 0, 14, 0], "rotation": 180, "texture": "#1"},
				"up": {"uv": [12, 0, 14, 0.25], "texture": "#1"},
				"down": {"uv": [12, 0, 14, 0.5], "texture": "#1"}
			}
		},
		{
			"name": "粒子C",
			"from": [10.35, 4, 7.45],
			"to": [10.4, 4.1, 7.55],
			"rotation": {"angle": -22.5, "axis": "x", "origin": [8.5, 4.05, 7.5]},
			"faces": {
				"north": {"uv": [10, 0, 12, 0.5], "texture": "#1"},
				"east": {"uv": [10, 0, 10, 0], "rotation": 180, "texture": "#1"},
				"south": {"uv": [10, 0, 12, 0.5], "rotation": 180, "texture": "#1"},
				"west": {"uv": [12, 0, 12, 0], "rotation": 180, "texture": "#1"},
				"up": {"uv": [10, 0, 12, 0.25], "rotation": 180, "texture": "#1"},
				"down": {"uv": [10, 0, 12, 0.5], "rotation": 180, "texture": "#1"}
			}
		},
		{
			"name": "粒子F",
			"from": [10.15, 4, 7.45],
			"to": [10.2, 4.1, 7.55],
			"rotation": {"angle": -22.5, "axis": "x", "origin": [8.5, 4.05, 7.5]},
			"faces": {
				"north": {"uv": [10, 0, 12, 0.5], "rotation": 180, "texture": "#1"},
				"east": {"uv": [10, 0, 10, 0], "rotation": 180, "texture": "#1"},
				"south": {"uv": [10, 0, 12, 0.5], "texture": "#1"},
				"west": {"uv": [12, 0, 12, 0], "rotation": 180, "texture": "#1"},
				"up": {"uv": [10, 0, 12, 0.25], "texture": "#1"},
				"down": {"uv": [10, 0, 12, 0.5], "texture": "#1"}
			}
		},
		{
			"name": "粒子D",
			"from": [10.4, 4.01465, 7.4647],
			"to": [10.45, 4.08535, 7.5354],
			"rotation": {"angle": 22.5, "axis": "x", "origin": [8.5, 4.05, 7.5]},
			"faces": {
				"north": {"uv": [8, 0, 10, 0.25], "texture": "#1"},
				"east": {"uv": [8, 0, 8, 0], "rotation": 270, "texture": "#1"},
				"south": {"uv": [8, 0, 10, 0.5], "rotation": 180, "texture": "#1"},
				"west": {"uv": [10, 0, 10, 0], "rotation": 90, "texture": "#1"},
				"up": {"uv": [8, 0, 10, 0.5], "rotation": 180, "texture": "#1"},
				"down": {"uv": [8, 0, 10, 0.5], "rotation": 180, "texture": "#1"}
			}
		},
		{
			"name": "粒子G",
			"from": [10.1, 4.01465, 7.4647],
			"to": [10.15, 4.08535, 7.5354],
			"rotation": {"angle": 22.5, "axis": "x", "origin": [8.5, 4.05, 7.5]},
			"faces": {
				"north": {"uv": [8, 0, 10, 0.25], "rotation": 180, "texture": "#1"},
				"east": {"uv": [8, 0, 8, 0], "rotation": 270, "texture": "#1"},
				"south": {"uv": [8, 0, 10, 0.5], "texture": "#1"},
				"west": {"uv": [10, 0, 10, 0], "rotation": 90, "texture": "#1"},
				"up": {"uv": [8, 0, 10, 0.5], "texture": "#1"},
				"down": {"uv": [8, 0, 10, 0.5], "texture": "#1"}
			}
		},
		{
			"name": "粒子A",
			"from": [10.25, 3.95, 7.4],
			"to": [10.3, 4.15, 7.6],
			"rotation": {"angle": 22.5, "axis": "x", "origin": [8.5, 4.05, 7.5]},
			"faces": {
				"north": {"uv": [14, 0.5, 14, 0.5], "rotation": 180, "texture": "#1"},
				"east": {"uv": [14, 0.5, 14, 0.5], "rotation": 180, "texture": "#1"},
				"south": {"uv": [14, 0.5, 14, 0.5], "rotation": 180, "texture": "#1"},
				"west": {"uv": [14, 0.5, 14, 0.5], "rotation": 180, "texture": "#1"},
				"up": {"uv": [14, 0.5, 14, 0.5], "rotation": 270, "texture": "#1"},
				"down": {"uv": [14, 0.5, 14, 0.5], "rotation": 90, "texture": "#1"}
			}
		},
		{
			"name": "粒子B",
			"from": [10.3, 3.9793, 7.4293],
			"to": [10.35, 4.1207, 7.5707],
			"rotation": {"angle": -22.5, "axis": "x", "origin": [8.5, 4.05, 7.5]},
			"faces": {
				"north": {"uv": [12, 0, 14, 0.5], "texture": "#1"},
				"east": {"uv": [12, 0, 12, 0], "rotation": 90, "texture": "#1"},
				"south": {"uv": [12, 0, 14, 0.25], "rotation": 180, "texture": "#1"},
				"west": {"uv": [14, 0, 14, 0], "rotation": 270, "texture": "#1"},
				"up": {"uv": [12, 0, 14, 0.5], "rotation": 180, "texture": "#1"},
				"down": {"uv": [12, 0, 14, 0.5], "rotation": 180, "texture": "#1"}
			}
		},
		{
			"name": "粒子E",
			"from": [10.2, 3.9793, 7.4293],
			"to": [10.25, 4.1207, 7.5707],
			"rotation": {"angle": -22.5, "axis": "x", "origin": [8.5, 4.05, 7.5]},
			"faces": {
				"north": {"uv": [12, 0, 14, 0.5], "rotation": 180, "texture": "#1"},
				"east": {"uv": [12, 0, 12, 0], "rotation": 90, "texture": "#1"},
				"south": {"uv": [12, 0, 14, 0.25], "texture": "#1"},
				"west": {"uv": [14, 0, 14, 0], "rotation": 270, "texture": "#1"},
				"up": {"uv": [12, 0, 14, 0.5], "texture": "#1"},
				"down": {"uv": [12, 0, 14, 0.5], "texture": "#1"}
			}
		},
		{
			"name": "粒子C",
			"from": [10.35, 4, 7.45],
			"to": [10.4, 4.1, 7.55],
			"rotation": {"angle": 22.5, "axis": "x", "origin": [8.5, 4.05, 7.5]},
			"faces": {
				"north": {"uv": [10, 0, 12, 0.5], "texture": "#1"},
				"east": {"uv": [10, 0, 10, 0], "rotation": 180, "texture": "#1"},
				"south": {"uv": [10, 0, 12, 0.5], "rotation": 180, "texture": "#1"},
				"west": {"uv": [12, 0, 12, 0], "rotation": 180, "texture": "#1"},
				"up": {"uv": [10, 0, 12, 0.25], "rotation": 180, "texture": "#1"},
				"down": {"uv": [10, 0, 12, 0.5], "rotation": 180, "texture": "#1"}
			}
		},
		{
			"name": "粒子F",
			"from": [10.15, 4, 7.45],
			"to": [10.2, 4.1, 7.55],
			"rotation": {"angle": 22.5, "axis": "x", "origin": [8.5, 4.05, 7.5]},
			"faces": {
				"north": {"uv": [10, 0, 12, 0.5], "rotation": 180, "texture": "#1"},
				"east": {"uv": [10, 0, 10, 0], "rotation": 180, "texture": "#1"},
				"south": {"uv": [10, 0, 12, 0.5], "texture": "#1"},
				"west": {"uv": [12, 0, 12, 0], "rotation": 180, "texture": "#1"},
				"up": {"uv": [10, 0, 12, 0.25], "texture": "#1"},
				"down": {"uv": [10, 0, 12, 0.5], "texture": "#1"}
			}
		},
		{
			"name": "粒子D",
			"from": [10.4, 4.0146, 7.46465],
			"to": [10.45, 4.0853, 7.53535],
			"rotation": {"angle": -22.5, "axis": "x", "origin": [8.5, 4.05, 7.5]},
			"faces": {
				"north": {"uv": [8, 0, 10, 0.5], "texture": "#1"},
				"east": {"uv": [8, 0, 8, 0], "rotation": 180, "texture": "#1"},
				"south": {"uv": [8, 0, 10, 0.5], "rotation": 180, "texture": "#1"},
				"west": {"uv": [10, 0, 10, 0], "rotation": 180, "texture": "#1"},
				"up": {"uv": [8, 0, 10, 0.25], "rotation": 180, "texture": "#1"},
				"down": {"uv": [8, 0, 10, 0.5], "rotation": 180, "texture": "#1"}
			}
		},
		{
			"name": "粒子G",
			"from": [10.1, 4.0146, 7.46465],
			"to": [10.15, 4.0853, 7.53535],
			"rotation": {"angle": -22.5, "axis": "x", "origin": [8.5, 4.05, 7.5]},
			"faces": {
				"north": {"uv": [8, 0, 10, 0.5], "rotation": 180, "texture": "#1"},
				"east": {"uv": [8, 0, 8, 0], "rotation": 180, "texture": "#1"},
				"south": {"uv": [8, 0, 10, 0.5], "texture": "#1"},
				"west": {"uv": [10, 0, 10, 0], "rotation": 180, "texture": "#1"},
				"up": {"uv": [8, 0, 10, 0.25], "texture": "#1"},
				"down": {"uv": [8, 0, 10, 0.5], "texture": "#1"}
			}
		},
		{
			"from": [8.1465, 4.1, 7.1465],
			"to": [8.8535, 4.4, 7.8535],
			"rotation": {"angle": 45, "axis": "y", "origin": [8.5, 4.5, 7.5]},
			"faces": {
				"north": {"uv": [8, 0, 11, 0.5], "rotation": 270, "texture": "#1"},
				"east": {"uv": [8, 0, 11, 0.5], "rotation": 270, "texture": "#1"},
				"south": {"uv": [8, 0, 11, 0.5], "rotation": 270, "texture": "#1"},
				"west": {"uv": [8, 0, 11, 0.5], "rotation": 270, "texture": "#1"},
				"up": {"uv": [11, 0, 11, 0.75], "rotation": 270, "texture": "#1"},
				"down": {"uv": [8, 0, 8, 0.5], "rotation": 270, "texture": "#1"}
			}
		},
		{
			"from": [8, 0.5, 7.4],
			"to": [9, 4, 7.598],
			"rotation": {"angle": 0, "axis": "y", "origin": [8, 8, 8.4]},
			"faces": {
				"north": {"uv": [12, 0, 12.25, 16], "texture": "#1"},
				"east": {"uv": [12, 0, 12.25, 16], "texture": "#1"},
				"south": {"uv": [12, 0, 12.25, 16], "texture": "#1"},
				"west": {"uv": [12, 0, 12.25, 16], "texture": "#1"},
				"up": {"uv": [12, 0, 12.25, 16], "texture": "#1"},
				"down": {"uv": [12, 0, 12.25, 16], "texture": "#1"}
			}
		},
		{
			"name": "ひしがたのやつ",
			"from": [8.105, 3.4, 7.399],
			"to": [8.53796, 3.5, 7.5992],
			"rotation": {"angle": 22.5, "axis": "z", "origin": [8.3, 3.45, 7.9]},
			"faces": {
				"north": {"uv": [12, 0, 12.5, 16], "texture": "#1"},
				"east": {"uv": [12, 0, 12.5, 16], "texture": "#1"},
				"south": {"uv": [12, 0, 12.5, 16], "texture": "#1"},
				"west": {"uv": [12, 0, 12.5, 16], "texture": "#1"},
				"up": {"uv": [12, 0, 12.5, 16], "texture": "#1"},
				"down": {"uv": [12, 0, 12.5, 16], "texture": "#1"}
			}
		},
		{
			"name": "ひしがたのやつ",
			"from": [8.465, 3.4, 7.399],
			"to": [8.89796, 3.5, 7.5992],
			"rotation": {"angle": -22.5, "axis": "z", "origin": [8.7, 3.45, 7.9]},
			"faces": {
				"north": {"uv": [12, 0, 12.5, 16], "texture": "#1"},
				"east": {"uv": [12, 0, 12.5, 16], "texture": "#1"},
				"south": {"uv": [12, 0, 12.5, 16], "texture": "#1"},
				"west": {"uv": [12, 0, 12.5, 16], "texture": "#1"},
				"up": {"uv": [12, 0, 12.5, 16], "texture": "#1"},
				"down": {"uv": [12, 0, 12.5, 16], "texture": "#1"}
			}
		},
		{
			"name": "ひしがたのやつ",
			"from": [8.105, 3.2343, 7.399],
			"to": [8.538, 3.3343, 7.5992],
			"rotation": {"angle": -22.5, "axis": "z", "origin": [8.3, 3.2843, 7.9]},
			"faces": {
				"north": {"uv": [12, 0, 12.5, 16], "rotation": 180, "texture": "#1"},
				"east": {"uv": [12, 0, 12.5, 16], "rotation": 180, "texture": "#1"},
				"south": {"uv": [12, 0, 12.5, 16], "rotation": 180, "texture": "#1"},
				"west": {"uv": [12, 0, 12.5, 16], "rotation": 180, "texture": "#1"},
				"up": {"uv": [12, 0, 12.5, 16], "rotation": 180, "texture": "#1"},
				"down": {"uv": [12, 0, 12.5, 16], "rotation": 180, "texture": "#1"}
			}
		},
		{
			"name": "ひしがたのやつ",
			"from": [8.465, 3.2343, 7.399],
			"to": [8.898, 3.3343, 7.5992],
			"rotation": {"angle": 22.5, "axis": "z", "origin": [8.7, 3.2843, 7.9]},
			"faces": {
				"north": {"uv": [12, 0, 12.5, 16], "rotation": 180, "texture": "#1"},
				"east": {"uv": [12, 0, 12.5, 16], "rotation": 180, "texture": "#1"},
				"south": {"uv": [12, 0, 12.5, 16], "rotation": 180, "texture": "#1"},
				"west": {"uv": [12, 0, 12.5, 16], "rotation": 180, "texture": "#1"},
				"up": {"uv": [12, 0, 12.5, 16], "rotation": 180, "texture": "#1"},
				"down": {"uv": [12, 0, 12.5, 16], "rotation": 180, "texture": "#1"}
			}
		},
		{
			"name": "ひしがたのやつ",
			"from": [8.25, 3.25, 7.3995],
			"to": [8.75, 3.48, 7.5985],
			"rotation": {"angle": 0, "axis": "z", "origin": [8.3, 3.45, 7.9]},
			"faces": {
				"north": {"uv": [5, 0, 10, 16], "rotation": 180, "texture": "#1"},
				"east": {"uv": [5, 0, 10, 16], "rotation": 180, "texture": "#1"},
				"south": {"uv": [5, 0, 10, 16], "texture": "#1"},
				"west": {"uv": [5, 0, 10, 16], "rotation": 180, "texture": "#1"},
				"up": {"uv": [5, 0, 10, 16], "rotation": 180, "texture": "#1"},
				"down": {"uv": [5, 0, 10, 16], "rotation": 180, "texture": "#1"}
			}
		},
		{
			"name": "ひしがたのやつ",
			"from": [8.2, 3.3, 7.3995],
			"to": [8.8, 3.4, 7.5985],
			"rotation": {"angle": 0, "axis": "z", "origin": [8.3, 3.45, 7.9]},
			"faces": {
				"north": {"uv": [5, 0, 10, 16], "rotation": 180, "texture": "#1"},
				"east": {"uv": [5, 0, 10, 16], "rotation": 180, "texture": "#1"},
				"south": {"uv": [5, 0, 10, 16], "texture": "#1"},
				"west": {"uv": [5, 0, 10, 16], "rotation": 180, "texture": "#1"},
				"up": {"uv": [5, 0, 10, 16], "rotation": 180, "texture": "#1"},
				"down": {"uv": [5, 0, 10, 16], "rotation": 180, "texture": "#1"}
			}
		},
		{
			"name": "ひしがたのやつ",
			"from": [8.105, 1, 7.399],
			"to": [8.53796, 1.1, 7.5992],
			"rotation": {"angle": 22.5, "axis": "z", "origin": [8.3, 1.05, 7.9]},
			"faces": {
				"north": {"uv": [12, 0, 12.5, 16], "texture": "#1"},
				"east": {"uv": [12, 0, 12.5, 16], "texture": "#1"},
				"south": {"uv": [12, 0, 12.5, 16], "texture": "#1"},
				"west": {"uv": [12, 0, 12.5, 16], "texture": "#1"},
				"up": {"uv": [12, 0, 12.5, 16], "texture": "#1"},
				"down": {"uv": [12, 0, 12.5, 16], "texture": "#1"}
			}
		},
		{
			"name": "ひしがたのやつ",
			"from": [8.465, 1, 7.399],
			"to": [8.89796, 1.1, 7.5992],
			"rotation": {"angle": -22.5, "axis": "z", "origin": [8.7, 1.05, 7.9]},
			"faces": {
				"north": {"uv": [12, 0, 12.5, 16], "texture": "#1"},
				"east": {"uv": [12, 0, 12.5, 16], "texture": "#1"},
				"south": {"uv": [12, 0, 12.5, 16], "texture": "#1"},
				"west": {"uv": [12, 0, 12.5, 16], "texture": "#1"},
				"up": {"uv": [12, 0, 12.5, 16], "texture": "#1"},
				"down": {"uv": [12, 0, 12.5, 16], "texture": "#1"}
			}
		},
		{
			"name": "ひしがたのやつ",
			"from": [8.105, 0.83431, 7.399],
			"to": [8.538, 0.93431, 7.5992],
			"rotation": {"angle": -22.5, "axis": "z", "origin": [8.3, 0.88431, 7.9]},
			"faces": {
				"north": {"uv": [12, 0, 12.5, 16], "rotation": 180, "texture": "#1"},
				"east": {"uv": [12, 0, 12.5, 16], "rotation": 180, "texture": "#1"},
				"south": {"uv": [12, 0, 12.5, 16], "rotation": 180, "texture": "#1"},
				"west": {"uv": [12, 0, 12.5, 16], "rotation": 180, "texture": "#1"},
				"up": {"uv": [12, 0, 12.5, 16], "rotation": 180, "texture": "#1"},
				"down": {"uv": [12, 0, 12.5, 16], "rotation": 180, "texture": "#1"}
			}
		},
		{
			"name": "ひしがたのやつ",
			"from": [8.465, 0.83431, 7.399],
			"to": [8.898, 0.93431, 7.5992],
			"rotation": {"angle": 22.5, "axis": "z", "origin": [8.7, 0.88431, 7.9]},
			"faces": {
				"north": {"uv": [12, 0, 12.5, 16], "rotation": 180, "texture": "#1"},
				"east": {"uv": [12, 0, 12.5, 16], "rotation": 180, "texture": "#1"},
				"south": {"uv": [12, 0, 12.5, 16], "rotation": 180, "texture": "#1"},
				"west": {"uv": [12, 0, 12.5, 16], "rotation": 180, "texture": "#1"},
				"up": {"uv": [12, 0, 12.5, 16], "rotation": 180, "texture": "#1"},
				"down": {"uv": [12, 0, 12.5, 16], "rotation": 180, "texture": "#1"}
			}
		},
		{
			"name": "ひしがたのなか2",
			"from": [8.25, 0.85, 7.3995],
			"to": [8.75, 1.08, 7.5985],
			"rotation": {"angle": 0, "axis": "z", "origin": [8.3, 1.05, 7.9]},
			"faces": {
				"north": {"uv": [5, 0, 10, 16], "rotation": 180, "texture": "#1"},
				"east": {"uv": [5, 0, 10, 16], "rotation": 180, "texture": "#1"},
				"south": {"uv": [5, 0, 10, 16], "texture": "#1"},
				"west": {"uv": [5, 0, 10, 16], "rotation": 180, "texture": "#1"},
				"up": {"uv": [5, 0, 10, 16], "rotation": 180, "texture": "#1"},
				"down": {"uv": [5, 0, 10, 16], "rotation": 180, "texture": "#1"}
			}
		},
		{
			"name": "ひしがたのなか3",
			"from": [8.2, 0.9, 7.3995],
			"to": [8.8, 1, 7.5985],
			"rotation": {"angle": 0, "axis": "z", "origin": [8.3, 1.05, 7.9]},
			"faces": {
				"north": {"uv": [5, 0, 10, 16], "rotation": 180, "texture": "#1"},
				"east": {"uv": [5, 0, 10, 16], "rotation": 180, "texture": "#1"},
				"south": {"uv": [5, 0, 10, 16], "texture": "#1"},
				"west": {"uv": [5, 0, 10, 16], "rotation": 180, "texture": "#1"},
				"up": {"uv": [5, 0, 10, 16], "rotation": 180, "texture": "#1"},
				"down": {"uv": [5, 0, 10, 16], "rotation": 180, "texture": "#1"}
			}
		},
		{
			"name": "ひしがたのやつ",
			"from": [8.105, 1.4, 7.399],
			"to": [8.53796, 1.5, 7.5992],
			"rotation": {"angle": 22.5, "axis": "z", "origin": [8.3, 1.45, 7.9]},
			"faces": {
				"north": {"uv": [12, 0, 12.5, 16], "texture": "#1"},
				"east": {"uv": [12, 0, 12.5, 16], "texture": "#1"},
				"south": {"uv": [12, 0, 12.5, 16], "texture": "#1"},
				"west": {"uv": [12, 0, 12.5, 16], "texture": "#1"},
				"up": {"uv": [12, 0, 12.5, 16], "texture": "#1"},
				"down": {"uv": [12, 0, 12.5, 16], "texture": "#1"}
			}
		},
		{
			"name": "ひしがたのやつ",
			"from": [8.465, 1.4, 7.399],
			"to": [8.89796, 1.5, 7.5992],
			"rotation": {"angle": -22.5, "axis": "z", "origin": [8.7, 1.45, 7.9]},
			"faces": {
				"north": {"uv": [12, 0, 12.5, 16], "texture": "#1"},
				"east": {"uv": [12, 0, 12.5, 16], "texture": "#1"},
				"south": {"uv": [12, 0, 12.5, 16], "texture": "#1"},
				"west": {"uv": [12, 0, 12.5, 16], "texture": "#1"},
				"up": {"uv": [12, 0, 12.5, 16], "texture": "#1"},
				"down": {"uv": [12, 0, 12.5, 16], "texture": "#1"}
			}
		},
		{
			"name": "ひしがたのやつ",
			"from": [8.105, 1.2343, 7.399],
			"to": [8.538, 1.3343, 7.5992],
			"rotation": {"angle": -22.5, "axis": "z", "origin": [8.3, 1.2843, 7.9]},
			"faces": {
				"north": {"uv": [12, 0, 12.5, 16], "rotation": 180, "texture": "#1"},
				"east": {"uv": [12, 0, 12.5, 16], "rotation": 180, "texture": "#1"},
				"south": {"uv": [12, 0, 12.5, 16], "rotation": 180, "texture": "#1"},
				"west": {"uv": [12, 0, 12.5, 16], "rotation": 180, "texture": "#1"},
				"up": {"uv": [12, 0, 12.5, 16], "rotation": 180, "texture": "#1"},
				"down": {"uv": [12, 0, 12.5, 16], "rotation": 180, "texture": "#1"}
			}
		},
		{
			"name": "ひしがたのやつ",
			"from": [8.465, 1.2343, 7.399],
			"to": [8.898, 1.3343, 7.5992],
			"rotation": {"angle": 22.5, "axis": "z", "origin": [8.7, 1.2843, 7.9]},
			"faces": {
				"north": {"uv": [12, 0, 12.5, 16], "rotation": 180, "texture": "#1"},
				"east": {"uv": [12, 0, 12.5, 16], "rotation": 180, "texture": "#1"},
				"south": {"uv": [12, 0, 12.5, 16], "rotation": 180, "texture": "#1"},
				"west": {"uv": [12, 0, 12.5, 16], "rotation": 180, "texture": "#1"},
				"up": {"uv": [12, 0, 12.5, 16], "rotation": 180, "texture": "#1"},
				"down": {"uv": [12, 0, 12.5, 16], "rotation": 180, "texture": "#1"}
			}
		},
		{
			"name": "ひしがたのやつ",
			"from": [8.25, 1.25, 7.3995],
			"to": [8.75, 1.48, 7.5985],
			"rotation": {"angle": 0, "axis": "z", "origin": [8.3, 1.45, 7.9]},
			"faces": {
				"north": {"uv": [5, 0, 10, 16], "rotation": 180, "texture": "#1"},
				"east": {"uv": [5, 0, 10, 16], "rotation": 180, "texture": "#1"},
				"south": {"uv": [5, 0, 10, 16], "texture": "#1"},
				"west": {"uv": [5, 0, 10, 16], "rotation": 180, "texture": "#1"},
				"up": {"uv": [5, 0, 10, 16], "rotation": 180, "texture": "#1"},
				"down": {"uv": [5, 0, 10, 16], "rotation": 180, "texture": "#1"}
			}
		},
		{
			"name": "ひしがたのやつ",
			"from": [8.2, 1.3, 7.3995],
			"to": [8.8, 1.4, 7.5985],
			"rotation": {"angle": 0, "axis": "z", "origin": [8.3, 1.45, 7.9]},
			"faces": {
				"north": {"uv": [5, 0, 10, 16], "rotation": 180, "texture": "#1"},
				"east": {"uv": [5, 0, 10, 16], "rotation": 180, "texture": "#1"},
				"south": {"uv": [5, 0, 10, 16], "texture": "#1"},
				"west": {"uv": [5, 0, 10, 16], "rotation": 180, "texture": "#1"},
				"up": {"uv": [5, 0, 10, 16], "rotation": 180, "texture": "#1"},
				"down": {"uv": [5, 0, 10, 16], "rotation": 180, "texture": "#1"}
			}
		},
		{
			"name": "ひしがたのやつ",
			"from": [8.105, 1.8, 7.399],
			"to": [8.53796, 1.9, 7.5992],
			"rotation": {"angle": 22.5, "axis": "z", "origin": [8.3, 1.85, 7.9]},
			"faces": {
				"north": {"uv": [12, 0, 12.5, 16], "texture": "#1"},
				"east": {"uv": [12, 0, 12.5, 16], "texture": "#1"},
				"south": {"uv": [12, 0, 12.5, 16], "texture": "#1"},
				"west": {"uv": [12, 0, 12.5, 16], "texture": "#1"},
				"up": {"uv": [12, 0, 12.5, 16], "texture": "#1"},
				"down": {"uv": [12, 0, 12.5, 16], "texture": "#1"}
			}
		},
		{
			"name": "ひしがたのやつ",
			"from": [8.465, 1.8, 7.399],
			"to": [8.89796, 1.9, 7.5992],
			"rotation": {"angle": -22.5, "axis": "z", "origin": [8.7, 1.85, 7.9]},
			"faces": {
				"north": {"uv": [12, 0, 12.5, 16], "texture": "#1"},
				"east": {"uv": [12, 0, 12.5, 16], "texture": "#1"},
				"south": {"uv": [12, 0, 12.5, 16], "texture": "#1"},
				"west": {"uv": [12, 0, 12.5, 16], "texture": "#1"},
				"up": {"uv": [12, 0, 12.5, 16], "texture": "#1"},
				"down": {"uv": [12, 0, 12.5, 16], "texture": "#1"}
			}
		},
		{
			"name": "ひしがたのやつ",
			"from": [8.105, 1.6343, 7.399],
			"to": [8.538, 1.7343, 7.5992],
			"rotation": {"angle": -22.5, "axis": "z", "origin": [8.3, 1.6843, 7.9]},
			"faces": {
				"north": {"uv": [12, 0, 12.5, 16], "rotation": 180, "texture": "#1"},
				"east": {"uv": [12, 0, 12.5, 16], "rotation": 180, "texture": "#1"},
				"south": {"uv": [12, 0, 12.5, 16], "rotation": 180, "texture": "#1"},
				"west": {"uv": [12, 0, 12.5, 16], "rotation": 180, "texture": "#1"},
				"up": {"uv": [12, 0, 12.5, 16], "rotation": 180, "texture": "#1"},
				"down": {"uv": [12, 0, 12.5, 16], "rotation": 180, "texture": "#1"}
			}
		},
		{
			"name": "ひしがたのやつ",
			"from": [8.465, 1.6343, 7.399],
			"to": [8.898, 1.7343, 7.5992],
			"rotation": {"angle": 22.5, "axis": "z", "origin": [8.7, 1.6843, 7.9]},
			"faces": {
				"north": {"uv": [12, 0, 12.5, 16], "rotation": 180, "texture": "#1"},
				"east": {"uv": [12, 0, 12.5, 16], "rotation": 180, "texture": "#1"},
				"south": {"uv": [12, 0, 12.5, 16], "rotation": 180, "texture": "#1"},
				"west": {"uv": [12, 0, 12.5, 16], "rotation": 180, "texture": "#1"},
				"up": {"uv": [12, 0, 12.5, 16], "rotation": 180, "texture": "#1"},
				"down": {"uv": [12, 0, 12.5, 16], "rotation": 180, "texture": "#1"}
			}
		},
		{
			"name": "ひしがたのやつ",
			"from": [8.25, 1.65, 7.3995],
			"to": [8.75, 1.88, 7.5985],
			"rotation": {"angle": 0, "axis": "z", "origin": [8.3, 1.85, 7.9]},
			"faces": {
				"north": {"uv": [5, 0, 10, 16], "rotation": 180, "texture": "#1"},
				"east": {"uv": [5, 0, 10, 16], "rotation": 180, "texture": "#1"},
				"south": {"uv": [5, 0, 10, 16], "texture": "#1"},
				"west": {"uv": [5, 0, 10, 16], "rotation": 180, "texture": "#1"},
				"up": {"uv": [5, 0, 10, 16], "rotation": 180, "texture": "#1"},
				"down": {"uv": [5, 0, 10, 16], "rotation": 180, "texture": "#1"}
			}
		},
		{
			"name": "ひしがたのやつ",
			"from": [8.2, 1.7, 7.3995],
			"to": [8.8, 1.8, 7.5985],
			"rotation": {"angle": 0, "axis": "z", "origin": [8.3, 1.85, 7.9]},
			"faces": {
				"north": {"uv": [5, 0, 10, 16], "rotation": 180, "texture": "#1"},
				"east": {"uv": [5, 0, 10, 16], "rotation": 180, "texture": "#1"},
				"south": {"uv": [5, 0, 10, 16], "texture": "#1"},
				"west": {"uv": [5, 0, 10, 16], "rotation": 180, "texture": "#1"},
				"up": {"uv": [5, 0, 10, 16], "rotation": 180, "texture": "#1"},
				"down": {"uv": [5, 0, 10, 16], "rotation": 180, "texture": "#1"}
			}
		},
		{
			"name": "ひしがたのやつ",
			"from": [8.105, 2.2, 7.399],
			"to": [8.53796, 2.3, 7.5992],
			"rotation": {"angle": 22.5, "axis": "z", "origin": [8.3, 2.25, 7.9]},
			"faces": {
				"north": {"uv": [12, 0, 12.5, 16], "texture": "#1"},
				"east": {"uv": [12, 0, 12.5, 16], "texture": "#1"},
				"south": {"uv": [12, 0, 12.5, 16], "texture": "#1"},
				"west": {"uv": [12, 0, 12.5, 16], "texture": "#1"},
				"up": {"uv": [12, 0, 12.5, 16], "texture": "#1"},
				"down": {"uv": [12, 0, 12.5, 16], "texture": "#1"}
			}
		},
		{
			"name": "ひしがたのやつ",
			"from": [8.465, 2.2, 7.399],
			"to": [8.89796, 2.3, 7.5992],
			"rotation": {"angle": -22.5, "axis": "z", "origin": [8.7, 2.25, 7.9]},
			"faces": {
				"north": {"uv": [12, 0, 12.5, 16], "texture": "#1"},
				"east": {"uv": [12, 0, 12.5, 16], "texture": "#1"},
				"south": {"uv": [12, 0, 12.5, 16], "texture": "#1"},
				"west": {"uv": [12, 0, 12.5, 16], "texture": "#1"},
				"up": {"uv": [12, 0, 12.5, 16], "texture": "#1"},
				"down": {"uv": [12, 0, 12.5, 16], "texture": "#1"}
			}
		},
		{
			"name": "ひしがたのやつ",
			"from": [8.105, 2.0343, 7.399],
			"to": [8.538, 2.1343, 7.5992],
			"rotation": {"angle": -22.5, "axis": "z", "origin": [8.3, 2.0843, 7.9]},
			"faces": {
				"north": {"uv": [12, 0, 12.5, 16], "rotation": 180, "texture": "#1"},
				"east": {"uv": [12, 0, 12.5, 16], "rotation": 180, "texture": "#1"},
				"south": {"uv": [12, 0, 12.5, 16], "rotation": 180, "texture": "#1"},
				"west": {"uv": [12, 0, 12.5, 16], "rotation": 180, "texture": "#1"},
				"up": {"uv": [12, 0, 12.5, 16], "rotation": 180, "texture": "#1"},
				"down": {"uv": [12, 0, 12.5, 16], "rotation": 180, "texture": "#1"}
			}
		},
		{
			"name": "ひしがたのやつ",
			"from": [8.465, 2.0343, 7.399],
			"to": [8.898, 2.1343, 7.5992],
			"rotation": {"angle": 22.5, "axis": "z", "origin": [8.7, 2.0843, 7.9]},
			"faces": {
				"north": {"uv": [12, 0, 12.5, 16], "rotation": 180, "texture": "#1"},
				"east": {"uv": [12, 0, 12.5, 16], "rotation": 180, "texture": "#1"},
				"south": {"uv": [12, 0, 12.5, 16], "rotation": 180, "texture": "#1"},
				"west": {"uv": [12, 0, 12.5, 16], "rotation": 180, "texture": "#1"},
				"up": {"uv": [12, 0, 12.5, 16], "rotation": 180, "texture": "#1"},
				"down": {"uv": [12, 0, 12.5, 16], "rotation": 180, "texture": "#1"}
			}
		},
		{
			"name": "ひしがたのやつ",
			"from": [8.25, 2.05, 7.3995],
			"to": [8.75, 2.28, 7.5985],
			"rotation": {"angle": 0, "axis": "z", "origin": [8.3, 2.25, 7.9]},
			"faces": {
				"north": {"uv": [5, 0, 10, 16], "rotation": 180, "texture": "#1"},
				"east": {"uv": [8, 0, 12, 16], "rotation": 180, "texture": "#1"},
				"south": {"uv": [5, 0, 10, 16], "texture": "#1"},
				"west": {"uv": [8, 0, 12, 16], "rotation": 180, "texture": "#1"},
				"up": {"uv": [8, 0, 12, 16], "rotation": 180, "texture": "#1"},
				"down": {"uv": [8, 0, 12, 16], "rotation": 180, "texture": "#1"}
			}
		},
		{
			"name": "ひしがたのやつ",
			"from": [8.2, 2.1, 7.3995],
			"to": [8.8, 2.2, 7.5985],
			"rotation": {"angle": 0, "axis": "z", "origin": [8.3, 2.25, 7.9]},
			"faces": {
				"north": {"uv": [5, 0, 10, 16], "rotation": 180, "texture": "#1"},
				"east": {"uv": [5, 0, 10, 16], "rotation": 180, "texture": "#1"},
				"south": {"uv": [5, 0, 10, 16], "rotation": 180, "texture": "#1"},
				"west": {"uv": [5, 0, 10, 16], "rotation": 180, "texture": "#1"},
				"up": {"uv": [5, 0, 10, 16], "rotation": 180, "texture": "#1"},
				"down": {"uv": [5, 0, 10, 16], "rotation": 180, "texture": "#1"}
			}
		},
		{
			"name": "ひしがたのやつ",
			"from": [8.105, 2.6, 7.399],
			"to": [8.53796, 2.7, 7.5992],
			"rotation": {"angle": 22.5, "axis": "z", "origin": [8.3, 2.65, 7.9]},
			"faces": {
				"north": {"uv": [12, 0, 12.5, 16], "texture": "#1"},
				"east": {"uv": [12, 0, 12.5, 16], "texture": "#1"},
				"south": {"uv": [12, 0, 12.5, 16], "texture": "#1"},
				"west": {"uv": [12, 0, 12.5, 16], "texture": "#1"},
				"up": {"uv": [12, 0, 12.5, 16], "texture": "#1"},
				"down": {"uv": [12, 0, 12.5, 16], "texture": "#1"}
			}
		},
		{
			"name": "ひしがたのやつ",
			"from": [8.465, 2.6, 7.399],
			"to": [8.89796, 2.7, 7.5992],
			"rotation": {"angle": -22.5, "axis": "z", "origin": [8.7, 2.65, 7.9]},
			"faces": {
				"north": {"uv": [12, 0, 12.5, 16], "texture": "#1"},
				"east": {"uv": [12, 0, 12.5, 16], "texture": "#1"},
				"south": {"uv": [12, 0, 12.5, 16], "texture": "#1"},
				"west": {"uv": [12, 0, 12.5, 16], "texture": "#1"},
				"up": {"uv": [12, 0, 12.5, 16], "texture": "#1"},
				"down": {"uv": [12, 0, 12.5, 16], "texture": "#1"}
			}
		},
		{
			"name": "ひしがたのやつ",
			"from": [8.105, 2.4343, 7.399],
			"to": [8.538, 2.5343, 7.5992],
			"rotation": {"angle": -22.5, "axis": "z", "origin": [8.3, 2.4843, 7.9]},
			"faces": {
				"north": {"uv": [12, 0, 12.5, 16], "rotation": 180, "texture": "#1"},
				"east": {"uv": [12, 0, 12.5, 16], "rotation": 180, "texture": "#1"},
				"south": {"uv": [12, 0, 12.5, 16], "rotation": 180, "texture": "#1"},
				"west": {"uv": [12, 0, 12.5, 16], "rotation": 180, "texture": "#1"},
				"up": {"uv": [12, 0, 12.5, 16], "rotation": 180, "texture": "#1"},
				"down": {"uv": [12, 0, 12.5, 16], "rotation": 180, "texture": "#1"}
			}
		},
		{
			"name": "ひしがたのやつ",
			"from": [8.465, 2.4343, 7.399],
			"to": [8.898, 2.5343, 7.5992],
			"rotation": {"angle": 22.5, "axis": "z", "origin": [8.7, 2.4843, 7.9]},
			"faces": {
				"north": {"uv": [12, 0, 12.5, 16], "rotation": 180, "texture": "#1"},
				"east": {"uv": [12, 0, 12.5, 16], "rotation": 180, "texture": "#1"},
				"south": {"uv": [12, 0, 12.5, 16], "rotation": 180, "texture": "#1"},
				"west": {"uv": [12, 0, 12.5, 16], "rotation": 180, "texture": "#1"},
				"up": {"uv": [12, 0, 12.5, 16], "rotation": 180, "texture": "#1"},
				"down": {"uv": [12, 0, 12.5, 16], "rotation": 180, "texture": "#1"}
			}
		},
		{
			"name": "ひしがたのやつ",
			"from": [8.25, 2.45, 7.3995],
			"to": [8.75, 2.68, 7.5985],
			"rotation": {"angle": 0, "axis": "z", "origin": [8.3, 2.65, 7.9]},
			"faces": {
				"north": {"uv": [5, 0, 10, 16], "rotation": 180, "texture": "#1"},
				"east": {"uv": [5, 0, 10, 16], "rotation": 180, "texture": "#1"},
				"south": {"uv": [5, 0, 10, 16], "texture": "#1"},
				"west": {"uv": [5, 0, 10, 16], "rotation": 180, "texture": "#1"},
				"up": {"uv": [5, 0, 10, 16], "rotation": 180, "texture": "#1"},
				"down": {"uv": [5, 0, 10, 16], "rotation": 180, "texture": "#1"}
			}
		},
		{
			"name": "ひしがたのやつ",
			"from": [8.2, 2.5, 7.3995],
			"to": [8.8, 2.6, 7.5985],
			"rotation": {"angle": 0, "axis": "z", "origin": [8.3, 2.65, 7.9]},
			"faces": {
				"north": {"uv": [5, 0, 10, 16], "rotation": 180, "texture": "#1"},
				"east": {"uv": [5, 0, 10, 16], "rotation": 180, "texture": "#1"},
				"south": {"uv": [5, 0, 10, 16], "texture": "#1"},
				"west": {"uv": [5, 0, 10, 16], "rotation": 180, "texture": "#1"},
				"up": {"uv": [5, 0, 10, 16], "rotation": 180, "texture": "#1"},
				"down": {"uv": [5, 0, 10, 16], "rotation": 180, "texture": "#1"}
			}
		},
		{
			"name": "ひしがたのやつ",
			"from": [8.105, 3, 7.399],
			"to": [8.53796, 3.1, 7.5992],
			"rotation": {"angle": 22.5, "axis": "z", "origin": [8.3, 3.05, 7.9]},
			"faces": {
				"north": {"uv": [12, 0, 12.5, 16], "texture": "#1"},
				"east": {"uv": [12, 0, 12.5, 16], "texture": "#1"},
				"south": {"uv": [12, 0, 12.5, 16], "texture": "#1"},
				"west": {"uv": [12, 0, 12.5, 16], "texture": "#1"},
				"up": {"uv": [12, 0, 12.5, 16], "texture": "#1"},
				"down": {"uv": [12, 0, 12.5, 16], "texture": "#1"}
			}
		},
		{
			"name": "ひしがたのやつ",
			"from": [8.465, 3, 7.399],
			"to": [8.89796, 3.1, 7.5992],
			"rotation": {"angle": -22.5, "axis": "z", "origin": [8.7, 3.05, 7.9]},
			"faces": {
				"north": {"uv": [12, 0, 12.5, 16], "texture": "#1"},
				"east": {"uv": [12, 0, 12.5, 16], "texture": "#1"},
				"south": {"uv": [12, 0, 12.5, 16], "texture": "#1"},
				"west": {"uv": [12, 0, 12.5, 16], "texture": "#1"},
				"up": {"uv": [12, 0, 12.5, 16], "texture": "#1"},
				"down": {"uv": [12, 0, 12.5, 16], "texture": "#1"}
			}
		},
		{
			"name": "ひしがたのやつ",
			"from": [8.105, 2.83431, 7.399],
			"to": [8.538, 2.93431, 7.5992],
			"rotation": {"angle": -22.5, "axis": "z", "origin": [8.3, 2.88431, 7.9]},
			"faces": {
				"north": {"uv": [12, 0, 12.5, 16], "rotation": 180, "texture": "#1"},
				"east": {"uv": [12, 0, 12.5, 16], "rotation": 180, "texture": "#1"},
				"south": {"uv": [12, 0, 12.5, 16], "rotation": 180, "texture": "#1"},
				"west": {"uv": [12, 0, 12.5, 16], "rotation": 180, "texture": "#1"},
				"up": {"uv": [12, 0, 12.5, 16], "rotation": 180, "texture": "#1"},
				"down": {"uv": [12, 0, 12.5, 16], "rotation": 180, "texture": "#1"}
			}
		},
		{
			"name": "ひしがたのやつ",
			"from": [8.465, 2.83431, 7.399],
			"to": [8.898, 2.93431, 7.5992],
			"rotation": {"angle": 22.5, "axis": "z", "origin": [8.7, 2.88431, 7.9]},
			"faces": {
				"north": {"uv": [12, 0, 12.5, 16], "rotation": 180, "texture": "#1"},
				"east": {"uv": [12, 0, 12.5, 16], "rotation": 180, "texture": "#1"},
				"south": {"uv": [12, 0, 12.5, 16], "rotation": 180, "texture": "#1"},
				"west": {"uv": [12, 0, 12.5, 16], "rotation": 180, "texture": "#1"},
				"up": {"uv": [12, 0, 12.5, 16], "rotation": 180, "texture": "#1"},
				"down": {"uv": [12, 0, 12.5, 16], "rotation": 180, "texture": "#1"}
			}
		},
		{
			"name": "ひしがたのなか1",
			"from": [8.25, 2.85, 7.3995],
			"to": [8.75, 3.08, 7.5985],
			"rotation": {"angle": 0, "axis": "z", "origin": [8.3, 3.05, 7.9]},
			"faces": {
				"north": {"uv": [5, 0, 10, 16], "rotation": 180, "texture": "#1"},
				"east": {"uv": [5, 0, 10, 16], "rotation": 180, "texture": "#1"},
				"south": {"uv": [5, 0, 10, 16], "texture": "#1"},
				"west": {"uv": [5, 0, 10, 16], "rotation": 180, "texture": "#1"},
				"up": {"uv": [5, 0, 10, 16], "rotation": 180, "texture": "#1"},
				"down": {"uv": [5, 0, 10, 16], "rotation": 180, "texture": "#1"}
			}
		},
		{
			"name": "ひしがたのなか2",
			"from": [8.2, 2.9, 7.3995],
			"to": [8.8, 3, 7.5985],
			"rotation": {"angle": 0, "axis": "z", "origin": [8.3, 3.05, 7.9]},
			"faces": {
				"north": {"uv": [5, 0, 10, 16], "rotation": 180, "texture": "#1"},
				"east": {"uv": [5, 0, 10, 16], "rotation": 180, "texture": "#1"},
				"south": {"uv": [5, 0, 10, 16], "texture": "#1"},
				"west": {"uv": [5, 0, 10, 16], "rotation": 180, "texture": "#1"},
				"up": {"uv": [5, 0, 10, 16], "rotation": 180, "texture": "#1"},
				"down": {"uv": [5, 0, 10, 16], "rotation": 180, "texture": "#1"}
			}
		},
		{
			"from": [8.1, 4.4, 7.45],
			"to": [8.9, 15.4, 7.55],
			"rotation": {"angle": 0, "axis": "z", "origin": [8.5, 4.4, 7.5]},
			"faces": {
				"north": {"uv": [8.5, 0, 16, 0.5], "rotation": 180, "texture": "#1"},
				"east": {"uv": [15.5, 0, 16, 0.5], "texture": "#1"},
				"south": {"uv": [8.5, 0, 16, 0.5], "texture": "#1"},
				"west": {"uv": [8.5, 0, 8.5, 0.5], "texture": "#1"},
				"up": {"uv": [8.5, 0, 16, 0.5], "texture": "#1"},
				"down": {"uv": [8.5, 0, 16, 0.5], "texture": "#1"}
			}
		},
		{
			"from": [8.1, 15.4, 7.45],
			"to": [8.7, 15.7, 7.55],
			"rotation": {"angle": -22.5, "axis": "z", "origin": [8.1, 15.4, 7.5]},
			"faces": {
				"north": {"uv": [8.5, 0, 16, 0.5], "rotation": 180, "texture": "#1"},
				"east": {"uv": [16, 0, 16, 0.5], "texture": "#1"},
				"south": {"uv": [8.5, 0, 14.5, 0.5], "texture": "#1"},
				"west": {"uv": [8.5, 0, 8.5, 0.5], "texture": "#1"},
				"up": {"uv": [8.5, 0, 16, 0.5], "texture": "#1"},
				"down": {"uv": [8.5, 0, 16, 0.5], "texture": "#1"}
			}
		},
		{
			"from": [8.21481, 15.67716, 7.45],
			"to": [8.81481, 15.97716, 7.55],
			"rotation": {"angle": -45, "axis": "z", "origin": [8.21481, 15.67716, 7.5]},
			"faces": {
				"north": {"uv": [8.5, 0, 16, 0.5], "rotation": 180, "texture": "#1"},
				"east": {"uv": [16, 0, 16, 0.5], "texture": "#1"},
				"south": {"uv": [8.5, 0, 14.5, 0.5], "texture": "#1"},
				"west": {"uv": [8.5, 0, 8.5, 0.5], "texture": "#1"},
				"up": {"uv": [8.5, 0, 16, 0.5], "texture": "#1"},
				"down": {"uv": [8.5, 0, 16, 0.5], "texture": "#1"}
			}
		},
		{
			"from": [8.42693, 15.2893, 7.45],
			"to": [8.67693, 15.8893, 7.55],
			"rotation": {"angle": 22.5, "axis": "z", "origin": [8.4269, 15.8893, 7.5]},
			"faces": {
				"north": {"uv": [8.5, 0, 16, 0.5], "rotation": 90, "texture": "#1"},
				"east": {"uv": [8.5, 0, 16, 0.5], "rotation": 90, "texture": "#1"},
				"south": {"uv": [8.5, 0, 14.5, 0.5], "rotation": 90, "texture": "#1"},
				"west": {"uv": [8.5, 0, 16, 0.5], "rotation": 90, "texture": "#1"},
				"up": {"uv": [8.5, 0, 8.5, 0.5], "rotation": 90, "texture": "#1"},
				"down": {"uv": [16, 0, 16, 0.5], "rotation": 90, "texture": "#1"}
			}
		},
		{
			"from": [8.65787, 15.4, 7.45],
			"to": [8.90787, 15.985, 7.55],
			"rotation": {"angle": 0, "axis": "y", "origin": [8.65787, 15.98497, 7.5]},
			"faces": {
				"north": {"uv": [8.5, 0, 16, 0.5], "rotation": 90, "texture": "#1"},
				"east": {"uv": [8.5, 0, 16, 0.5], "rotation": 90, "texture": "#1"},
				"south": {"uv": [8.5, 0, 14.5, 0.5], "rotation": 90, "texture": "#1"},
				"west": {"uv": [8.5, 0, 16, 0.5], "rotation": 90, "texture": "#1"},
				"up": {"uv": [8.5, 0, 8.5, 0.5], "rotation": 90, "texture": "#1"},
				"down": {"uv": [15.5, 0, 16, 0.5], "rotation": 90, "texture": "#1"}
			}
		}
	],
	"gui_light": "front",
	"display": {
		"thirdperson_righthand": {
			"rotation": [0, -90, 0],
			"translation": [-1, 8, 0.25],
			"scale": [1, 1.5, 1]
		},
		"thirdperson_lefthand": {
			"rotation": [0, -90, 0],
			"translation": [-1, 8, 0.25],
			"scale": [-1, 1.5, 1]
		},
		"firstperson_righthand": {
			"rotation": [-5, -80, -3],
			"translation": [1, 8.5, 1],
			"scale": [1, 1.3, 1]
		},
		"firstperson_lefthand": {
			"rotation": [-5, -80, -3],
			"translation": [1, 8.5, 1],
			"scale": [-1, 1.3, 1]
		},
		"ground": {
			"rotation": [0, 0, -45],
			"translation": [-0.5, 0, 0],
			"scale": [1, 1.3, 1]
		},
		"gui": {
			"rotation": [-22, 15, -36],
			"translation": [-0.5, 0.5, 0],
			"scale": [1.6, 1.4, 1.6]
		},
		"head": {
			"rotation": [0, 0, -45],
			"translation": [-0.5, 14.5, 0],
			"scale": [1, 1.3, 1]
		},
		"fixed": {
			"rotation": [0, 0, -45],
			"translation": [-0.5, 0, 0],
			"scale": [1, 1.3, 1]
		}
	},
	"groups": [
		{
			"name": "円形のやつ",
			"origin": [8.5, 6.5, 7.5],
			"children": [0, 1, 2, 3, 4, 5, 6, 7, 8, 9, 10, 11, 12, 13, 14, 15]
		},
		{
			"name": "粒全体",
			"origin": [8.5, 6.5, 7.5],
			"children": [
				{
					"name": "粒みたいなやつ",
					"origin": [8.5, 6.5, 7.5],
					"children": [16, 17, 18, 19, 20, 21, 22]
				},
				{
					"name": "粒みたいなやつ",
					"origin": [8.5, 6.5, 7.5],
					"children": [23, 24, 25, 26, 27, 28, 29]
				}
			]
		},
		{
			"name": "粒全体",
			"origin": [8.5, 6.5, 7.5],
			"children": [
				{
					"name": "粒みたいなやつ",
					"origin": [8.5, 6.5, 7.5],
					"children": [30, 31, 32, 33, 34, 35, 36]
				},
				{
					"name": "粒みたいなやつ",
					"origin": [8.5, 6.5, 7.5],
					"children": [37, 38, 39, 40, 41, 42, 43]
				}
			]
		},
		{
			"name": "粒全体",
			"origin": [8.5, 6.5, 7.5],
			"children": [
				{
					"name": "粒みたいなやつ",
					"origin": [8.5, 6.5, 7.5],
					"children": [44, 45, 46, 47, 48, 49, 50]
				},
				{
					"name": "粒みたいなやつ",
					"origin": [8.5, 6.5, 7.5],
					"children": [51, 52, 53, 54, 55, 56, 57]
				}
			]
		},
		{
			"name": "粒全体",
			"origin": [8.5, 6.5, 7.5],
			"children": [
				{
					"name": "粒みたいなやつ",
					"origin": [8.5, 6.5, 7.5],
					"children": [58, 59, 60, 61, 62, 63, 64]
				},
				{
					"name": "粒みたいなやつ",
					"origin": [8.5, 6.5, 7.5],
					"children": [65, 66, 67, 68, 69, 70, 71]
				}
			]
		}, 72, 73,
		{
			"name": "菱形*7",
			"origin": [8, 8, 8],
			"children": [
				{
					"name": "hisigata",
					"origin": [8, 7, 8],
					"children": [74, 75, 76, 77, 78, 79]
				},
				{
					"name": "hisigata",
					"origin": [8, 8, 8],
					"children": [80, 81, 82, 83, 84, 85]
				},
				{
					"name": "hisigata",
					"origin": [8, 7, 8],
					"children": [86, 87, 88, 89, 90, 91]
				},
				{
					"name": "hisigata",
					"origin": [8, 8, 8],
					"children": [92, 93, 94, 95, 96, 97]
				},
				{
					"name": "hisigata",
					"origin": [8, 8, 8],
					"children": [98, 99, 100, 101, 102, 103]
				},
				{
					"name": "hisigata",
					"origin": [8, 8, 8],
					"children": [104, 105, 106, 107, 108, 109]
				},
				{
					"name": "hisigata",
					"origin": [8, 8, 8],
					"children": [110, 111, 112, 113, 114, 115]
				}
			]
		},
		{
			"name": "刃",
			"origin": [8.5, 4.5, 7.5],
			"children": [116, 117, 118, 119, 120]
		}
	]
}