{
	"credit": "Made with Blockbench",
	"textures": {
		"1": "block/iron_block",
		"3": "color/gold_g",
		"particle": "block/iron_block"
	},
	"elements": [
		{
			"from": [9, 11, 7.9],
			"to": [10, 14, 8.1],
			"rotation": {"angle": 0, "axis": "x", "origin": [9.19648, 12.50057, 8]},
			"faces": {
				"north": {"uv": [0, 0, 5, 16], "texture": "#3"},
				"east": {"uv": [0, 0, 5, 16], "texture": "#3"},
				"south": {"uv": [0, 0, 5, 16], "texture": "#3"},
				"west": {"uv": [0, 0, 5, 16], "texture": "#3"},
				"up": {"uv": [0, 0, 5, 16], "texture": "#3"},
				"down": {"uv": [0, 0, 5, 16], "texture": "#3"}
			}
		},
		{
			"from": [9, 11, 7.85],
			"to": [9.8, 14, 8.15],
			"rotation": {"angle": 0, "axis": "x", "origin": [9.19648, 12.50057, 8]},
			"faces": {
				"north": {"uv": [5, 0, 10, 16], "texture": "#3"},
				"east": {"uv": [5, 0, 10, 16], "texture": "#3"},
				"south": {"uv": [5, 0, 10, 16], "texture": "#3"},
				"west": {"uv": [5, 0, 10, 16], "texture": "#3"},
				"up": {"uv": [5, 0, 10, 16], "texture": "#3"},
				"down": {"uv": [5, 0, 10, 16], "texture": "#3"}
			}
		},
		{
			"from": [9, 11, 7.8],
			"to": [9.6, 14, 8.2],
			"rotation": {"angle": 0, "axis": "x", "origin": [9.19648, 12.50057, 8]},
			"faces": {
				"north": {"uv": [10, 0, 16, 16], "texture": "#3"},
				"east": {"uv": [10, 0, 16, 16], "texture": "#3"},
				"south": {"uv": [10, 0, 16, 16], "texture": "#3"},
				"west": {"uv": [10, 0, 16, 16], "texture": "#3"},
				"up": {"uv": [10, 0, 16, 16], "texture": "#3"},
				"down": {"uv": [10, 0, 16, 16], "texture": "#3"}
			}
		},
		{
			"from": [10.31264, 13.57837, 7.9],
			"to": [10.51264, 14.57837, 8.1],
			"rotation": {"angle": 22.5, "axis": "z", "origin": [9.19648, 12.50057, 8]},
			"faces": {
				"north": {"uv": [0, 0, 5, 0.5], "texture": "#3"},
				"east": {"uv": [0, 0, 5, 0.5], "texture": "#3"},
				"south": {"uv": [0, 0, 5, 0.5], "texture": "#3"},
				"west": {"uv": [0, 0, 5, 0.5], "texture": "#3"},
				"up": {"uv": [0, 0, 5, 0.5], "texture": "#3"},
				"down": {"uv": [0, 0, 5, 0.5], "texture": "#3"}
			}
		},
		{
			"from": [10.12787, 13.65491, 7.85],
			"to": [10.32787, 14.49491, 8.15],
			"rotation": {"angle": 22.5, "axis": "z", "origin": [9.19648, 12.50057, 8]},
			"faces": {
				"north": {"uv": [5, 0, 10, 0.42], "texture": "#3"},
				"east": {"uv": [5, 0, 10, 0.42], "texture": "#3"},
				"south": {"uv": [5, 0, 10, 0.42], "texture": "#3"},
				"west": {"uv": [5, 0, 10, 0.42], "texture": "#3"},
				"up": {"uv": [5, 0, 10, 0.42], "texture": "#3"},
				"down": {"uv": [5, 0, 10, 0.42], "texture": "#3"}
			}
		},
		{
			"from": [9.94309, 13.73144, 7.8],
			"to": [10.14309, 14.41144, 8.2],
			"rotation": {"angle": 22.5, "axis": "z", "origin": [9.19648, 12.50057, 8]},
			"faces": {
				"north": {"uv": [10, 0, 16, 0.34], "texture": "#3"},
				"east": {"uv": [10, 0, 16, 0.34], "texture": "#3"},
				"south": {"uv": [10, 0, 16, 0.34], "texture": "#3"},
				"west": {"uv": [10, 0, 16, 0.34], "texture": "#3"},
				"up": {"uv": [10, 0, 16, 0.34], "texture": "#3"},
				"down": {"uv": [10, 0, 16, 0.34], "texture": "#3"}
			}
		},
		{
			"from": [7.6579, 14.70047, 7.9],
			"to": [8.6579, 14.90047, 8.1],
			"rotation": {"angle": -22.5, "axis": "z", "origin": [9.19648, 12.50057, 8]},
			"faces": {
				"north": {"uv": [0, 0, 5, 0.5], "rotation": 90, "texture": "#3"},
				"east": {"uv": [0, 0, 5, 0.5], "rotation": 90, "texture": "#3"},
				"south": {"uv": [0, 0, 5, 0.5], "rotation": 90, "texture": "#3"},
				"west": {"uv": [0, 0, 5, 0.5], "rotation": 90, "texture": "#3"},
				"up": {"uv": [0, 0, 5, 0.5], "rotation": 90, "texture": "#3"},
				"down": {"uv": [0, 0, 5, 0.5], "rotation": 90, "texture": "#3"}
			}
		},
		{
			"from": [7.74624, 14.51077, 7.85],
			"to": [8.58624, 14.71077, 8.15],
			"rotation": {"angle": -22.5, "axis": "z", "origin": [9.19648, 12.50057, 8]},
			"faces": {
				"north": {"uv": [5, 0, 10, 0.42], "rotation": 90, "texture": "#3"},
				"east": {"uv": [5, 0, 10, 0.42], "rotation": 90, "texture": "#3"},
				"south": {"uv": [5, 0, 10, 0.42], "rotation": 90, "texture": "#3"},
				"west": {"uv": [5, 0, 10, 0.42], "rotation": 90, "texture": "#3"},
				"up": {"uv": [5, 0, 10, 0.42], "rotation": 90, "texture": "#3"},
				"down": {"uv": [5, 0, 10, 0.42], "rotation": 90, "texture": "#3"}
			}
		},
		{
			"from": [7.83465, 14.32111, 7.8],
			"to": [8.51465, 14.52111, 8.2],
			"rotation": {"angle": -22.5, "axis": "z", "origin": [9.19648, 12.50057, 8]},
			"faces": {
				"north": {"uv": [10, 0, 16, 0.34], "rotation": 90, "texture": "#3"},
				"east": {"uv": [10, 0, 16, 0.34], "rotation": 90, "texture": "#3"},
				"south": {"uv": [10, 0, 16, 0.34], "rotation": 90, "texture": "#3"},
				"west": {"uv": [10, 0, 16, 0.34], "rotation": 90, "texture": "#3"},
				"up": {"uv": [10, 0, 16, 0.34], "rotation": 90, "texture": "#3"},
				"down": {"uv": [10, 0, 16, 0.34], "rotation": 90, "texture": "#3"}
			}
		},
		{
			"from": [10.31308, 10.42172, 7.9],
			"to": [10.51308, 11.42172, 8.1],
			"rotation": {"angle": -22.5, "axis": "z", "origin": [9.19648, 12.50057, 8]},
			"faces": {
				"north": {"uv": [0, 0, 5, 0.5], "rotation": 180, "texture": "#3"},
				"east": {"uv": [0, 0, 5, 0.5], "rotation": 180, "texture": "#3"},
				"south": {"uv": [0, 0, 5, 0.5], "rotation": 180, "texture": "#3"},
				"west": {"uv": [0, 0, 5, 0.5], "rotation": 180, "texture": "#3"},
				"up": {"uv": [0, 0, 5, 0.5], "rotation": 180, "texture": "#3"},
				"down": {"uv": [0, 0, 5, 0.5], "rotation": 180, "texture": "#3"}
			}
		},
		{
			"from": [10.12831, 10.50518, 7.85],
			"to": [10.32831, 11.34518, 8.15],
			"rotation": {"angle": -22.5, "axis": "z", "origin": [9.19648, 12.50057, 8]},
			"faces": {
				"north": {"uv": [5, 0, 10, 0.42], "rotation": 180, "texture": "#3"},
				"east": {"uv": [5, 0, 10, 0.42], "rotation": 180, "texture": "#3"},
				"south": {"uv": [5, 0, 10, 0.42], "rotation": 180, "texture": "#3"},
				"west": {"uv": [5, 0, 10, 0.42], "rotation": 180, "texture": "#3"},
				"up": {"uv": [5, 0, 10, 0.42], "rotation": 180, "texture": "#3"},
				"down": {"uv": [5, 0, 10, 0.42], "rotation": 180, "texture": "#3"}
			}
		},
		{
			"from": [9.94353, 10.58864, 7.8],
			"to": [10.14353, 11.26864, 8.2],
			"rotation": {"angle": -22.5, "axis": "z", "origin": [9.19648, 12.50057, 8]},
			"faces": {
				"north": {"uv": [10, 0, 16, 0.34], "rotation": 180, "texture": "#3"},
				"east": {"uv": [10, 0, 16, 0.34], "rotation": 180, "texture": "#3"},
				"south": {"uv": [10, 0, 16, 0.34], "rotation": 180, "texture": "#3"},
				"west": {"uv": [10, 0, 16, 0.34], "rotation": 180, "texture": "#3"},
				"up": {"uv": [10, 0, 16, 0.34], "rotation": 180, "texture": "#3"},
				"down": {"uv": [10, 0, 16, 0.34], "rotation": 180, "texture": "#3"}
			}
		},
		{
			"from": [7.65746, 10.09961, 7.9],
			"to": [8.65746, 10.29961, 8.1],
			"rotation": {"angle": 22.5, "axis": "z", "origin": [9.19648, 12.50057, 8]},
			"faces": {
				"north": {"uv": [0, 0, 5, 0.5], "rotation": 270, "texture": "#3"},
				"east": {"uv": [0, 0, 5, 0.5], "rotation": 270, "texture": "#3"},
				"south": {"uv": [0, 0, 5, 0.5], "rotation": 270, "texture": "#3"},
				"west": {"uv": [0, 0, 5, 0.5], "rotation": 270, "texture": "#3"},
				"up": {"uv": [0, 0, 5, 0.5], "rotation": 270, "texture": "#3"},
				"down": {"uv": [0, 0, 5, 0.5], "rotation": 270, "texture": "#3"}
			}
		},
		{
			"from": [7.74579, 10.28928, 7.85],
			"to": [8.58579, 10.48928, 8.15],
			"rotation": {"angle": 22.5, "axis": "z", "origin": [9.19648, 12.50057, 8]},
			"faces": {
				"north": {"uv": [5, 0, 10, 0.42], "rotation": 90, "texture": "#3"},
				"east": {"uv": [5, 0, 10, 0.42], "rotation": 90, "texture": "#3"},
				"south": {"uv": [5, 0, 10, 0.42], "rotation": 90, "texture": "#3"},
				"west": {"uv": [5, 0, 10, 0.42], "rotation": 90, "texture": "#3"},
				"up": {"uv": [5, 0, 10, 0.42], "rotation": 90, "texture": "#3"},
				"down": {"uv": [5, 0, 10, 0.42], "rotation": 90, "texture": "#3"}
			}
		},
		{
			"from": [7.83422, 10.47901, 7.8],
			"to": [8.51422, 10.67901, 8.2],
			"rotation": {"angle": 22.5, "axis": "z", "origin": [9.19648, 12.50057, 8]},
			"faces": {
				"north": {"uv": [10, 0, 16, 0.34], "rotation": 90, "texture": "#3"},
				"east": {"uv": [10, 0, 16, 0.34], "rotation": 90, "texture": "#3"},
				"south": {"uv": [10, 0, 16, 0.34], "rotation": 90, "texture": "#3"},
				"west": {"uv": [10, 0, 16, 0.34], "rotation": 90, "texture": "#3"},
				"up": {"uv": [10, 0, 16, 0.34], "rotation": 90, "texture": "#3"},
				"down": {"uv": [10, 0, 16, 0.34], "rotation": 90, "texture": "#3"}
			}
		},
		{
			"from": [9.12, 10.5, 7.8],
			"to": [9.39, 14.505, 8.2],
			"rotation": {"angle": 0, "axis": "y", "origin": [9.19648, 12.50057, 8]},
			"faces": {
				"north": {"uv": [15, 0, 16, 4.005], "texture": "#3"},
				"east": {"uv": [15, 0, 16, 4.005], "texture": "#3"},
				"south": {"uv": [15, 0, 16, 4.005], "texture": "#3"},
				"west": {"uv": [15, 0, 16, 4.005], "texture": "#3"},
				"up": {"uv": [15, 0, 16, 4.005], "texture": "#3"},
				"down": {"uv": [15, 0, 16, 4.005], "texture": "#3"}
			}
		},
		{
			"from": [8.6, 9.7, 7.9],
			"to": [8.7, 15.307, 8.1],
			"rotation": {"angle": 0, "axis": "y", "origin": [9.19648, 12.50057, 8]},
			"faces": {
				"north": {"uv": [15, 0, 16, 5.607], "texture": "#3"},
				"east": {"uv": [15, 0, 16, 5.607], "texture": "#3"},
				"south": {"uv": [15, 0, 16, 5.607], "texture": "#3"},
				"west": {"uv": [15, 0, 16, 5.607], "texture": "#3"},
				"up": {"uv": [15, 0, 16, 5.607], "texture": "#3"},
				"down": {"uv": [15, 0, 16, 5.607], "texture": "#3"}
			}
		},
		{
			"from": [8.6, 9.91, 7.85],
			"to": [8.7, 15.1, 8.15],
			"rotation": {"angle": 0, "axis": "y", "origin": [9.19648, 12.50057, 8]},
			"faces": {
				"north": {"uv": [15, 0, 16, 5.19], "texture": "#3"},
				"east": {"uv": [15, 0, 16, 5.19], "texture": "#3"},
				"south": {"uv": [15, 0, 16, 5.19], "texture": "#3"},
				"west": {"uv": [15, 0, 16, 5.19], "texture": "#3"},
				"up": {"uv": [15, 0, 16, 5.19], "texture": "#3"},
				"down": {"uv": [15, 0, 16, 5.19], "texture": "#3"}
			}
		},
		{
			"from": [8.6, 10.112, 7.8],
			"to": [8.72, 14.889, 8.2],
			"rotation": {"angle": 0, "axis": "y", "origin": [9.19648, 12.50057, 8]},
			"faces": {
				"north": {"uv": [15, 0, 16, 4.777], "texture": "#3"},
				"east": {"uv": [15, 0, 16, 4.777], "texture": "#3"},
				"south": {"uv": [15, 0, 16, 4.777], "texture": "#3"},
				"west": {"uv": [15, 0, 16, 4.777], "texture": "#3"},
				"up": {"uv": [15, 0, 16, 4.777], "texture": "#3"},
				"down": {"uv": [15, 0, 16, 4.777], "texture": "#3"}
			}
		},
		{
			"from": [8.72, 10.33, 7.8],
			"to": [9.12, 14.67, 8.2],
			"rotation": {"angle": 0, "axis": "y", "origin": [9.19648, 12.50057, 8]},
			"faces": {
				"north": {"uv": [15, 0, 16, 4.34], "texture": "#3"},
				"east": {"uv": [15, 0, 16, 4.34], "texture": "#3"},
				"south": {"uv": [15, 0, 16, 4.34], "texture": "#3"},
				"west": {"uv": [15, 0, 16, 4.34], "texture": "#3"},
				"up": {"uv": [15, 0, 16, 4.34], "texture": "#3"},
				"down": {"uv": [15, 0, 16, 4.34], "texture": "#3"}
			}
		},
		{
			"from": [5.39297, 11.00115, 7.9],
			"to": [6.39297, 14.00115, 8.1],
			"rotation": {"angle": 0, "axis": "x", "origin": [7.69648, 12.50057, 8]},
			"faces": {
				"north": {"uv": [0, 0, 5, 16], "rotation": 180, "texture": "#3"},
				"east": {"uv": [0, 0, 5, 16], "rotation": 180, "texture": "#3"},
				"south": {"uv": [0, 0, 5, 16], "rotation": 180, "texture": "#3"},
				"west": {"uv": [0, 0, 5, 16], "rotation": 180, "texture": "#3"},
				"up": {"uv": [0, 0, 5, 16], "rotation": 180, "texture": "#3"},
				"down": {"uv": [0, 0, 5, 16], "rotation": 180, "texture": "#3"}
			}
		},
		{
			"from": [5.59297, 11.00115, 7.85],
			"to": [6.39297, 14.00115, 8.15],
			"rotation": {"angle": 0, "axis": "x", "origin": [7.69648, 12.50057, 8]},
			"faces": {
				"north": {"uv": [5, 0, 10, 16], "rotation": 180, "texture": "#3"},
				"east": {"uv": [5, 0, 10, 16], "rotation": 180, "texture": "#3"},
				"south": {"uv": [5, 0, 10, 16], "rotation": 180, "texture": "#3"},
				"west": {"uv": [5, 0, 10, 16], "rotation": 180, "texture": "#3"},
				"up": {"uv": [5, 0, 10, 16], "rotation": 180, "texture": "#3"},
				"down": {"uv": [5, 0, 10, 16], "rotation": 180, "texture": "#3"}
			}
		},
		{
			"from": [5.79297, 11.00115, 7.8],
			"to": [6.39297, 14.00115, 8.2],
			"rotation": {"angle": 0, "axis": "x", "origin": [7.69648, 12.50057, 8]},
			"faces": {
				"north": {"uv": [10, 0, 16, 16], "rotation": 180, "texture": "#3"},
				"east": {"uv": [10, 0, 16, 16], "rotation": 180, "texture": "#3"},
				"south": {"uv": [10, 0, 16, 16], "rotation": 180, "texture": "#3"},
				"west": {"uv": [10, 0, 16, 16], "rotation": 180, "texture": "#3"},
				"up": {"uv": [10, 0, 16, 16], "rotation": 180, "texture": "#3"},
				"down": {"uv": [10, 0, 16, 16], "rotation": 180, "texture": "#3"}
			}
		},
		{
			"from": [4.99451, 10.9968, 7.9],
			"to": [5.19451, 11.9968, 8.1],
			"rotation": {"angle": 22.5, "axis": "z", "origin": [7.69648, 12.50057, 8]},
			"faces": {
				"north": {"uv": [0, 0, 5, 0.5], "rotation": 180, "texture": "#3"},
				"east": {"uv": [0, 0, 5, 0.5], "rotation": 180, "texture": "#3"},
				"south": {"uv": [0, 0, 5, 0.5], "rotation": 180, "texture": "#3"},
				"west": {"uv": [0, 0, 5, 0.5], "rotation": 180, "texture": "#3"},
				"up": {"uv": [0, 0, 5, 0.5], "rotation": 180, "texture": "#3"},
				"down": {"uv": [0, 0, 5, 0.5], "rotation": 180, "texture": "#3"}
			}
		},
		{
			"from": [5.17928, 11.08027, 7.85],
			"to": [5.37928, 11.92027, 8.15],
			"rotation": {"angle": 22.5, "axis": "z", "origin": [7.69648, 12.50057, 8]},
			"faces": {
				"north": {"uv": [5, 0, 10, 0.42], "rotation": 180, "texture": "#3"},
				"east": {"uv": [5, 0, 10, 0.42], "rotation": 180, "texture": "#3"},
				"south": {"uv": [5, 0, 10, 0.42], "rotation": 180, "texture": "#3"},
				"west": {"uv": [5, 0, 10, 0.42], "rotation": 180, "texture": "#3"},
				"up": {"uv": [5, 0, 10, 0.42], "rotation": 180, "texture": "#3"},
				"down": {"uv": [5, 0, 10, 0.42], "rotation": 180, "texture": "#3"}
			}
		},
		{
			"from": [5.36406, 11.16373, 7.8],
			"to": [5.56406, 11.84373, 8.2],
			"rotation": {"angle": 22.5, "axis": "z", "origin": [7.69648, 12.50057, 8]},
			"faces": {
				"north": {"uv": [10, 0, 16, 0.34], "rotation": 180, "texture": "#3"},
				"east": {"uv": [10, 0, 16, 0.34], "rotation": 180, "texture": "#3"},
				"south": {"uv": [10, 0, 16, 0.34], "rotation": 180, "texture": "#3"},
				"west": {"uv": [10, 0, 16, 0.34], "rotation": 180, "texture": "#3"},
				"up": {"uv": [10, 0, 16, 0.34], "rotation": 180, "texture": "#3"},
				"down": {"uv": [10, 0, 16, 0.34], "rotation": 180, "texture": "#3"}
			}
		},
		{
			"from": [6.84925, 9.52665, 7.9],
			"to": [7.84925, 9.72665, 8.1],
			"rotation": {"angle": -22.5, "axis": "z", "origin": [7.69648, 12.50057, 8]},
			"faces": {
				"north": {"uv": [0, 0, 5, 0.5], "rotation": 270, "texture": "#3"},
				"east": {"uv": [0, 0, 5, 0.5], "rotation": 270, "texture": "#3"},
				"south": {"uv": [0, 0, 5, 0.5], "rotation": 270, "texture": "#3"},
				"west": {"uv": [0, 0, 5, 0.5], "rotation": 270, "texture": "#3"},
				"up": {"uv": [0, 0, 5, 0.5], "rotation": 270, "texture": "#3"},
				"down": {"uv": [0, 0, 5, 0.5], "rotation": 270, "texture": "#3"}
			}
		},
		{
			"from": [6.92091, 9.71635, 7.85],
			"to": [7.76091, 9.91635, 8.15],
			"rotation": {"angle": -22.5, "axis": "z", "origin": [7.69648, 12.50057, 8]},
			"faces": {
				"north": {"uv": [5, 0, 10, 0.42], "rotation": 270, "texture": "#3"},
				"east": {"uv": [5, 0, 10, 0.42], "rotation": 270, "texture": "#3"},
				"south": {"uv": [5, 0, 10, 0.42], "rotation": 270, "texture": "#3"},
				"west": {"uv": [5, 0, 10, 0.42], "rotation": 270, "texture": "#3"},
				"up": {"uv": [5, 0, 10, 0.42], "rotation": 270, "texture": "#3"},
				"down": {"uv": [5, 0, 10, 0.42], "rotation": 270, "texture": "#3"}
			}
		},
		{
			"from": [6.9925, 9.90601, 7.8],
			"to": [7.6725, 10.10601, 8.2],
			"rotation": {"angle": -22.5, "axis": "z", "origin": [7.69648, 12.50057, 8]},
			"faces": {
				"north": {"uv": [10, 0, 16, 0.34], "rotation": 270, "texture": "#3"},
				"east": {"uv": [10, 0, 16, 0.34], "rotation": 270, "texture": "#3"},
				"south": {"uv": [10, 0, 16, 0.34], "rotation": 270, "texture": "#3"},
				"west": {"uv": [10, 0, 16, 0.34], "rotation": 270, "texture": "#3"},
				"up": {"uv": [10, 0, 16, 0.34], "rotation": 270, "texture": "#3"},
				"down": {"uv": [10, 0, 16, 0.34], "rotation": 270, "texture": "#3"}
			}
		},
		{
			"from": [4.99407, 13.00541, 7.9],
			"to": [5.19407, 14.00541, 8.1],
			"rotation": {"angle": -22.5, "axis": "z", "origin": [7.69648, 12.50057, 8]},
			"faces": {
				"north": {"uv": [0, 0, 5, 0.5], "texture": "#3"},
				"east": {"uv": [0, 0, 5, 0.5], "texture": "#3"},
				"south": {"uv": [0, 0, 5, 0.5], "texture": "#3"},
				"west": {"uv": [0, 0, 5, 0.5], "texture": "#3"},
				"up": {"uv": [0, 0, 5, 0.5], "texture": "#3"},
				"down": {"uv": [0, 0, 5, 0.5], "texture": "#3"}
			}
		},
		{
			"from": [5.17884, 13.08194, 7.85],
			"to": [5.37884, 13.92194, 8.15],
			"rotation": {"angle": -22.5, "axis": "z", "origin": [7.69648, 12.50057, 8]},
			"faces": {
				"north": {"uv": [5, 0, 10, 0.42], "texture": "#3"},
				"east": {"uv": [5, 0, 10, 0.42], "texture": "#3"},
				"south": {"uv": [5, 0, 10, 0.42], "texture": "#3"},
				"west": {"uv": [5, 0, 10, 0.42], "texture": "#3"},
				"up": {"uv": [5, 0, 10, 0.42], "texture": "#3"},
				"down": {"uv": [5, 0, 10, 0.42], "texture": "#3"}
			}
		},
		{
			"from": [5.36362, 13.15848, 7.8],
			"to": [5.56362, 13.83848, 8.2],
			"rotation": {"angle": -22.5, "axis": "z", "origin": [7.69648, 12.50057, 8]},
			"faces": {
				"north": {"uv": [10, 0, 16, 0.34], "texture": "#3"},
				"east": {"uv": [10, 0, 16, 0.34], "texture": "#3"},
				"south": {"uv": [10, 0, 16, 0.34], "texture": "#3"},
				"west": {"uv": [10, 0, 16, 0.34], "texture": "#3"},
				"up": {"uv": [10, 0, 16, 0.34], "texture": "#3"},
				"down": {"uv": [10, 0, 16, 0.34], "texture": "#3"}
			}
		},
		{
			"from": [6.84969, 15.27556, 7.9],
			"to": [7.84969, 15.47556, 8.1],
			"rotation": {"angle": 22.5, "axis": "z", "origin": [7.69648, 12.50057, 8]},
			"faces": {
				"north": {"uv": [0, 0, 5, 0.5], "rotation": 90, "texture": "#3"},
				"east": {"uv": [0, 0, 5, 0.5], "rotation": 90, "texture": "#3"},
				"south": {"uv": [0, 0, 5, 0.5], "rotation": 90, "texture": "#3"},
				"west": {"uv": [0, 0, 5, 0.5], "rotation": 90, "texture": "#3"},
				"up": {"uv": [0, 0, 5, 0.5], "rotation": 90, "texture": "#3"},
				"down": {"uv": [0, 0, 5, 0.5], "rotation": 90, "texture": "#3"}
			}
		},
		{
			"from": [6.92136, 15.0859, 7.85],
			"to": [7.76136, 15.2859, 8.15],
			"rotation": {"angle": 22.5, "axis": "z", "origin": [7.69648, 12.50057, 8]},
			"faces": {
				"north": {"uv": [5, 0, 10, 0.42], "rotation": 270, "texture": "#3"},
				"east": {"uv": [5, 0, 10, 0.42], "rotation": 270, "texture": "#3"},
				"south": {"uv": [5, 0, 10, 0.42], "rotation": 270, "texture": "#3"},
				"west": {"uv": [5, 0, 10, 0.42], "rotation": 270, "texture": "#3"},
				"up": {"uv": [5, 0, 10, 0.42], "rotation": 270, "texture": "#3"},
				"down": {"uv": [5, 0, 10, 0.42], "rotation": 270, "texture": "#3"}
			}
		},
		{
			"from": [6.99293, 14.89617, 7.8],
			"to": [7.67293, 15.09617, 8.2],
			"rotation": {"angle": 22.5, "axis": "z", "origin": [7.69648, 12.50057, 8]},
			"faces": {
				"north": {"uv": [10, 0, 16, 0.34], "rotation": 270, "texture": "#3"},
				"east": {"uv": [10, 0, 16, 0.34], "rotation": 270, "texture": "#3"},
				"south": {"uv": [10, 0, 16, 0.34], "rotation": 270, "texture": "#3"},
				"west": {"uv": [10, 0, 16, 0.34], "rotation": 270, "texture": "#3"},
				"up": {"uv": [10, 0, 16, 0.34], "rotation": 270, "texture": "#3"},
				"down": {"uv": [10, 0, 16, 0.34], "rotation": 270, "texture": "#3"}
			}
		},
		{
			"from": [6.00297, 10.49615, 7.8],
			"to": [6.27297, 14.50115, 8.2],
			"rotation": {"angle": 0, "axis": "y", "origin": [7.69648, 12.50057, 8]},
			"faces": {
				"north": {"uv": [15, 0, 16, 4.005], "rotation": 180, "texture": "#3"},
				"east": {"uv": [15, 0, 16, 4.005], "rotation": 180, "texture": "#3"},
				"south": {"uv": [15, 0, 16, 4.005], "rotation": 180, "texture": "#3"},
				"west": {"uv": [15, 0, 16, 4.005], "rotation": 180, "texture": "#3"},
				"up": {"uv": [15, 0, 16, 4.005], "rotation": 180, "texture": "#3"},
				"down": {"uv": [15, 0, 16, 4.005], "rotation": 180, "texture": "#3"}
			}
		},
		{
			"from": [6.69297, 9.69415, 7.9],
			"to": [6.79297, 15.30115, 8.1],
			"rotation": {"angle": 0, "axis": "y", "origin": [7.69648, 12.50057, 8]},
			"faces": {
				"north": {"uv": [15, 0, 16, 5.607], "rotation": 180, "texture": "#3"},
				"east": {"uv": [15, 0, 16, 5.607], "rotation": 180, "texture": "#3"},
				"south": {"uv": [15, 0, 16, 5.607], "rotation": 180, "texture": "#3"},
				"west": {"uv": [15, 0, 16, 5.607], "rotation": 180, "texture": "#3"},
				"up": {"uv": [15, 0, 16, 5.607], "rotation": 180, "texture": "#3"},
				"down": {"uv": [15, 0, 16, 5.607], "rotation": 180, "texture": "#3"}
			}
		},
		{
			"from": [6.69297, 9.90115, 7.85],
			"to": [6.79297, 15.09115, 8.15],
			"rotation": {"angle": 0, "axis": "y", "origin": [7.69648, 12.50057, 8]},
			"faces": {
				"north": {"uv": [15, 0, 16, 5.19], "rotation": 180, "texture": "#3"},
				"east": {"uv": [15, 0, 16, 5.19], "rotation": 180, "texture": "#3"},
				"south": {"uv": [15, 0, 16, 5.19], "rotation": 180, "texture": "#3"},
				"west": {"uv": [15, 0, 16, 5.19], "rotation": 180, "texture": "#3"},
				"up": {"uv": [15, 0, 16, 5.19], "rotation": 180, "texture": "#3"},
				"down": {"uv": [15, 0, 16, 5.19], "rotation": 180, "texture": "#3"}
			}
		},
		{
			"from": [6.67297, 10.11215, 7.8],
			"to": [6.79297, 14.88915, 8.2],
			"rotation": {"angle": 0, "axis": "y", "origin": [7.69648, 12.50057, 8]},
			"faces": {
				"north": {"uv": [15, 0, 16, 4.777], "rotation": 180, "texture": "#3"},
				"east": {"uv": [15, 0, 16, 4.777], "rotation": 180, "texture": "#3"},
				"south": {"uv": [15, 0, 16, 4.777], "rotation": 180, "texture": "#3"},
				"west": {"uv": [15, 0, 16, 4.777], "rotation": 180, "texture": "#3"},
				"up": {"uv": [15, 0, 16, 4.777], "rotation": 180, "texture": "#3"},
				"down": {"uv": [15, 0, 16, 4.777], "rotation": 180, "texture": "#3"}
			}
		},
		{
			"from": [6.27297, 10.33115, 7.8],
			"to": [6.67297, 14.67115, 8.2],
			"rotation": {"angle": 0, "axis": "y", "origin": [7.69648, 12.50057, 8]},
			"faces": {
				"north": {"uv": [15, 0, 16, 4.34], "rotation": 180, "texture": "#3"},
				"east": {"uv": [15, 0, 16, 4.34], "rotation": 180, "texture": "#3"},
				"south": {"uv": [15, 0, 16, 4.34], "rotation": 180, "texture": "#3"},
				"west": {"uv": [15, 0, 16, 4.34], "rotation": 180, "texture": "#3"},
				"up": {"uv": [15, 0, 16, 4.34], "rotation": 180, "texture": "#3"},
				"down": {"uv": [15, 0, 16, 4.34], "rotation": 180, "texture": "#3"}
			}
		},
		{
			"from": [7.5965, 4, 7.9801],
			"to": [7.7965, 13, 8.0199],
			"rotation": {"angle": 0, "axis": "y", "origin": [7.6965, 12, 8]},
			"faces": {
				"north": {"uv": [0, 0, 1, 16], "texture": "#1"},
				"east": {"uv": [0, 0, 1, 16], "texture": "#1"},
				"south": {"uv": [0, 0, 1, 16], "texture": "#1"},
				"west": {"uv": [0, 0, 1, 16], "texture": "#1"},
				"up": {"uv": [0, 0, 1, 1], "texture": "#1"},
				"down": {"uv": [0, 0, 1, 1], "texture": "#1"}
			}
		},
		{
			"from": [7.5965, 4, 7.98011],
			"to": [7.7965, 13, 8.01989],
			"rotation": {"angle": 22.5, "axis": "y", "origin": [7.6965, 12, 8]},
			"faces": {
				"north": {"uv": [0, 0, 1, 16], "texture": "#1"},
				"east": {"uv": [0, 0, 1, 16], "texture": "#1"},
				"south": {"uv": [0, 0, 1, 16], "texture": "#1"},
				"west": {"uv": [0, 0, 1, 16], "texture": "#1"},
				"up": {"uv": [0, 0, 1, 1], "texture": "#1"},
				"down": {"uv": [0, 0, 1, 1], "texture": "#1"}
			}
		},
		{
			"from": [7.5965, 4, 7.98011],
			"to": [7.7965, 13, 8.01989],
			"rotation": {"angle": 45, "axis": "y", "origin": [7.6965, 12, 8]},
			"faces": {
				"north": {"uv": [0, 0, 1, 16], "texture": "#1"},
				"east": {"uv": [0, 0, 1, 16], "texture": "#1"},
				"south": {"uv": [0, 0, 1, 16], "texture": "#1"},
				"west": {"uv": [0, 0, 1, 16], "texture": "#1"},
				"up": {"uv": [0, 0, 1, 1], "texture": "#1"},
				"down": {"uv": [0, 0, 1, 1], "texture": "#1"}
			}
		},
		{
			"from": [7.67661, 4, 7.9],
			"to": [7.71639, 13, 8.1],
			"rotation": {"angle": -22.5, "axis": "y", "origin": [7.6965, 12, 8]},
			"faces": {
				"north": {"uv": [0, 0, 1, 16], "texture": "#1"},
				"east": {"uv": [0, 0, 1, 16], "texture": "#1"},
				"south": {"uv": [0, 0, 1, 16], "texture": "#1"},
				"west": {"uv": [0, 0, 1, 16], "texture": "#1"},
				"up": {"uv": [0, 0, 1, 1], "rotation": 270, "texture": "#1"},
				"down": {"uv": [0, 0, 1, 1], "rotation": 90, "texture": "#1"}
			}
		},
		{
			"from": [7.67661, 4, 7.9],
			"to": [7.71639, 13, 8.1],
			"rotation": {"angle": 0, "axis": "y", "origin": [7.6965, 12, 8]},
			"faces": {
				"north": {"uv": [0, 0, 1, 16], "texture": "#1"},
				"east": {"uv": [0, 0, 1, 16], "texture": "#1"},
				"south": {"uv": [0, 0, 1, 16], "texture": "#1"},
				"west": {"uv": [0, 0, 1, 16], "texture": "#1"},
				"up": {"uv": [0, 0, 1, 1], "rotation": 270, "texture": "#1"},
				"down": {"uv": [0, 0, 1, 1], "rotation": 90, "texture": "#1"}
			}
		},
		{
			"from": [7.67661, 4, 7.9],
			"to": [7.71639, 13, 8.1],
			"rotation": {"angle": 22.5, "axis": "y", "origin": [7.6965, 12, 8]},
			"faces": {
				"north": {"uv": [0, 0, 1, 16], "texture": "#1"},
				"east": {"uv": [0, 0, 1, 16], "texture": "#1"},
				"south": {"uv": [0, 0, 1, 16], "texture": "#1"},
				"west": {"uv": [0, 0, 1, 16], "texture": "#1"},
				"up": {"uv": [0, 0, 1, 1], "rotation": 270, "texture": "#1"},
				"down": {"uv": [0, 0, 1, 1], "rotation": 90, "texture": "#1"}
			}
		},
		{
			"from": [7.67661, 4, 7.9],
			"to": [7.71639, 13, 8.1],
			"rotation": {"angle": 45, "axis": "y", "origin": [7.6965, 12, 8]},
			"faces": {
				"north": {"uv": [0, 0, 1, 16], "texture": "#1"},
				"east": {"uv": [0, 0, 1, 16], "texture": "#1"},
				"south": {"uv": [0, 0, 1, 16], "texture": "#1"},
				"west": {"uv": [0, 0, 1, 16], "texture": "#1"},
				"up": {"uv": [0, 0, 1, 1], "rotation": 270, "texture": "#1"},
				"down": {"uv": [0, 0, 1, 1], "rotation": 90, "texture": "#1"}
			}
		},
		{
			"from": [7.5965, 4, 7.98011],
			"to": [7.7965, 13, 8.01989],
			"rotation": {"angle": -22.5, "axis": "y", "origin": [7.6965, 12, 8]},
			"faces": {
				"north": {"uv": [0, 0, 1, 16], "texture": "#1"},
				"east": {"uv": [0, 0, 1, 16], "texture": "#1"},
				"south": {"uv": [0, 0, 1, 16], "texture": "#1"},
				"west": {"uv": [0, 0, 1, 16], "texture": "#1"},
				"up": {"uv": [0, 0, 1, 1], "rotation": 180, "texture": "#1"},
				"down": {"uv": [0, 0, 1, 1], "rotation": 180, "texture": "#1"}
			}
		},
		{
			"from": [6.5965, 12.9, 7.9801],
			"to": [8.5965, 13.1, 8.0199],
			"rotation": {"angle": 0, "axis": "x", "origin": [7.5965, 13, 8]},
			"faces": {
				"north": {"uv": [2, 1, 3, 15], "rotation": 90, "texture": "#1"},
				"east": {"uv": [2, 1, 3, 15], "rotation": 90, "texture": "#1"},
				"south": {"uv": [2, 1, 3, 15], "rotation": 90, "texture": "#1"},
				"west": {"uv": [2, 1, 3, 15], "rotation": 90, "texture": "#1"},
				"up": {"uv": [2, 1, 3, 15], "rotation": 90, "texture": "#1"},
				"down": {"uv": [2, 1, 3, 15], "rotation": 90, "texture": "#1"}
			}
		},
		{
			"from": [6.5965, 12.9, 7.9801],
			"to": [8.5965, 13.1, 8.0199],
			"rotation": {"angle": 22.5, "axis": "x", "origin": [7.5965, 13, 8]},
			"faces": {
				"north": {"uv": [2, 1, 3, 15], "rotation": 90, "texture": "#1"},
				"east": {"uv": [2, 1, 3, 15], "rotation": 90, "texture": "#1"},
				"south": {"uv": [2, 1, 3, 15], "rotation": 90, "texture": "#1"},
				"west": {"uv": [2, 1, 3, 15], "rotation": 90, "texture": "#1"},
				"up": {"uv": [2, 1, 3, 15], "rotation": 90, "texture": "#1"},
				"down": {"uv": [2, 1, 3, 15], "rotation": 90, "texture": "#1"}
			}
		},
		{
			"from": [6.5965, 12.9, 7.9801],
			"to": [8.5965, 13.1, 8.0199],
			"rotation": {"angle": 45, "axis": "x", "origin": [7.5965, 13, 8]},
			"faces": {
				"north": {"uv": [2, 1, 3, 15], "rotation": 90, "texture": "#1"},
				"east": {"uv": [2, 1, 3, 15], "rotation": 90, "texture": "#1"},
				"south": {"uv": [2, 1, 3, 15], "rotation": 90, "texture": "#1"},
				"west": {"uv": [2, 1, 3, 15], "rotation": 90, "texture": "#1"},
				"up": {"uv": [2, 1, 3, 15], "rotation": 90, "texture": "#1"},
				"down": {"uv": [2, 1, 3, 15], "rotation": 90, "texture": "#1"}
			}
		},
		{
			"from": [6.5965, 12.9801, 7.9],
			"to": [8.5965, 13.0199, 8.1],
			"rotation": {"angle": -22.5, "axis": "x", "origin": [7.5965, 13, 8]},
			"faces": {
				"north": {"uv": [2, 1, 3, 15], "rotation": 270, "texture": "#1"},
				"east": {"uv": [2, 1, 3, 15], "texture": "#1"},
				"south": {"uv": [2, 1, 3, 15], "rotation": 90, "texture": "#1"},
				"west": {"uv": [2, 1, 3, 15], "rotation": 180, "texture": "#1"},
				"up": {"uv": [2, 1, 3, 15], "rotation": 270, "texture": "#1"},
				"down": {"uv": [2, 1, 3, 15], "rotation": 90, "texture": "#1"}
			}
		},
		{
			"from": [6.5965, 12.9801, 7.9],
			"to": [8.5965, 13.0199, 8.1],
			"rotation": {"angle": 0, "axis": "x", "origin": [7.5965, 13, 8]},
			"faces": {
				"north": {"uv": [2, 1, 3, 15], "rotation": 270, "texture": "#1"},
				"east": {"uv": [2, 1, 3, 15], "texture": "#1"},
				"south": {"uv": [2, 1, 3, 15], "rotation": 90, "texture": "#1"},
				"west": {"uv": [2, 1, 3, 15], "rotation": 180, "texture": "#1"},
				"up": {"uv": [2, 1, 3, 15], "rotation": 270, "texture": "#1"},
				"down": {"uv": [2, 1, 3, 15], "rotation": 90, "texture": "#1"}
			}
		},
		{
			"from": [6.5965, 12.9801, 7.9],
			"to": [8.5965, 13.0199, 8.1],
			"rotation": {"angle": 22.5, "axis": "x", "origin": [7.5965, 13, 8]},
			"faces": {
				"north": {"uv": [2, 1, 3, 15], "rotation": 270, "texture": "#1"},
				"east": {"uv": [2, 1, 3, 15], "texture": "#1"},
				"south": {"uv": [2, 1, 3, 15], "rotation": 90, "texture": "#1"},
				"west": {"uv": [2, 1, 3, 15], "rotation": 180, "texture": "#1"},
				"up": {"uv": [2, 1, 3, 15], "rotation": 270, "texture": "#1"},
				"down": {"uv": [2, 1, 3, 15], "rotation": 90, "texture": "#1"}
			}
		},
		{
			"from": [6.5965, 12.9801, 7.9],
			"to": [8.5965, 13.0199, 8.1],
			"rotation": {"angle": 45, "axis": "x", "origin": [7.5965, 13, 8]},
			"faces": {
				"north": {"uv": [2, 1, 3, 15], "rotation": 270, "texture": "#1"},
				"east": {"uv": [2, 1, 3, 15], "texture": "#1"},
				"south": {"uv": [2, 1, 3, 15], "rotation": 90, "texture": "#1"},
				"west": {"uv": [2, 1, 3, 15], "rotation": 180, "texture": "#1"},
				"up": {"uv": [2, 1, 3, 15], "rotation": 270, "texture": "#1"},
				"down": {"uv": [2, 1, 3, 15], "rotation": 90, "texture": "#1"}
			}
		},
		{
			"from": [6.5965, 12.9, 7.9801],
			"to": [8.5965, 13.1, 8.0199],
			"rotation": {"angle": -22.5, "axis": "x", "origin": [7.5965, 13, 8]},
			"faces": {
				"north": {"uv": [2, 1, 3, 15], "rotation": 270, "texture": "#1"},
				"east": {"uv": [2, 1, 3, 15], "rotation": 270, "texture": "#1"},
				"south": {"uv": [2, 1, 3, 15], "rotation": 270, "texture": "#1"},
				"west": {"uv": [2, 1, 3, 15], "rotation": 270, "texture": "#1"},
				"up": {"uv": [2, 1, 3, 15], "rotation": 90, "texture": "#1"},
				"down": {"uv": [2, 1, 3, 15], "rotation": 90, "texture": "#1"}
			}
		}
	],
	"display": {
		"thirdperson_righthand": {
			"rotation": [0, 90, 0],
			"translation": [0, 1, 0.5],
			"scale": [2.4, 1.65, 3.75]
		},
		"thirdperson_lefthand": {
			"rotation": [0, 90, 0],
			"translation": [0, 1, 0.5],
			"scale": [2.4, 1.65, 3.75]
		},
		"firstperson_righthand": {
			"rotation": [0, 90, 0],
			"translation": [0, 4, 0.5],
			"scale": [1.6, 1.1, 2.5]
		},
		"firstperson_lefthand": {
			"rotation": [0, 90, 0],
			"translation": [0, 4, 0.5],
			"scale": [1.6, 1.1, 2.5]
		},
		"ground": {
			"rotation": [0, 90, 0],
			"translation": [0, 4, 0.5],
			"scale": [1.6, 1.1, 2.5]
		},
		"gui": {
			"rotation": [-30, 0, 45],
			"translation": [3.75, -2, 0],
			"scale": [2.4, 1.65, 3.75]
		},
		"head": {
			"rotation": [0, 90, 0],
			"translation": [0, 4, 0.5],
			"scale": [1.6, 1.1, 2.5]
		}
	},
	"groups": [
		{
			"name": "group",
			"origin": [8, 8, 8],
			"children": [
				{
					"name": "0",
					"origin": [9.5, 12, 8],
					"children": [0, 1, 2]
				},
				{
					"name": "22.5",
					"origin": [10, 14, 8],
					"children": [3, 4, 5]
				},
				{
					"name": "67.5",
					"origin": [10, 14, 8],
					"children": [6, 7, 8]
				},
				{
					"name": "-22.5",
					"origin": [10, 14, 8],
					"children": [9, 10, 11]
				},
				{
					"name": "-67.5",
					"origin": [10, 14, 8],
					"children": [12, 13, 14]
				},
				{
					"name": "金属",
					"origin": [9.5, 12, 8],
					"children": [15, 16, 17, 18, 19]
				}
			]
		},
		{
			"name": "group",
			"origin": [8, 8, 8],
			"children": [
				{
					"name": "0",
					"origin": [9.5, 12, 8],
					"children": [20, 21, 22]
				},
				{
					"name": "22.5",
					"origin": [10, 14, 8],
					"children": [23, 24, 25]
				},
				{
					"name": "67.5",
					"origin": [10, 14, 8],
					"children": [26, 27, 28]
				},
				{
					"name": "-22.5",
					"origin": [10, 14, 8],
					"children": [29, 30, 31]
				},
				{
					"name": "-67.5",
					"origin": [10, 14, 8],
					"children": [32, 33, 34]
				},
				{
					"name": "金属",
					"origin": [9.5, 12, 8],
					"children": [35, 36, 37, 38, 39]
				}
			]
		},
		{
			"name": "group",
			"origin": [7.0965, 12, 8],
			"children": [40, 41, 42, 43, 44, 45, 46, 47]
		},
		{
			"name": "group",
			"origin": [8, 8, 8],
			"children": [48, 49, 50, 51, 52, 53, 54, 55]
		}
	]
}