{
    "parent": "item/generated",
    "textures": {
        "layer0": "skills/healing_wand"
    },
    "display": {
        "thirdperson_righthand": {
            "rotation": [ 10, 260, -40 ],
            "translation": [ 0, 2.5, 0.5 ],
            "scale": [ 0.8, 0.8, 0.8 ]
        },
        "thirdperson_lefthand": {
            "rotation": [ 10, -280, 40 ],
            "translation": [ 0, 2.5, 0.5 ],
            "scale": [ 0.8, 0.8, 0.8 ]
        },
        "firstperson_righthand": {
            "rotation": [ 0, -90, 0 ],
            "translation": [ 1.13, 3.2, 1.13],
            "scale": [ 0.68, 0.68, 0.68 ]
        },
        "firstperson_lefthand": {
            "rotation": [ 0, 90, 0 ],
            "translation": [ 1.13, 3.2, 1.13],
            "scale": [ 0.68, 0.68, 0.68 ]
        }
    }
}
