{
	"credit": "Made with Blockbench",
	"textures": {
		"0": "block/activator_rail_on",
		"particle": "block/activator_rail_on"
	},
	"elements": [
		{
			"from": [6.98413, 2.73016, -1.07936],
			"to": [8.88889, 4.63492, 0.31746],
			"rotation": {"angle": 0, "axis": "y", "origin": [8, 4, 10.03175]},
			"faces": {
				"north": {"uv": [6, 2, 5, 3], "texture": "#0"},
				"east": {"uv": [6, 2, 5, 3], "texture": "#0"},
				"south": {"uv": [6, 2, 5, 3], "texture": "#0"},
				"west": {"uv": [6, 2, 5, 3], "texture": "#0"},
				"up": {"uv": [5, 3, 6, 2], "texture": "#0"},
				"down": {"uv": [5, 3, 6, 2], "texture": "#0"}
			}
		},
		{
			"from": [6.98413, 2.73016, 6.98412],
			"to": [8.88889, 4.63492, 11.04762],
			"rotation": {"angle": 0, "axis": "y", "origin": [8, 4, 11.61905]},
			"faces": {
				"north": {"uv": [3, 0, 2, 1], "texture": "#0"},
				"east": {"uv": [3, 0, 2, 1], "texture": "#0"},
				"south": {"uv": [3, 0, 2, 1], "texture": "#0"},
				"west": {"uv": [3, 0, 2, 1], "texture": "#0"},
				"up": {"uv": [2, 1, 3, 0], "texture": "#0"},
				"down": {"uv": [2, 1, 3, 0], "texture": "#0"}
			}
		},
		{
			"from": [6.98413, 2.73016, 0.50793],
			"to": [8.88889, 4.63492, 4.57143],
			"rotation": {"angle": 0, "axis": "y", "origin": [8, 4, 5.14286]},
			"faces": {
				"north": {"uv": [3, 0, 2, 1], "texture": "#0"},
				"east": {"uv": [3, 0, 2, 1], "texture": "#0"},
				"south": {"uv": [3, 0, 2, 1], "texture": "#0"},
				"west": {"uv": [3, 0, 2, 1], "texture": "#0"},
				"up": {"uv": [2, 1, 3, 0], "texture": "#0"},
				"down": {"uv": [2, 1, 3, 0], "texture": "#0"}
			}
		},
		{
			"from": [7.17461, 2.61667, -1.07936],
			"to": [8.69842, 4.74841, 0.31746],
			"rotation": {"angle": 0, "axis": "y", "origin": [8, 4, 10.03175]},
			"faces": {
				"north": {"uv": [6, 2, 5, 3], "texture": "#0"},
				"east": {"uv": [6, 2, 5, 3], "texture": "#0"},
				"south": {"uv": [6, 2, 5, 3], "texture": "#0"},
				"west": {"uv": [6, 2, 5, 3], "texture": "#0"},
				"up": {"uv": [5, 3, 6, 2], "texture": "#0"},
				"down": {"uv": [5, 3, 6, 2], "texture": "#0"}
			}
		},
		{
			"from": [7.17461, 2.61667, 6.98412],
			"to": [8.69842, 4.74841, 11.04762],
			"rotation": {"angle": 0, "axis": "y", "origin": [8, 4, 11.61905]},
			"faces": {
				"north": {"uv": [3, 0, 2, 1], "texture": "#0"},
				"east": {"uv": [3, 0, 2, 1], "texture": "#0"},
				"south": {"uv": [3, 0, 2, 1], "texture": "#0"},
				"west": {"uv": [3, 0, 2, 1], "texture": "#0"},
				"up": {"uv": [2, 1, 3, 0], "texture": "#0"},
				"down": {"uv": [2, 1, 3, 0], "texture": "#0"}
			}
		},
		{
			"from": [7.17461, 2.61667, 0.50793],
			"to": [8.69842, 4.74841, 4.57143],
			"rotation": {"angle": 0, "axis": "y", "origin": [8, 4, 5.14286]},
			"faces": {
				"north": {"uv": [3, 0, 2, 1], "texture": "#0"},
				"east": {"uv": [3, 0, 2, 1], "texture": "#0"},
				"south": {"uv": [3, 0, 2, 1], "texture": "#0"},
				"west": {"uv": [3, 0, 2, 1], "texture": "#0"},
				"up": {"uv": [2, 1, 3, 0], "texture": "#0"},
				"down": {"uv": [2, 1, 3, 0], "texture": "#0"}
			}
		},
		{
			"from": [7.42857, 2.50318, -1.07936],
			"to": [8.44445, 4.86191, 0.31746],
			"rotation": {"angle": 0, "axis": "y", "origin": [8, 4, 10.03175]},
			"faces": {
				"north": {"uv": [6, 2, 5, 3], "texture": "#0"},
				"east": {"uv": [6, 2, 5, 3], "texture": "#0"},
				"south": {"uv": [6, 2, 5, 3], "texture": "#0"},
				"west": {"uv": [6, 2, 5, 3], "texture": "#0"},
				"up": {"uv": [5, 3, 6, 2], "texture": "#0"},
				"down": {"uv": [5, 3, 6, 2], "texture": "#0"}
			}
		},
		{
			"from": [7.42857, 2.50318, 6.98412],
			"to": [8.44445, 4.86191, 11.04762],
			"rotation": {"angle": 0, "axis": "y", "origin": [8, 4, 11.61905]},
			"faces": {
				"north": {"uv": [3, 0, 2, 1], "texture": "#0"},
				"east": {"uv": [3, 0, 2, 1], "texture": "#0"},
				"south": {"uv": [3, 0, 2, 1], "texture": "#0"},
				"west": {"uv": [3, 0, 2, 1], "texture": "#0"},
				"up": {"uv": [2, 1, 3, 0], "texture": "#0"},
				"down": {"uv": [2, 1, 3, 0], "texture": "#0"}
			}
		},
		{
			"from": [7.42857, 2.50318, 0.50793],
			"to": [8.44445, 4.86191, 4.57143],
			"rotation": {"angle": 0, "axis": "y", "origin": [8, 4, 5.14286]},
			"faces": {
				"north": {"uv": [3, 0, 2, 1], "texture": "#0"},
				"east": {"uv": [3, 0, 2, 1], "texture": "#0"},
				"south": {"uv": [3, 0, 2, 1], "texture": "#0"},
				"west": {"uv": [3, 0, 2, 1], "texture": "#0"},
				"up": {"uv": [2, 1, 3, 0], "texture": "#0"},
				"down": {"uv": [2, 1, 3, 0], "texture": "#0"}
			}
		},
		{
			"from": [6.75715, 3.17461, -1.07936],
			"to": [9.16588, 4.19048, 0.31746],
			"rotation": {"angle": 0, "axis": "z", "origin": [7.93651, 3.68254, 1.39682]},
			"faces": {
				"north": {"uv": [5, 3, 6, 2], "rotation": 270, "texture": "#0"},
				"east": {"uv": [5, 3, 6, 2], "rotation": 270, "texture": "#0"},
				"south": {"uv": [5, 3, 6, 2], "rotation": 90, "texture": "#0"},
				"west": {"uv": [5, 3, 6, 2], "rotation": 270, "texture": "#0"},
				"up": {"uv": [6, 2, 5, 3], "rotation": 270, "texture": "#0"},
				"down": {"uv": [6, 2, 5, 3], "rotation": 270, "texture": "#0"}
			}
		},
		{
			"from": [6.75715, 3.17461, 6.98412],
			"to": [9.16203, 4.19048, 11.04762],
			"rotation": {"angle": 0, "axis": "z", "origin": [7.93651, 3.68254, 2.98413]},
			"faces": {
				"north": {"uv": [2, 1, 3, 0], "rotation": 270, "texture": "#0"},
				"east": {"uv": [2, 1, 3, 0], "rotation": 270, "texture": "#0"},
				"south": {"uv": [2, 1, 3, 0], "rotation": 270, "texture": "#0"},
				"west": {"uv": [2, 1, 3, 0], "rotation": 270, "texture": "#0"},
				"up": {"uv": [3, 0, 2, 1], "rotation": 270, "texture": "#0"},
				"down": {"uv": [3, 0, 2, 1], "rotation": 270, "texture": "#0"}
			}
		},
		{
			"from": [6.85715, 3.17461, 6.98412],
			"to": [8.38095, 4.19048, 11.04762],
			"rotation": {"angle": 0, "axis": "z", "origin": [7.93651, 3.68254, 2.98413]},
			"faces": {
				"north": {"uv": [2, 1, 3, 0], "rotation": 270, "texture": "#0"},
				"east": {"uv": [2, 1, 3, 0], "rotation": 270, "texture": "#0"},
				"south": {"uv": [2, 1, 3, 0], "rotation": 270, "texture": "#0"},
				"west": {"uv": [2, 1, 3, 0], "rotation": 270, "texture": "#0"},
				"up": {"uv": [3, 0, 2, 1], "rotation": 270, "texture": "#0"},
				"down": {"uv": [3, 0, 2, 1], "rotation": 270, "texture": "#0"}
			}
		},
		{
			"from": [6.75715, 3.17461, 0.50793],
			"to": [9.16588, 4.19048, 4.57143],
			"rotation": {"angle": 0, "axis": "z", "origin": [7.93651, 3.68254, -3.49206]},
			"faces": {
				"north": {"uv": [2, 1, 3, 0], "rotation": 270, "texture": "#0"},
				"east": {"uv": [2, 1, 3, 0], "rotation": 270, "texture": "#0"},
				"south": {"uv": [2, 1, 3, 0], "rotation": 270, "texture": "#0"},
				"west": {"uv": [2, 1, 3, 0], "rotation": 270, "texture": "#0"},
				"up": {"uv": [3, 0, 2, 1], "rotation": 270, "texture": "#0"},
				"down": {"uv": [3, 0, 2, 1], "rotation": 270, "texture": "#0"}
			}
		},
		{
			"from": [6.90238, 2.88889, -1.07936],
			"to": [8.97064, 4.4127, 0.31746],
			"rotation": {"angle": 0, "axis": "z", "origin": [7.93651, 3.6508, 1.39682]},
			"faces": {
				"north": {"uv": [5, 3, 6, 2], "rotation": 270, "texture": "#0"},
				"east": {"uv": [5, 3, 6, 2], "rotation": 270, "texture": "#0"},
				"south": {"uv": [5, 3, 6, 2], "rotation": 90, "texture": "#0"},
				"west": {"uv": [5, 3, 6, 2], "rotation": 270, "texture": "#0"},
				"up": {"uv": [6, 2, 5, 3], "rotation": 270, "texture": "#0"},
				"down": {"uv": [6, 2, 5, 3], "rotation": 270, "texture": "#0"}
			}
		},
		{
			"from": [6.90238, 2.88889, 6.98412],
			"to": [8.97064, 4.4127, 11.04762],
			"rotation": {"angle": 0, "axis": "z", "origin": [7.93651, 3.6508, 2.98413]},
			"faces": {
				"north": {"uv": [2, 1, 3, 0], "rotation": 270, "texture": "#0"},
				"east": {"uv": [2, 1, 3, 0], "rotation": 270, "texture": "#0"},
				"south": {"uv": [2, 1, 3, 0], "rotation": 270, "texture": "#0"},
				"west": {"uv": [2, 1, 3, 0], "rotation": 270, "texture": "#0"},
				"up": {"uv": [3, 0, 2, 1], "rotation": 270, "texture": "#0"},
				"down": {"uv": [3, 0, 2, 1], "rotation": 270, "texture": "#0"}
			}
		},
		{
			"from": [6.90238, 2.88889, 0.50793],
			"to": [8.97064, 4.4127, 4.57143],
			"rotation": {"angle": 0, "axis": "z", "origin": [7.93651, 3.6508, -3.49206]},
			"faces": {
				"north": {"uv": [2, 1, 3, 0], "rotation": 270, "texture": "#0"},
				"east": {"uv": [2, 1, 3, 0], "rotation": 270, "texture": "#0"},
				"south": {"uv": [2, 1, 3, 0], "rotation": 270, "texture": "#0"},
				"west": {"uv": [2, 1, 3, 0], "rotation": 270, "texture": "#0"},
				"up": {"uv": [3, 0, 2, 1], "rotation": 270, "texture": "#0"},
				"down": {"uv": [3, 0, 2, 1], "rotation": 270, "texture": "#0"}
			}
		},
		{
			"from": [7.11111, 2.85715, -1.39682],
			"to": [8.7619, 4.50794, 3.87302],
			"rotation": {"angle": 0, "axis": "y", "origin": [8, 4, 10.03175]},
			"faces": {
				"north": {"uv": [6, 2, 5, 3], "texture": "#0"},
				"east": {"uv": [6, 2, 5, 3], "texture": "#0"},
				"south": {"uv": [6, 2, 5, 3], "texture": "#0"},
				"west": {"uv": [6, 2, 5, 3], "texture": "#0"},
				"up": {"uv": [5, 3, 6, 2], "texture": "#0"},
				"down": {"uv": [5, 3, 6, 2], "texture": "#0"}
			}
		},
		{
			"from": [7.30159, 3.04762, -1.52381],
			"to": [8.57143, 4.31746, 3.87302],
			"rotation": {"angle": 0, "axis": "y", "origin": [8, 4, 10.03175]},
			"faces": {
				"north": {"uv": [6, 2, 5, 3], "texture": "#0"},
				"east": {"uv": [6, 2, 5, 3], "texture": "#0"},
				"south": {"uv": [6, 2, 5, 3], "texture": "#0"},
				"west": {"uv": [6, 2, 5, 3], "texture": "#0"},
				"up": {"uv": [5, 3, 6, 2], "texture": "#0"},
				"down": {"uv": [5, 3, 6, 2], "texture": "#0"}
			}
		},
		{
			"from": [7.61905, 3.17461, -1.5873],
			"to": [8.31746, 4.19048, 3.87302],
			"rotation": {"angle": 0, "axis": "y", "origin": [8, 4, 10.03175]},
			"faces": {
				"north": {"uv": [6, 2, 5, 3], "texture": "#0"},
				"east": {"uv": [6, 2, 5, 3], "texture": "#0"},
				"south": {"uv": [6, 2, 5, 3], "texture": "#0"},
				"west": {"uv": [6, 2, 5, 3], "texture": "#0"},
				"up": {"uv": [5, 3, 6, 2], "texture": "#0"},
				"down": {"uv": [5, 3, 6, 2], "texture": "#0"}
			}
		},
		{
			"from": [7.46032, 3.33334, -1.5873],
			"to": [8.47619, 4.03175, 3.87302],
			"rotation": {"angle": 0, "axis": "z", "origin": [7.96826, 3.68254, 1.14286]},
			"faces": {
				"north": {"uv": [5, 3, 6, 2], "rotation": 270, "texture": "#0"},
				"east": {"uv": [5, 3, 6, 2], "rotation": 270, "texture": "#0"},
				"south": {"uv": [5, 3, 6, 2], "rotation": 90, "texture": "#0"},
				"west": {"uv": [5, 3, 6, 2], "rotation": 270, "texture": "#0"},
				"up": {"uv": [6, 2, 5, 3], "rotation": 270, "texture": "#0"},
				"down": {"uv": [6, 2, 5, 3], "rotation": 270, "texture": "#0"}
			}
		},
		{
			"from": [7.49207, 2.98413, -1.52381],
			"to": [8.38095, 4.38095, 3.87302],
			"rotation": {"angle": 0, "axis": "y", "origin": [8, 4, 10.03175]},
			"faces": {
				"north": {"uv": [6, 2, 5, 3], "texture": "#0"},
				"east": {"uv": [6, 2, 5, 3], "texture": "#0"},
				"south": {"uv": [6, 2, 5, 3], "texture": "#0"},
				"west": {"uv": [6, 2, 5, 3], "texture": "#0"},
				"up": {"uv": [5, 3, 6, 2], "texture": "#0"},
				"down": {"uv": [5, 3, 6, 2], "texture": "#0"}
			}
		},
		{
			"from": [7.2381, 3.2381, -1.52381],
			"to": [8.63492, 4.12699, 3.87302],
			"rotation": {"angle": 0, "axis": "z", "origin": [7.93651, 3.68254, 1.1746]},
			"faces": {
				"north": {"uv": [5, 3, 6, 2], "rotation": 270, "texture": "#0"},
				"east": {"uv": [5, 3, 6, 2], "rotation": 270, "texture": "#0"},
				"south": {"uv": [5, 3, 6, 2], "rotation": 90, "texture": "#0"},
				"west": {"uv": [5, 3, 6, 2], "rotation": 270, "texture": "#0"},
				"up": {"uv": [6, 2, 5, 3], "rotation": 270, "texture": "#0"},
				"down": {"uv": [6, 2, 5, 3], "rotation": 270, "texture": "#0"}
			}
		},
		{
			"from": [7.68254, 2.79365, -1.46032],
			"to": [8.25397, 4.57143, 3.87302],
			"rotation": {"angle": 0, "axis": "y", "origin": [8, 4, 10.03175]},
			"faces": {
				"north": {"uv": [6, 2, 5, 3], "texture": "#0"},
				"east": {"uv": [6, 2, 5, 3], "texture": "#0"},
				"south": {"uv": [6, 2, 5, 3], "texture": "#0"},
				"west": {"uv": [6, 2, 5, 3], "texture": "#0"},
				"up": {"uv": [5, 3, 6, 2], "texture": "#0"},
				"down": {"uv": [5, 3, 6, 2], "texture": "#0"}
			}
		},
		{
			"from": [7.07937, 3.39683, -1.46032],
			"to": [8.85714, 3.96826, 3.87302],
			"rotation": {"angle": 0, "axis": "z", "origin": [7.96826, 3.68254, 1.20635]},
			"faces": {
				"north": {"uv": [5, 3, 6, 2], "rotation": 270, "texture": "#0"},
				"east": {"uv": [5, 3, 6, 2], "rotation": 270, "texture": "#0"},
				"south": {"uv": [5, 3, 6, 2], "rotation": 90, "texture": "#0"},
				"west": {"uv": [5, 3, 6, 2], "rotation": 270, "texture": "#0"},
				"up": {"uv": [6, 2, 5, 3], "rotation": 270, "texture": "#0"},
				"down": {"uv": [6, 2, 5, 3], "rotation": 270, "texture": "#0"}
			}
		},
		{
			"from": [7.30159, 2.79365, -1.33333],
			"to": [8.57143, 4.57143, 3.87302],
			"rotation": {"angle": 0, "axis": "y", "origin": [8, 4, 10.03175]},
			"faces": {
				"north": {"uv": [6, 2, 5, 3], "texture": "#0"},
				"east": {"uv": [6, 2, 5, 3], "texture": "#0"},
				"south": {"uv": [6, 2, 5, 3], "texture": "#0"},
				"west": {"uv": [6, 2, 5, 3], "texture": "#0"},
				"up": {"uv": [5, 3, 6, 2], "texture": "#0"},
				"down": {"uv": [5, 3, 6, 2], "texture": "#0"}
			}
		},
		{
			"from": [7.04762, 3.04762, -1.33333],
			"to": [8.8254, 4.31746, 3.87302],
			"rotation": {"angle": 0, "axis": "z", "origin": [7.93651, 3.68254, 1.20635]},
			"faces": {
				"north": {"uv": [5, 3, 6, 2], "rotation": 270, "texture": "#0"},
				"east": {"uv": [5, 3, 6, 2], "rotation": 270, "texture": "#0"},
				"south": {"uv": [5, 3, 6, 2], "rotation": 90, "texture": "#0"},
				"west": {"uv": [5, 3, 6, 2], "rotation": 270, "texture": "#0"},
				"up": {"uv": [6, 2, 5, 3], "rotation": 270, "texture": "#0"},
				"down": {"uv": [6, 2, 5, 3], "rotation": 270, "texture": "#0"}
			}
		},
		{
			"from": [6.98413, 3.2381, -1.33333],
			"to": [8.88889, 4.12699, 3.87302],
			"rotation": {"angle": 0, "axis": "z", "origin": [7.93651, 3.68254, 1.20635]},
			"faces": {
				"north": {"uv": [5, 3, 6, 2], "rotation": 270, "texture": "#0"},
				"east": {"uv": [5, 3, 6, 2], "rotation": 270, "texture": "#0"},
				"south": {"uv": [5, 3, 6, 2], "rotation": 90, "texture": "#0"},
				"west": {"uv": [5, 3, 6, 2], "rotation": 270, "texture": "#0"},
				"up": {"uv": [6, 2, 5, 3], "rotation": 270, "texture": "#0"},
				"down": {"uv": [6, 2, 5, 3], "rotation": 270, "texture": "#0"}
			}
		},
		{
			"from": [7.49207, 2.73016, -1.33333],
			"to": [8.38095, 4.63492, 3.87302],
			"rotation": {"angle": 0, "axis": "z", "origin": [7.93651, 3.68254, 1.26984]},
			"faces": {
				"north": {"uv": [6, 2, 5, 3], "rotation": 180, "texture": "#0"},
				"east": {"uv": [6, 2, 5, 3], "rotation": 180, "texture": "#0"},
				"south": {"uv": [6, 2, 5, 3], "rotation": 180, "texture": "#0"},
				"west": {"uv": [6, 2, 5, 3], "rotation": 180, "texture": "#0"},
				"up": {"uv": [5, 3, 6, 2], "rotation": 180, "texture": "#0"},
				"down": {"uv": [5, 3, 6, 2], "rotation": 180, "texture": "#0"}
			}
		},
		{
			"from": [6.98413, 2.73016, 0.31746],
			"to": [8.88889, 4.63492, 0.50793],
			"rotation": {"angle": 0, "axis": "y", "origin": [8, 4, 11.42857]},
			"faces": {
				"north": {"uv": [4, 0, 3, 1], "texture": "#0"},
				"east": {"uv": [4, 0, 3, 1], "texture": "#0"},
				"south": {"uv": [4, 0, 3, 1], "texture": "#0"},
				"west": {"uv": [4, 0, 3, 1], "texture": "#0"},
				"up": {"uv": [3, 1, 4, 0], "texture": "#0"},
				"down": {"uv": [3, 1, 4, 0], "texture": "#0"}
			}
		},
		{
			"from": [7.17461, 2.61667, 0.31746],
			"to": [8.69842, 4.74841, 0.50793],
			"rotation": {"angle": 0, "axis": "y", "origin": [8, 4, 11.42857]},
			"faces": {
				"north": {"uv": [4, 0, 3, 1], "texture": "#0"},
				"east": {"uv": [4, 0, 3, 1], "texture": "#0"},
				"south": {"uv": [4, 0, 3, 1], "texture": "#0"},
				"west": {"uv": [4, 0, 3, 1], "texture": "#0"},
				"up": {"uv": [3, 1, 4, 0], "texture": "#0"},
				"down": {"uv": [3, 1, 4, 0], "texture": "#0"}
			}
		},
		{
			"from": [7.42857, 2.50318, 0.31746],
			"to": [8.44445, 4.86191, 0.50793],
			"rotation": {"angle": 0, "axis": "y", "origin": [8, 4, 11.42857]},
			"faces": {
				"north": {"uv": [4, 0, 3, 1], "texture": "#0"},
				"east": {"uv": [4, 0, 3, 1], "texture": "#0"},
				"south": {"uv": [4, 0, 3, 1], "texture": "#0"},
				"west": {"uv": [4, 0, 3, 1], "texture": "#0"},
				"up": {"uv": [3, 1, 4, 0], "texture": "#0"},
				"down": {"uv": [3, 1, 4, 0], "texture": "#0"}
			}
		},
		{
			"from": [6.75715, 3.17461, 0.31746],
			"to": [9.16588, 4.19048, 0.50793],
			"rotation": {"angle": 0, "axis": "z", "origin": [7.93651, 3.68254, 2.79365]},
			"faces": {
				"north": {"uv": [3, 1, 4, 0], "rotation": 270, "texture": "#0"},
				"east": {"uv": [3, 1, 4, 0], "rotation": 270, "texture": "#0"},
				"south": {"uv": [3, 1, 4, 0], "rotation": 270, "texture": "#0"},
				"west": {"uv": [3, 1, 4, 0], "rotation": 270, "texture": "#0"},
				"up": {"uv": [4, 0, 3, 1], "rotation": 270, "texture": "#0"},
				"down": {"uv": [4, 0, 3, 1], "rotation": 270, "texture": "#0"}
			}
		},
		{
			"from": [6.90238, 2.88889, 0.31746],
			"to": [8.97064, 4.4127, 0.50793],
			"rotation": {"angle": 0, "axis": "z", "origin": [7.93651, 3.6508, 2.79365]},
			"faces": {
				"north": {"uv": [3, 1, 4, 0], "rotation": 270, "texture": "#0"},
				"east": {"uv": [3, 1, 4, 0], "rotation": 270, "texture": "#0"},
				"south": {"uv": [3, 1, 4, 0], "rotation": 270, "texture": "#0"},
				"west": {"uv": [3, 1, 4, 0], "rotation": 270, "texture": "#0"},
				"up": {"uv": [4, 0, 3, 1], "rotation": 270, "texture": "#0"},
				"down": {"uv": [4, 0, 3, 1], "rotation": 270, "texture": "#0"}
			}
		},
		{
			"from": [6.98413, 2.73016, 11.04762],
			"to": [8.88889, 4.63492, 11.2381],
			"rotation": {"angle": 0, "axis": "y", "origin": [8, 4, 22.15873]},
			"faces": {
				"north": {"uv": [4, 0, 3, 1], "texture": "#0"},
				"east": {"uv": [4, 0, 3, 1], "texture": "#0"},
				"south": {"uv": [4, 0, 3, 1], "texture": "#0"},
				"west": {"uv": [4, 0, 3, 1], "texture": "#0"},
				"up": {"uv": [3, 1, 4, 0], "texture": "#0"},
				"down": {"uv": [3, 1, 4, 0], "texture": "#0"}
			}
		},
		{
			"from": [7.17461, 2.66667, 11.04762],
			"to": [8.69842, 4.69842, 11.2381],
			"rotation": {"angle": 0, "axis": "y", "origin": [8, 4, 22.15873]},
			"faces": {
				"north": {"uv": [4, 0, 3, 1], "texture": "#0"},
				"east": {"uv": [4, 0, 3, 1], "texture": "#0"},
				"south": {"uv": [4, 0, 3, 1], "texture": "#0"},
				"west": {"uv": [4, 0, 3, 1], "texture": "#0"},
				"up": {"uv": [3, 1, 4, 0], "texture": "#0"},
				"down": {"uv": [3, 1, 4, 0], "texture": "#0"}
			}
		},
		{
			"from": [7.42857, 2.60317, 11.04762],
			"to": [8.44445, 4.7619, 11.2381],
			"rotation": {"angle": 0, "axis": "y", "origin": [8, 4, 22.15873]},
			"faces": {
				"north": {"uv": [4, 0, 3, 1], "texture": "#0"},
				"east": {"uv": [4, 0, 3, 1], "texture": "#0"},
				"south": {"uv": [4, 0, 3, 1], "texture": "#0"},
				"west": {"uv": [4, 0, 3, 1], "texture": "#0"},
				"up": {"uv": [3, 1, 4, 0], "texture": "#0"},
				"down": {"uv": [3, 1, 4, 0], "texture": "#0"}
			}
		},
		{
			"from": [6.85715, 3.17461, 11.04762],
			"to": [9.01588, 4.19048, 11.2381],
			"rotation": {"angle": 0, "axis": "z", "origin": [7.93651, 3.68254, 13.52381]},
			"faces": {
				"north": {"uv": [3, 1, 4, 0], "rotation": 270, "texture": "#0"},
				"east": {"uv": [3, 1, 4, 0], "rotation": 270, "texture": "#0"},
				"south": {"uv": [3, 1, 4, 0], "rotation": 270, "texture": "#0"},
				"west": {"uv": [3, 1, 4, 0], "rotation": 270, "texture": "#0"},
				"up": {"uv": [4, 0, 3, 1], "rotation": 270, "texture": "#0"},
				"down": {"uv": [4, 0, 3, 1], "rotation": 270, "texture": "#0"}
			}
		},
		{
			"from": [6.95238, 2.88889, 11.04762],
			"to": [8.92064, 4.4127, 11.2381],
			"rotation": {"angle": 0, "axis": "z", "origin": [7.93651, 3.6508, 13.52381]},
			"faces": {
				"north": {"uv": [3, 1, 4, 0], "rotation": 270, "texture": "#0"},
				"east": {"uv": [3, 1, 4, 0], "rotation": 270, "texture": "#0"},
				"south": {"uv": [3, 1, 4, 0], "rotation": 270, "texture": "#0"},
				"west": {"uv": [3, 1, 4, 0], "rotation": 270, "texture": "#0"},
				"up": {"uv": [4, 0, 3, 1], "rotation": 270, "texture": "#0"},
				"down": {"uv": [4, 0, 3, 1], "rotation": 270, "texture": "#0"}
			}
		},
		{
			"from": [7.34603, 3.08, 11.2127],
			"to": [8.52699, 4.26095, 14.37842],
			"rotation": {"angle": 0, "axis": "y", "origin": [7.97588, 3.8673, 18.10159]},
			"faces": {
				"north": {"uv": [3, 1, 2, 2], "texture": "#0"},
				"east": {"uv": [3, 1, 2, 2], "texture": "#0"},
				"south": {"uv": [3, 1, 2, 2], "texture": "#0"},
				"west": {"uv": [3, 1, 2, 2], "texture": "#0"},
				"up": {"uv": [2, 2, 3, 1], "texture": "#0"},
				"down": {"uv": [2, 2, 3, 1], "texture": "#0"}
			}
		},
		{
			"from": [7.46413, 3.04064, 11.2127],
			"to": [8.40889, 4.30032, 14.37842],
			"rotation": {"angle": 0, "axis": "y", "origin": [7.97588, 3.8673, 18.10159]},
			"faces": {
				"north": {"uv": [3, 1, 2, 2], "texture": "#0"},
				"east": {"uv": [3, 1, 2, 2], "texture": "#0"},
				"south": {"uv": [3, 1, 2, 2], "texture": "#0"},
				"west": {"uv": [3, 1, 2, 2], "texture": "#0"},
				"up": {"uv": [2, 2, 3, 1], "texture": "#0"},
				"down": {"uv": [2, 2, 3, 1], "texture": "#0"}
			}
		},
		{
			"from": [7.62159, 3.00127, 11.2127],
			"to": [8.25143, 4.33969, 14.37842],
			"rotation": {"angle": 0, "axis": "y", "origin": [7.97588, 3.8673, 18.10159]},
			"faces": {
				"north": {"uv": [3, 1, 2, 2], "texture": "#0"},
				"east": {"uv": [3, 1, 2, 2], "texture": "#0"},
				"south": {"uv": [3, 1, 2, 2], "texture": "#0"},
				"west": {"uv": [3, 1, 2, 2], "texture": "#0"},
				"up": {"uv": [2, 2, 3, 1], "texture": "#0"},
				"down": {"uv": [2, 2, 3, 1], "texture": "#0"}
			}
		},
		{
			"from": [7.2673, 3.35556, 11.2127],
			"to": [8.60572, 3.9854, 14.37842],
			"rotation": {"angle": 0, "axis": "z", "origin": [7.93651, 3.67048, 12.74794]},
			"faces": {
				"north": {"uv": [2, 2, 3, 1], "rotation": 270, "texture": "#0"},
				"east": {"uv": [2, 2, 3, 1], "rotation": 270, "texture": "#0"},
				"south": {"uv": [2, 2, 3, 1], "rotation": 270, "texture": "#0"},
				"west": {"uv": [2, 2, 3, 1], "rotation": 270, "texture": "#0"},
				"up": {"uv": [3, 1, 2, 2], "rotation": 270, "texture": "#0"},
				"down": {"uv": [3, 1, 2, 2], "rotation": 270, "texture": "#0"}
			}
		},
		{
			"from": [7.32635, 3.17842, 11.2127],
			"to": [8.54667, 4.12318, 14.37842],
			"rotation": {"angle": 0, "axis": "z", "origin": [7.93651, 3.6508, 12.74794]},
			"faces": {
				"north": {"uv": [2, 2, 3, 1], "rotation": 270, "texture": "#0"},
				"east": {"uv": [2, 2, 3, 1], "rotation": 270, "texture": "#0"},
				"south": {"uv": [2, 2, 3, 1], "rotation": 270, "texture": "#0"},
				"west": {"uv": [2, 2, 3, 1], "rotation": 270, "texture": "#0"},
				"up": {"uv": [3, 1, 2, 2], "rotation": 270, "texture": "#0"},
				"down": {"uv": [3, 1, 2, 2], "rotation": 270, "texture": "#0"}
			}
		},
		{
			"from": [7.22794, 2.96584, 9.27746],
			"to": [8.64508, 4.38298, 13.07632],
			"rotation": {"angle": 0, "axis": "y", "origin": [7.98375, 3.91061, 17.54413]},
			"faces": {
				"north": {"uv": [3, 1, 2, 2], "texture": "#0"},
				"east": {"uv": [3, 1, 2, 2], "texture": "#0"},
				"south": {"uv": [3, 1, 2, 2], "texture": "#0"},
				"west": {"uv": [3, 1, 2, 2], "texture": "#0"},
				"up": {"uv": [2, 2, 3, 1], "texture": "#0"},
				"down": {"uv": [2, 2, 3, 1], "texture": "#0"}
			}
		},
		{
			"from": [7.36965, 2.91861, 9.27746],
			"to": [8.50336, 4.43022, 13.07632],
			"rotation": {"angle": 0, "axis": "y", "origin": [7.98375, 3.91061, 17.54413]},
			"faces": {
				"north": {"uv": [3, 1, 2, 2], "texture": "#0"},
				"east": {"uv": [3, 1, 2, 2], "texture": "#0"},
				"south": {"uv": [3, 1, 2, 2], "texture": "#0"},
				"west": {"uv": [3, 1, 2, 2], "texture": "#0"},
				"up": {"uv": [2, 2, 3, 1], "texture": "#0"},
				"down": {"uv": [2, 2, 3, 1], "texture": "#0"}
			}
		},
		{
			"from": [7.55861, 2.87137, 9.27746],
			"to": [8.31442, 4.47746, 13.07632],
			"rotation": {"angle": 0, "axis": "y", "origin": [7.98375, 3.91061, 17.54413]},
			"faces": {
				"north": {"uv": [3, 1, 2, 2], "texture": "#0"},
				"east": {"uv": [3, 1, 2, 2], "texture": "#0"},
				"south": {"uv": [3, 1, 2, 2], "texture": "#0"},
				"west": {"uv": [3, 1, 2, 2], "texture": "#0"},
				"up": {"uv": [2, 2, 3, 1], "texture": "#0"},
				"down": {"uv": [2, 2, 3, 1], "texture": "#0"}
			}
		},
		{
			"from": [7.13346, 3.29651, 9.27746],
			"to": [8.73955, 4.05232, 13.07632],
			"rotation": {"angle": 0, "axis": "z", "origin": [7.93651, 3.67442, 11.11975]},
			"faces": {
				"north": {"uv": [2, 2, 3, 1], "rotation": 270, "texture": "#0"},
				"east": {"uv": [2, 2, 3, 1], "rotation": 270, "texture": "#0"},
				"south": {"uv": [2, 2, 3, 1], "rotation": 270, "texture": "#0"},
				"west": {"uv": [2, 2, 3, 1], "rotation": 270, "texture": "#0"},
				"up": {"uv": [3, 1, 2, 2], "rotation": 270, "texture": "#0"},
				"down": {"uv": [3, 1, 2, 2], "rotation": 270, "texture": "#0"}
			}
		},
		{
			"from": [7.20431, 3.08394, 9.27746],
			"to": [8.6687, 4.21765, 13.07632],
			"rotation": {"angle": 0, "axis": "z", "origin": [7.93651, 3.6508, 11.11975]},
			"faces": {
				"north": {"uv": [2, 2, 3, 1], "rotation": 270, "texture": "#0"},
				"east": {"uv": [2, 2, 3, 1], "rotation": 270, "texture": "#0"},
				"south": {"uv": [2, 2, 3, 1], "rotation": 270, "texture": "#0"},
				"west": {"uv": [2, 2, 3, 1], "rotation": 270, "texture": "#0"},
				"up": {"uv": [3, 1, 2, 2], "rotation": 270, "texture": "#0"},
				"down": {"uv": [3, 1, 2, 2], "rotation": 270, "texture": "#0"}
			}
		},
		{
			"from": [7.08622, 2.82885, 4.66946],
			"to": [8.7868, 4.52942, 11.89476],
			"rotation": {"angle": 0, "axis": "y", "origin": [7.9932, 3.96257, 20.49422]},
			"faces": {
				"north": {"uv": [3, 1, 2, 2], "texture": "#0"},
				"east": {"uv": [3, 1, 2, 2], "texture": "#0"},
				"south": {"uv": [3, 1, 2, 2], "texture": "#0"},
				"west": {"uv": [3, 1, 2, 2], "texture": "#0"},
				"up": {"uv": [2, 2, 3, 1], "texture": "#0"},
				"down": {"uv": [2, 2, 3, 1], "texture": "#0"}
			}
		},
		{
			"from": [7.25628, 2.77217, 4.66946],
			"to": [8.61674, 4.58611, 11.89476],
			"rotation": {"angle": 0, "axis": "y", "origin": [7.9932, 3.96257, 20.49422]},
			"faces": {
				"north": {"uv": [3, 1, 2, 2], "texture": "#0"},
				"east": {"uv": [3, 1, 2, 2], "texture": "#0"},
				"south": {"uv": [3, 1, 2, 2], "texture": "#0"},
				"west": {"uv": [3, 1, 2, 2], "texture": "#0"},
				"up": {"uv": [2, 2, 3, 1], "texture": "#0"},
				"down": {"uv": [2, 2, 3, 1], "texture": "#0"}
			}
		},
		{
			"from": [7.48302, 2.71548, 4.66946],
			"to": [8.38999, 4.64279, 11.89476],
			"rotation": {"angle": 0, "axis": "y", "origin": [7.9932, 3.96257, 20.49422]},
			"faces": {
				"north": {"uv": [3, 1, 2, 2], "texture": "#0"},
				"east": {"uv": [3, 1, 2, 2], "texture": "#0"},
				"south": {"uv": [3, 1, 2, 2], "texture": "#0"},
				"west": {"uv": [3, 1, 2, 2], "texture": "#0"},
				"up": {"uv": [2, 2, 3, 1], "texture": "#0"},
				"down": {"uv": [2, 2, 3, 1], "texture": "#0"}
			}
		},
		{
			"from": [6.97285, 3.22565, 4.66946],
			"to": [8.90017, 4.13262, 11.89476],
			"rotation": {"angle": 0, "axis": "z", "origin": [7.93651, 3.67914, 12.78497]},
			"faces": {
				"north": {"uv": [2, 2, 3, 1], "rotation": 270, "texture": "#0"},
				"east": {"uv": [2, 2, 3, 1], "rotation": 270, "texture": "#0"},
				"south": {"uv": [2, 2, 3, 1], "rotation": 270, "texture": "#0"},
				"west": {"uv": [2, 2, 3, 1], "rotation": 270, "texture": "#0"},
				"up": {"uv": [3, 1, 2, 2], "rotation": 270, "texture": "#0"},
				"down": {"uv": [3, 1, 2, 2], "rotation": 270, "texture": "#0"}
			}
		},
		{
			"from": [7.05788, 2.97057, 4.66946],
			"to": [8.81514, 4.33102, 11.89476],
			"rotation": {"angle": 0, "axis": "z", "origin": [7.93651, 3.6508, 12.78497]},
			"faces": {
				"north": {"uv": [2, 2, 3, 1], "rotation": 270, "texture": "#0"},
				"east": {"uv": [2, 2, 3, 1], "rotation": 270, "texture": "#0"},
				"south": {"uv": [2, 2, 3, 1], "rotation": 270, "texture": "#0"},
				"west": {"uv": [2, 2, 3, 1], "rotation": 270, "texture": "#0"},
				"up": {"uv": [3, 1, 2, 2], "rotation": 270, "texture": "#0"},
				"down": {"uv": [3, 1, 2, 2], "rotation": 270, "texture": "#0"}
			}
		},
		{
			"from": [7.46413, 3.19416, 9.52889],
			"to": [8.40889, 4.13892, 15.42654],
			"rotation": {"angle": 0, "axis": "y", "origin": [7.968, 3.824, 15.04]},
			"faces": {
				"north": {"uv": [3, 1, 2, 2], "texture": "#0"},
				"east": {"uv": [3, 1, 2, 2], "texture": "#0"},
				"south": {"uv": [3, 1, 2, 2], "texture": "#0"},
				"west": {"uv": [3, 1, 2, 2], "texture": "#0"},
				"up": {"uv": [2, 2, 3, 1], "texture": "#0"},
				"down": {"uv": [2, 2, 3, 1], "texture": "#0"}
			}
		},
		{
			"from": [7.55861, 3.16267, 9.52889],
			"to": [8.31442, 4.17042, 15.42654],
			"rotation": {"angle": 0, "axis": "y", "origin": [7.968, 3.824, 15.04]},
			"faces": {
				"north": {"uv": [3, 1, 2, 2], "texture": "#0"},
				"east": {"uv": [3, 1, 2, 2], "texture": "#0"},
				"south": {"uv": [3, 1, 2, 2], "texture": "#0"},
				"west": {"uv": [3, 1, 2, 2], "texture": "#0"},
				"up": {"uv": [2, 2, 3, 1], "texture": "#0"},
				"down": {"uv": [2, 2, 3, 1], "texture": "#0"}
			}
		},
		{
			"from": [7.68457, 3.13118, 9.52889],
			"to": [8.18845, 4.20191, 15.42654],
			"rotation": {"angle": 0, "axis": "y", "origin": [7.968, 3.824, 15.04]},
			"faces": {
				"north": {"uv": [3, 1, 2, 2], "texture": "#0"},
				"east": {"uv": [3, 1, 2, 2], "texture": "#0"},
				"south": {"uv": [3, 1, 2, 2], "texture": "#0"},
				"west": {"uv": [3, 1, 2, 2], "texture": "#0"},
				"up": {"uv": [2, 2, 3, 1], "texture": "#0"},
				"down": {"uv": [2, 2, 3, 1], "texture": "#0"}
			}
		},
		{
			"from": [7.40115, 3.41461, 9.52889],
			"to": [8.47188, 3.91848, 15.42654],
			"rotation": {"angle": 0, "axis": "z", "origin": [7.93651, 3.66654, 10.75708]},
			"faces": {
				"north": {"uv": [2, 2, 3, 1], "rotation": 270, "texture": "#0"},
				"east": {"uv": [2, 2, 3, 1], "rotation": 270, "texture": "#0"},
				"south": {"uv": [2, 2, 3, 1], "rotation": 270, "texture": "#0"},
				"west": {"uv": [2, 2, 3, 1], "rotation": 270, "texture": "#0"},
				"up": {"uv": [3, 1, 2, 2], "rotation": 270, "texture": "#0"},
				"down": {"uv": [3, 1, 2, 2], "rotation": 270, "texture": "#0"}
			}
		},
		{
			"from": [7.44838, 3.27289, 9.52889],
			"to": [8.42464, 4.0287, 15.42654],
			"rotation": {"angle": 0, "axis": "z", "origin": [7.93651, 3.6508, 10.75708]},
			"faces": {
				"north": {"uv": [2, 2, 3, 1], "rotation": 270, "texture": "#0"},
				"east": {"uv": [2, 2, 3, 1], "rotation": 270, "texture": "#0"},
				"south": {"uv": [2, 2, 3, 1], "rotation": 270, "texture": "#0"},
				"west": {"uv": [2, 2, 3, 1], "rotation": 270, "texture": "#0"},
				"up": {"uv": [3, 1, 2, 2], "rotation": 270, "texture": "#0"},
				"down": {"uv": [3, 1, 2, 2], "rotation": 270, "texture": "#0"}
			}
		},
		{
			"from": [7.62473, 3.34942, 7.23891],
			"to": [8.24828, 3.97296, 16.33771],
			"rotation": {"angle": 0, "axis": "y", "origin": [7.9573, 3.76511, 10.87624]},
			"faces": {
				"north": {"uv": [3, 1, 2, 2], "texture": "#0"},
				"east": {"uv": [3, 1, 2, 2], "texture": "#0"},
				"south": {"uv": [3, 1, 2, 2], "texture": "#0"},
				"west": {"uv": [3, 1, 2, 2], "texture": "#0"},
				"up": {"uv": [2, 2, 3, 1], "texture": "#0"},
				"down": {"uv": [2, 2, 3, 1], "texture": "#0"}
			}
		},
		{
			"from": [7.68709, 3.32863, 7.23891],
			"to": [8.18593, 3.99374, 16.33771],
			"rotation": {"angle": 0, "axis": "y", "origin": [7.9573, 3.76511, 10.87624]},
			"faces": {
				"north": {"uv": [3, 1, 2, 2], "texture": "#0"},
				"east": {"uv": [3, 1, 2, 2], "texture": "#0"},
				"south": {"uv": [3, 1, 2, 2], "texture": "#0"},
				"west": {"uv": [3, 1, 2, 2], "texture": "#0"},
				"up": {"uv": [2, 2, 3, 1], "texture": "#0"},
				"down": {"uv": [2, 2, 3, 1], "texture": "#0"}
			}
		},
		{
			"from": [7.77023, 3.30785, 7.23891],
			"to": [8.10279, 4.01453, 16.33771],
			"rotation": {"angle": 0, "axis": "y", "origin": [7.9573, 3.76511, 10.87624]},
			"faces": {
				"north": {"uv": [3, 1, 2, 2], "texture": "#0"},
				"east": {"uv": [3, 1, 2, 2], "texture": "#0"},
				"south": {"uv": [3, 1, 2, 2], "texture": "#0"},
				"west": {"uv": [3, 1, 2, 2], "texture": "#0"},
				"up": {"uv": [2, 2, 3, 1], "texture": "#0"},
				"down": {"uv": [2, 2, 3, 1], "texture": "#0"}
			}
		},
		{
			"from": [7.58317, 3.49491, 7.23891],
			"to": [8.28985, 3.82747, 16.33771],
			"rotation": {"angle": 0, "axis": "z", "origin": [7.93651, 3.66119, 8.04952]},
			"faces": {
				"north": {"uv": [2, 2, 3, 1], "rotation": 270, "texture": "#0"},
				"east": {"uv": [2, 2, 3, 1], "rotation": 270, "texture": "#0"},
				"south": {"uv": [2, 2, 3, 1], "rotation": 270, "texture": "#0"},
				"west": {"uv": [2, 2, 3, 1], "rotation": 270, "texture": "#0"},
				"up": {"uv": [3, 1, 2, 2], "rotation": 270, "texture": "#0"},
				"down": {"uv": [3, 1, 2, 2], "rotation": 270, "texture": "#0"}
			}
		},
		{
			"from": [7.61435, 3.40138, 7.23891],
			"to": [8.25867, 3.90021, 16.33771],
			"rotation": {"angle": 0, "axis": "z", "origin": [7.93651, 3.6508, 8.04952]},
			"faces": {
				"north": {"uv": [2, 2, 3, 1], "rotation": 270, "texture": "#0"},
				"east": {"uv": [2, 2, 3, 1], "rotation": 270, "texture": "#0"},
				"south": {"uv": [2, 2, 3, 1], "rotation": 270, "texture": "#0"},
				"west": {"uv": [2, 2, 3, 1], "rotation": 270, "texture": "#0"},
				"up": {"uv": [3, 1, 2, 2], "rotation": 270, "texture": "#0"},
				"down": {"uv": [3, 1, 2, 2], "rotation": 270, "texture": "#0"}
			}
		},
		{
			"name": "cube3",
			"from": [7.65815, 2.29695, 15.24816],
			"to": [8.23049, 2.42394, 17.08367],
			"rotation": {"angle": 0, "axis": "y", "origin": [7.95348, 3.74412, 9.39228]},
			"faces": {
				"north": {"uv": [4, 1, 3, 2], "texture": "#0"},
				"east": {"uv": [4, 1, 3, 2], "texture": "#0"},
				"south": {"uv": [4, 1, 3, 2], "texture": "#0"},
				"west": {"uv": [4, 1, 3, 2], "texture": "#0"},
				"up": {"uv": [3, 2, 4, 1], "texture": "#0"},
				"down": {"uv": [3, 2, 4, 1], "texture": "#0"}
			}
		},
		{
			"name": "cube6",
			"from": [7.65815, 2.29695, 15.24816],
			"to": [8.23049, 2.42394, 17.08367],
			"rotation": {"angle": -22.5, "axis": "z", "origin": [7.94432, 3.72553, 17.30662]},
			"faces": {
				"north": {"uv": [4, 1, 3, 2], "rotation": 180, "texture": "#0"},
				"east": {"uv": [4, 1, 3, 2], "rotation": 180, "texture": "#0"},
				"south": {"uv": [4, 1, 3, 2], "rotation": 180, "texture": "#0"},
				"west": {"uv": [4, 1, 3, 2], "rotation": 180, "texture": "#0"},
				"up": {"uv": [3, 2, 4, 1], "rotation": 180, "texture": "#0"},
				"down": {"uv": [3, 2, 4, 1], "rotation": 180, "texture": "#0"}
			}
		},
		{
			"name": "cube6",
			"from": [6.51575, 3.43935, 15.24816],
			"to": [6.64274, 4.01169, 17.08367],
			"rotation": {"angle": 45, "axis": "z", "origin": [7.94432, 3.72553, 17.30662]},
			"faces": {
				"north": {"uv": [3, 2, 4, 1], "rotation": 270, "texture": "#0"},
				"east": {"uv": [3, 2, 4, 1], "rotation": 270, "texture": "#0"},
				"south": {"uv": [3, 2, 4, 1], "rotation": 270, "texture": "#0"},
				"west": {"uv": [3, 2, 4, 1], "rotation": 270, "texture": "#0"},
				"up": {"uv": [4, 1, 3, 2], "rotation": 270, "texture": "#0"},
				"down": {"uv": [4, 1, 3, 2], "rotation": 270, "texture": "#0"}
			}
		},
		{
			"name": "cube6",
			"from": [6.51575, 3.43935, 15.24816],
			"to": [6.64274, 4.01169, 17.08367],
			"rotation": {"angle": 22.5, "axis": "z", "origin": [7.94432, 3.72553, 17.30662]},
			"faces": {
				"north": {"uv": [3, 2, 4, 1], "rotation": 270, "texture": "#0"},
				"east": {"uv": [3, 2, 4, 1], "rotation": 270, "texture": "#0"},
				"south": {"uv": [3, 2, 4, 1], "rotation": 270, "texture": "#0"},
				"west": {"uv": [3, 2, 4, 1], "rotation": 270, "texture": "#0"},
				"up": {"uv": [4, 1, 3, 2], "rotation": 270, "texture": "#0"},
				"down": {"uv": [4, 1, 3, 2], "rotation": 270, "texture": "#0"}
			}
		},
		{
			"name": "cube5",
			"from": [6.51575, 3.43935, 15.24816],
			"to": [6.64274, 4.01169, 17.08367],
			"rotation": {"angle": 0, "axis": "z", "origin": [7.94432, 3.72553, 17.30662]},
			"faces": {
				"north": {"uv": [3, 2, 4, 1], "rotation": 270, "texture": "#0"},
				"east": {"uv": [3, 2, 4, 1], "rotation": 270, "texture": "#0"},
				"south": {"uv": [3, 2, 4, 1], "rotation": 270, "texture": "#0"},
				"west": {"uv": [3, 2, 4, 1], "rotation": 270, "texture": "#0"},
				"up": {"uv": [4, 1, 3, 2], "rotation": 270, "texture": "#0"},
				"down": {"uv": [4, 1, 3, 2], "rotation": 270, "texture": "#0"}
			}
		},
		{
			"name": "cube6",
			"from": [6.51575, 3.43935, 15.24816],
			"to": [6.64274, 4.01169, 17.08367],
			"rotation": {"angle": -22.5, "axis": "z", "origin": [7.94432, 3.72553, 17.30662]},
			"faces": {
				"north": {"uv": [3, 2, 4, 1], "rotation": 270, "texture": "#0"},
				"east": {"uv": [3, 2, 4, 1], "rotation": 270, "texture": "#0"},
				"south": {"uv": [3, 2, 4, 1], "rotation": 270, "texture": "#0"},
				"west": {"uv": [3, 2, 4, 1], "rotation": 270, "texture": "#0"},
				"up": {"uv": [4, 1, 3, 2], "rotation": 270, "texture": "#0"},
				"down": {"uv": [4, 1, 3, 2], "rotation": 270, "texture": "#0"}
			}
		},
		{
			"name": "cube5",
			"from": [7.65815, 5.02711, 15.24816],
			"to": [8.23049, 5.1541, 17.08367],
			"rotation": {"angle": 45, "axis": "z", "origin": [7.94432, 3.72553, 17.30662]},
			"faces": {
				"north": {"uv": [4, 1, 3, 2], "texture": "#0"},
				"east": {"uv": [4, 1, 3, 2], "texture": "#0"},
				"south": {"uv": [4, 1, 3, 2], "texture": "#0"},
				"west": {"uv": [4, 1, 3, 2], "texture": "#0"},
				"up": {"uv": [3, 2, 4, 1], "texture": "#0"},
				"down": {"uv": [3, 2, 4, 1], "texture": "#0"}
			}
		},
		{
			"name": "cube6",
			"from": [6.76222, 4.83101, 12.77741],
			"to": [9.03798, 4.86955, 12.8932],
			"rotation": {"angle": 45, "axis": "z", "origin": [7.94432, 3.72553, 17.30662]},
			"faces": {
				"north": {"uv": [4, 1, 3, 2], "texture": "#0"},
				"east": {"uv": [4, 1, 3, 2], "texture": "#0"},
				"south": {"uv": [4, 1, 3, 2], "texture": "#0"},
				"west": {"uv": [4, 1, 3, 2], "texture": "#0"},
				"up": {"uv": [3, 2, 4, 1], "texture": "#0"},
				"down": {"uv": [3, 2, 4, 1], "texture": "#0"}
			}
		},
		{
			"name": "cube7",
			"from": [6.75068, 2.51613, 12.77741],
			"to": [9.06106, 2.55852, 12.8932],
			"rotation": {"angle": 45, "axis": "z", "origin": [7.94432, 3.72553, 17.30662]},
			"faces": {
				"north": {"uv": [4, 1, 3, 2], "rotation": 180, "texture": "#0"},
				"east": {"uv": [4, 1, 3, 2], "rotation": 180, "texture": "#0"},
				"south": {"uv": [4, 1, 3, 2], "rotation": 180, "texture": "#0"},
				"west": {"uv": [4, 1, 3, 2], "rotation": 180, "texture": "#0"},
				"up": {"uv": [3, 2, 4, 1], "rotation": 180, "texture": "#0"},
				"down": {"uv": [3, 2, 4, 1], "rotation": 180, "texture": "#0"}
			}
		},
		{
			"name": "cube7",
			"from": [6.74646, 2.56649, 12.77741],
			"to": [6.78501, 4.84226, 12.8932],
			"rotation": {"angle": 45, "axis": "z", "origin": [7.94432, 3.72553, 17.30662]},
			"faces": {
				"north": {"uv": [3, 2, 4, 1], "rotation": 270, "texture": "#0"},
				"east": {"uv": [3, 2, 4, 1], "rotation": 270, "texture": "#0"},
				"south": {"uv": [3, 2, 4, 1], "rotation": 90, "texture": "#0"},
				"west": {"uv": [3, 2, 4, 1], "rotation": 270, "texture": "#0"},
				"up": {"uv": [4, 1, 3, 2], "rotation": 270, "texture": "#0"},
				"down": {"uv": [4, 1, 3, 2], "rotation": 270, "texture": "#0"}
			}
		},
		{
			"name": "cube8",
			"from": [9.01904, 2.54726, 12.77741],
			"to": [9.05759, 4.78843, 12.8932],
			"rotation": {"angle": 45, "axis": "z", "origin": [7.94432, 3.72553, 17.30662]},
			"faces": {
				"north": {"uv": [3, 2, 4, 1], "rotation": 90, "texture": "#0"},
				"east": {"uv": [3, 2, 4, 1], "rotation": 90, "texture": "#0"},
				"south": {"uv": [3, 2, 4, 1], "rotation": 270, "texture": "#0"},
				"west": {"uv": [3, 2, 4, 1], "rotation": 90, "texture": "#0"},
				"up": {"uv": [4, 1, 3, 2], "rotation": 90, "texture": "#0"},
				"down": {"uv": [4, 1, 3, 2], "rotation": 90, "texture": "#0"}
			}
		},
		{
			"name": "cube5",
			"from": [7.65815, 5.02711, 15.24816],
			"to": [8.23049, 5.1541, 17.08367],
			"rotation": {"angle": 22.5, "axis": "z", "origin": [7.94432, 3.72553, 17.30662]},
			"faces": {
				"north": {"uv": [4, 1, 3, 2], "texture": "#0"},
				"east": {"uv": [4, 1, 3, 2], "texture": "#0"},
				"south": {"uv": [4, 1, 3, 2], "texture": "#0"},
				"west": {"uv": [4, 1, 3, 2], "texture": "#0"},
				"up": {"uv": [3, 2, 4, 1], "texture": "#0"},
				"down": {"uv": [3, 2, 4, 1], "texture": "#0"}
			}
		},
		{
			"name": "cube4",
			"from": [7.65815, 5.02711, 15.24816],
			"to": [8.23049, 5.1541, 17.08367],
			"rotation": {"angle": 0, "axis": "y", "origin": [7.95348, 3.74412, 9.39228]},
			"faces": {
				"north": {"uv": [4, 1, 3, 2], "texture": "#0"},
				"east": {"uv": [4, 1, 3, 2], "texture": "#0"},
				"south": {"uv": [4, 1, 3, 2], "texture": "#0"},
				"west": {"uv": [4, 1, 3, 2], "texture": "#0"},
				"up": {"uv": [3, 2, 4, 1], "texture": "#0"},
				"down": {"uv": [3, 2, 4, 1], "texture": "#0"}
			}
		},
		{
			"name": "cube7",
			"from": [7.65815, 5.02711, 15.24816],
			"to": [8.23049, 5.1541, 17.08367],
			"rotation": {"angle": -22.5, "axis": "z", "origin": [7.94432, 3.72553, 17.30662]},
			"faces": {
				"north": {"uv": [4, 1, 3, 2], "rotation": 180, "texture": "#0"},
				"east": {"uv": [4, 1, 3, 2], "rotation": 180, "texture": "#0"},
				"south": {"uv": [4, 1, 3, 2], "rotation": 180, "texture": "#0"},
				"west": {"uv": [4, 1, 3, 2], "rotation": 180, "texture": "#0"},
				"up": {"uv": [3, 2, 4, 1], "rotation": 180, "texture": "#0"},
				"down": {"uv": [3, 2, 4, 1], "rotation": 180, "texture": "#0"}
			}
		},
		{
			"name": "cube5",
			"from": [9.24591, 3.43935, 15.24816],
			"to": [9.37289, 4.01169, 17.08367],
			"rotation": {"angle": 45, "axis": "z", "origin": [7.94432, 3.72553, 17.30662]},
			"faces": {
				"north": {"uv": [3, 2, 4, 1], "rotation": 270, "texture": "#0"},
				"east": {"uv": [3, 2, 4, 1], "rotation": 270, "texture": "#0"},
				"south": {"uv": [3, 2, 4, 1], "rotation": 270, "texture": "#0"},
				"west": {"uv": [3, 2, 4, 1], "rotation": 270, "texture": "#0"},
				"up": {"uv": [4, 1, 3, 2], "rotation": 270, "texture": "#0"},
				"down": {"uv": [4, 1, 3, 2], "rotation": 270, "texture": "#0"}
			}
		},
		{
			"name": "cube5",
			"from": [9.24591, 3.43935, 15.24816],
			"to": [9.37289, 4.01169, 17.08367],
			"rotation": {"angle": 22.5, "axis": "z", "origin": [7.94432, 3.72553, 17.30662]},
			"faces": {
				"north": {"uv": [3, 2, 4, 1], "rotation": 270, "texture": "#0"},
				"east": {"uv": [3, 2, 4, 1], "rotation": 270, "texture": "#0"},
				"south": {"uv": [3, 2, 4, 1], "rotation": 270, "texture": "#0"},
				"west": {"uv": [3, 2, 4, 1], "rotation": 270, "texture": "#0"},
				"up": {"uv": [4, 1, 3, 2], "rotation": 270, "texture": "#0"},
				"down": {"uv": [4, 1, 3, 2], "rotation": 270, "texture": "#0"}
			}
		},
		{
			"name": "cube4",
			"from": [9.24591, 3.43935, 15.24816],
			"to": [9.37289, 4.01169, 17.08367],
			"rotation": {"angle": 0, "axis": "z", "origin": [7.94432, 3.72553, 17.30662]},
			"faces": {
				"north": {"uv": [3, 2, 4, 1], "rotation": 270, "texture": "#0"},
				"east": {"uv": [3, 2, 4, 1], "rotation": 270, "texture": "#0"},
				"south": {"uv": [3, 2, 4, 1], "rotation": 270, "texture": "#0"},
				"west": {"uv": [3, 2, 4, 1], "rotation": 270, "texture": "#0"},
				"up": {"uv": [4, 1, 3, 2], "rotation": 270, "texture": "#0"},
				"down": {"uv": [4, 1, 3, 2], "rotation": 270, "texture": "#0"}
			}
		},
		{
			"name": "cube5",
			"from": [9.24591, 3.43935, 15.24816],
			"to": [9.37289, 4.01169, 17.08367],
			"rotation": {"angle": -22.5, "axis": "z", "origin": [7.94432, 3.72553, 17.30662]},
			"faces": {
				"north": {"uv": [3, 2, 4, 1], "rotation": 270, "texture": "#0"},
				"east": {"uv": [3, 2, 4, 1], "rotation": 270, "texture": "#0"},
				"south": {"uv": [3, 2, 4, 1], "rotation": 270, "texture": "#0"},
				"west": {"uv": [3, 2, 4, 1], "rotation": 270, "texture": "#0"},
				"up": {"uv": [4, 1, 3, 2], "rotation": 270, "texture": "#0"},
				"down": {"uv": [4, 1, 3, 2], "rotation": 270, "texture": "#0"}
			}
		},
		{
			"name": "cube4",
			"from": [7.65815, 2.29695, 15.24816],
			"to": [8.23049, 2.42394, 17.08367],
			"rotation": {"angle": 45, "axis": "z", "origin": [7.94432, 3.72553, 17.30662]},
			"faces": {
				"north": {"uv": [4, 1, 3, 2], "texture": "#0"},
				"east": {"uv": [4, 1, 3, 2], "texture": "#0"},
				"south": {"uv": [4, 1, 3, 2], "texture": "#0"},
				"west": {"uv": [4, 1, 3, 2], "texture": "#0"},
				"up": {"uv": [3, 2, 4, 1], "texture": "#0"},
				"down": {"uv": [3, 2, 4, 1], "texture": "#0"}
			}
		},
		{
			"name": "cube4",
			"from": [7.65815, 2.29695, 15.24816],
			"to": [8.23049, 2.42394, 17.08367],
			"rotation": {"angle": 22.5, "axis": "z", "origin": [7.94432, 3.72553, 17.30662]},
			"faces": {
				"north": {"uv": [4, 1, 3, 2], "texture": "#0"},
				"east": {"uv": [4, 1, 3, 2], "texture": "#0"},
				"south": {"uv": [4, 1, 3, 2], "texture": "#0"},
				"west": {"uv": [4, 1, 3, 2], "texture": "#0"},
				"up": {"uv": [3, 2, 4, 1], "texture": "#0"},
				"down": {"uv": [3, 2, 4, 1], "texture": "#0"}
			}
		},
		{
			"from": [7.68198, 3.40475, 6.42276],
			"to": [8.19104, 3.91381, 17.71429],
			"rotation": {"angle": 0, "axis": "y", "origin": [7.95348, 3.74412, 9.39228]},
			"faces": {
				"north": {"uv": [3, 1, 2, 2], "texture": "#0"},
				"east": {"uv": [3, 1, 2, 2], "texture": "#0"},
				"south": {"uv": [3, 1, 2, 2], "texture": "#0"},
				"west": {"uv": [3, 1, 2, 2], "texture": "#0"},
				"up": {"uv": [2, 2, 3, 1], "texture": "#0"},
				"down": {"uv": [2, 2, 3, 1], "texture": "#0"}
			}
		},
		{
			"from": [7.73289, 3.38778, 6.42276],
			"to": [8.14013, 3.93078, 17.71429],
			"rotation": {"angle": 0, "axis": "y", "origin": [7.95348, 3.74412, 9.39228]},
			"faces": {
				"north": {"uv": [3, 1, 2, 2], "texture": "#0"},
				"east": {"uv": [3, 1, 2, 2], "texture": "#0"},
				"south": {"uv": [3, 1, 2, 2], "texture": "#0"},
				"west": {"uv": [3, 1, 2, 2], "texture": "#0"},
				"up": {"uv": [2, 2, 3, 1], "texture": "#0"},
				"down": {"uv": [2, 2, 3, 1], "texture": "#0"}
			}
		},
		{
			"from": [7.80076, 3.37081, 6.42276],
			"to": [8.07226, 3.94775, 17.71429],
			"rotation": {"angle": 0, "axis": "y", "origin": [7.95348, 3.74412, 9.39228]},
			"faces": {
				"north": {"uv": [3, 1, 2, 2], "texture": "#0"},
				"east": {"uv": [3, 1, 2, 2], "texture": "#0"},
				"south": {"uv": [3, 1, 2, 2], "texture": "#0"},
				"west": {"uv": [3, 1, 2, 2], "texture": "#0"},
				"up": {"uv": [2, 2, 3, 1], "texture": "#0"},
				"down": {"uv": [2, 2, 3, 1], "texture": "#0"}
			}
		},
		{
			"from": [7.92775, 1.97399, 11.88308],
			"to": [7.94528, 5.34457, 16.8254],
			"rotation": {"angle": 0, "axis": "y", "origin": [7.95348, 3.74412, 9.39228]},
			"faces": {
				"north": {"uv": [3, 1, 2, 2], "texture": "#0"},
				"east": {"uv": [3, 1, 2, 2], "texture": "#0"},
				"south": {"uv": [3, 1, 2, 2], "texture": "#0"},
				"west": {"uv": [3, 1, 2, 2], "texture": "#0"},
				"up": {"uv": [2, 2, 3, 1], "texture": "#0"},
				"down": {"uv": [2, 2, 3, 1], "texture": "#0"}
			}
		},
		{
			"from": [7.92775, 2.31621, 13.90951],
			"to": [7.94528, 5.64065, 15.81411],
			"rotation": {"angle": -22.5, "axis": "x", "origin": [7.93651, 3.65928, 14.35424]},
			"faces": {
				"north": {"uv": [3, 1, 2, 2], "texture": "#0"},
				"east": {"uv": [3, 1, 2, 2], "texture": "#0"},
				"south": {"uv": [3, 1, 2, 2], "texture": "#0"},
				"west": {"uv": [3, 1, 2, 2], "texture": "#0"},
				"up": {"uv": [2, 2, 3, 1], "texture": "#0"},
				"down": {"uv": [2, 2, 3, 1], "texture": "#0"}
			}
		},
		{
			"from": [5.95514, 3.65052, 13.90951],
			"to": [9.27958, 3.66805, 15.81411],
			"rotation": {"angle": -22.5, "axis": "y", "origin": [7.93651, 3.65928, 14.35424]},
			"faces": {
				"north": {"uv": [2, 2, 3, 1], "rotation": 270, "texture": "#0"},
				"east": {"uv": [2, 2, 3, 1], "rotation": 270, "texture": "#0"},
				"south": {"uv": [2, 2, 3, 1], "rotation": 90, "texture": "#0"},
				"west": {"uv": [2, 2, 3, 1], "rotation": 270, "texture": "#0"},
				"up": {"uv": [3, 1, 2, 2], "rotation": 270, "texture": "#0"},
				"down": {"uv": [3, 1, 2, 2], "rotation": 270, "texture": "#0"}
			}
		},
		{
			"from": [7.92775, 1.59407, 14.10634],
			"to": [7.94528, 4.9185, 16.01094],
			"rotation": {"angle": 22.5, "axis": "x", "origin": [7.93651, 4.14837, 14.70104]},
			"faces": {
				"north": {"uv": [3, 1, 2, 2], "texture": "#0"},
				"east": {"uv": [3, 1, 2, 2], "texture": "#0"},
				"south": {"uv": [3, 1, 2, 2], "texture": "#0"},
				"west": {"uv": [3, 1, 2, 2], "texture": "#0"},
				"up": {"uv": [2, 2, 3, 1], "texture": "#0"},
				"down": {"uv": [2, 2, 3, 1], "texture": "#0"}
			}
		},
		{
			"from": [6.67728, 3.65052, 14.10634],
			"to": [10.00173, 3.66805, 16.01094],
			"rotation": {"angle": 22.5, "axis": "y", "origin": [7.44741, 3.65928, 14.70104]},
			"faces": {
				"north": {"uv": [2, 2, 3, 1], "rotation": 270, "texture": "#0"},
				"east": {"uv": [2, 2, 3, 1], "rotation": 270, "texture": "#0"},
				"south": {"uv": [2, 2, 3, 1], "rotation": 90, "texture": "#0"},
				"west": {"uv": [2, 2, 3, 1], "rotation": 270, "texture": "#0"},
				"up": {"uv": [3, 1, 2, 2], "rotation": 270, "texture": "#0"},
				"down": {"uv": [3, 1, 2, 2], "rotation": 270, "texture": "#0"}
			}
		},
		{
			"from": [7.92775, 1.27557, 14.9307],
			"to": [7.94528, 6.04299, 16.8254],
			"rotation": {"angle": 0, "axis": "y", "origin": [7.95348, 3.74412, 9.39228]},
			"faces": {
				"north": {"uv": [3, 1, 2, 2], "texture": "#0"},
				"east": {"uv": [3, 1, 2, 2], "texture": "#0"},
				"south": {"uv": [3, 1, 2, 2], "texture": "#0"},
				"west": {"uv": [3, 1, 2, 2], "texture": "#0"},
				"up": {"uv": [2, 2, 3, 1], "texture": "#0"},
				"down": {"uv": [2, 2, 3, 1], "texture": "#0"}
			}
		},
		{
			"from": [6.18773, 3.65052, 11.88308],
			"to": [9.74879, 3.66805, 16.8254],
			"rotation": {"angle": 0, "axis": "z", "origin": [7.93651, 3.65928, 14.35424]},
			"faces": {
				"north": {"uv": [2, 2, 3, 1], "rotation": 270, "texture": "#0"},
				"east": {"uv": [2, 2, 3, 1], "rotation": 270, "texture": "#0"},
				"south": {"uv": [2, 2, 3, 1], "rotation": 90, "texture": "#0"},
				"west": {"uv": [2, 2, 3, 1], "rotation": 270, "texture": "#0"},
				"up": {"uv": [3, 1, 2, 2], "rotation": 270, "texture": "#0"},
				"down": {"uv": [3, 1, 2, 2], "rotation": 270, "texture": "#0"}
			}
		},
		{
			"from": [5.5528, 3.65052, 14.9307],
			"to": [10.32022, 3.66805, 16.8254],
			"rotation": {"angle": 0, "axis": "z", "origin": [7.93651, 3.65928, 14.35424]},
			"faces": {
				"north": {"uv": [2, 2, 3, 1], "rotation": 270, "texture": "#0"},
				"east": {"uv": [2, 2, 3, 1], "rotation": 270, "texture": "#0"},
				"south": {"uv": [2, 2, 3, 1], "rotation": 90, "texture": "#0"},
				"west": {"uv": [2, 2, 3, 1], "rotation": 270, "texture": "#0"},
				"up": {"uv": [3, 1, 2, 2], "rotation": 270, "texture": "#0"},
				"down": {"uv": [3, 1, 2, 2], "rotation": 270, "texture": "#0"}
			}
		},
		{
			"from": [7.64804, 3.52353, 6.42276],
			"to": [8.22498, 3.79503, 17.71429],
			"rotation": {"angle": 0, "axis": "z", "origin": [7.93651, 3.65928, 7.08453]},
			"faces": {
				"north": {"uv": [2, 2, 3, 1], "rotation": 270, "texture": "#0"},
				"east": {"uv": [2, 2, 3, 1], "rotation": 270, "texture": "#0"},
				"south": {"uv": [2, 2, 3, 1], "rotation": 270, "texture": "#0"},
				"west": {"uv": [2, 2, 3, 1], "rotation": 270, "texture": "#0"},
				"up": {"uv": [3, 1, 2, 2], "rotation": 270, "texture": "#0"},
				"down": {"uv": [3, 1, 2, 2], "rotation": 270, "texture": "#0"}
			}
		},
		{
			"from": [7.6735, 3.44717, 6.42276],
			"to": [8.19952, 3.85442, 17.71429],
			"rotation": {"angle": 0, "axis": "z", "origin": [7.93651, 3.6508, 7.08453]},
			"faces": {
				"north": {"uv": [2, 2, 3, 1], "rotation": 270, "texture": "#0"},
				"east": {"uv": [2, 2, 3, 1], "rotation": 270, "texture": "#0"},
				"south": {"uv": [2, 2, 3, 1], "rotation": 270, "texture": "#0"},
				"west": {"uv": [2, 2, 3, 1], "rotation": 270, "texture": "#0"},
				"up": {"uv": [3, 1, 2, 2], "rotation": 270, "texture": "#0"},
				"down": {"uv": [3, 1, 2, 2], "rotation": 270, "texture": "#0"}
			}
		},
		{
			"from": [6.98413, 2.73016, 6.79365],
			"to": [8.88889, 4.63492, 6.98412],
			"rotation": {"angle": 0, "axis": "y", "origin": [8, 4, 17.90476]},
			"faces": {
				"north": {"uv": [4, 0, 3, 1], "texture": "#0"},
				"east": {"uv": [4, 0, 3, 1], "texture": "#0"},
				"south": {"uv": [4, 0, 3, 1], "texture": "#0"},
				"west": {"uv": [4, 0, 3, 1], "texture": "#0"},
				"up": {"uv": [3, 1, 4, 0], "texture": "#0"},
				"down": {"uv": [3, 1, 4, 0], "texture": "#0"}
			}
		},
		{
			"from": [7.17461, 2.61667, 6.79365],
			"to": [8.69842, 4.74841, 6.98412],
			"rotation": {"angle": 0, "axis": "y", "origin": [8, 4, 17.90476]},
			"faces": {
				"north": {"uv": [4, 0, 3, 1], "texture": "#0"},
				"east": {"uv": [4, 0, 3, 1], "texture": "#0"},
				"south": {"uv": [4, 0, 3, 1], "texture": "#0"},
				"west": {"uv": [4, 0, 3, 1], "texture": "#0"},
				"up": {"uv": [3, 1, 4, 0], "texture": "#0"},
				"down": {"uv": [3, 1, 4, 0], "texture": "#0"}
			}
		},
		{
			"from": [7.42857, 2.50318, 6.79365],
			"to": [8.44445, 4.86191, 6.98412],
			"rotation": {"angle": 0, "axis": "y", "origin": [8, 4, 17.90476]},
			"faces": {
				"north": {"uv": [4, 0, 3, 1], "texture": "#0"},
				"east": {"uv": [4, 0, 3, 1], "texture": "#0"},
				"south": {"uv": [4, 0, 3, 1], "texture": "#0"},
				"west": {"uv": [4, 0, 3, 1], "texture": "#0"},
				"up": {"uv": [3, 1, 4, 0], "texture": "#0"},
				"down": {"uv": [3, 1, 4, 0], "texture": "#0"}
			}
		},
		{
			"from": [6.75715, 3.17461, 6.79365],
			"to": [9.16588, 4.19048, 6.98412],
			"rotation": {"angle": 0, "axis": "z", "origin": [7.93651, 3.68254, 9.26984]},
			"faces": {
				"north": {"uv": [3, 1, 4, 0], "rotation": 270, "texture": "#0"},
				"east": {"uv": [3, 1, 4, 0], "rotation": 270, "texture": "#0"},
				"south": {"uv": [3, 1, 4, 0], "rotation": 270, "texture": "#0"},
				"west": {"uv": [3, 1, 4, 0], "rotation": 270, "texture": "#0"},
				"up": {"uv": [4, 0, 3, 1], "rotation": 270, "texture": "#0"},
				"down": {"uv": [4, 0, 3, 1], "rotation": 270, "texture": "#0"}
			}
		},
		{
			"from": [6.90238, 2.88889, 6.79365],
			"to": [8.97064, 4.4127, 6.98412],
			"rotation": {"angle": 0, "axis": "z", "origin": [7.93651, 3.6508, 9.26984]},
			"faces": {
				"north": {"uv": [3, 1, 4, 0], "rotation": 270, "texture": "#0"},
				"east": {"uv": [3, 1, 4, 0], "rotation": 270, "texture": "#0"},
				"south": {"uv": [3, 1, 4, 0], "rotation": 270, "texture": "#0"},
				"west": {"uv": [3, 1, 4, 0], "rotation": 270, "texture": "#0"},
				"up": {"uv": [4, 0, 3, 1], "rotation": 270, "texture": "#0"},
				"down": {"uv": [4, 0, 3, 1], "rotation": 270, "texture": "#0"}
			}
		},
		{
			"from": [6.98413, 2.73016, 4.57143],
			"to": [8.88889, 4.63492, 4.7619],
			"rotation": {"angle": 0, "axis": "y", "origin": [8, 4, 15.68254]},
			"faces": {
				"north": {"uv": [4, 0, 3, 1], "texture": "#0"},
				"east": {"uv": [4, 0, 3, 1], "texture": "#0"},
				"south": {"uv": [4, 0, 3, 1], "texture": "#0"},
				"west": {"uv": [4, 0, 3, 1], "texture": "#0"},
				"up": {"uv": [3, 1, 4, 0], "texture": "#0"},
				"down": {"uv": [3, 1, 4, 0], "texture": "#0"}
			}
		},
		{
			"from": [7.17461, 2.61667, 4.57143],
			"to": [8.69842, 4.74841, 4.7619],
			"rotation": {"angle": 0, "axis": "y", "origin": [8, 4, 15.68254]},
			"faces": {
				"north": {"uv": [4, 0, 3, 1], "texture": "#0"},
				"east": {"uv": [4, 0, 3, 1], "texture": "#0"},
				"south": {"uv": [4, 0, 3, 1], "texture": "#0"},
				"west": {"uv": [4, 0, 3, 1], "texture": "#0"},
				"up": {"uv": [3, 1, 4, 0], "texture": "#0"},
				"down": {"uv": [3, 1, 4, 0], "texture": "#0"}
			}
		},
		{
			"from": [7.42857, 2.50318, 4.57143],
			"to": [8.44445, 4.86191, 4.7619],
			"rotation": {"angle": 0, "axis": "y", "origin": [8, 4, 15.68254]},
			"faces": {
				"north": {"uv": [4, 0, 3, 1], "texture": "#0"},
				"east": {"uv": [4, 0, 3, 1], "texture": "#0"},
				"south": {"uv": [4, 0, 3, 1], "texture": "#0"},
				"west": {"uv": [4, 0, 3, 1], "texture": "#0"},
				"up": {"uv": [3, 1, 4, 0], "texture": "#0"},
				"down": {"uv": [3, 1, 4, 0], "texture": "#0"}
			}
		},
		{
			"from": [6.75715, 3.17461, 4.57143],
			"to": [9.16588, 4.19048, 4.7619],
			"rotation": {"angle": 0, "axis": "z", "origin": [7.93651, 3.68254, 7.04762]},
			"faces": {
				"north": {"uv": [3, 1, 4, 0], "rotation": 270, "texture": "#0"},
				"east": {"uv": [3, 1, 4, 0], "rotation": 270, "texture": "#0"},
				"south": {"uv": [3, 1, 4, 0], "rotation": 270, "texture": "#0"},
				"west": {"uv": [3, 1, 4, 0], "rotation": 270, "texture": "#0"},
				"up": {"uv": [4, 0, 3, 1], "rotation": 270, "texture": "#0"},
				"down": {"uv": [4, 0, 3, 1], "rotation": 270, "texture": "#0"}
			}
		},
		{
			"from": [6.85715, 3.58681, 4.63492],
			"to": [9.01588, 3.77828, 6.92064],
			"rotation": {"angle": 0, "axis": "z", "origin": [7.93651, 3.68254, 7.04762]},
			"faces": {
				"north": {"uv": [3, 1, 4, 0], "rotation": 270, "texture": "#0"},
				"east": {"uv": [3, 1, 4, 0], "rotation": 270, "texture": "#0"},
				"south": {"uv": [3, 1, 4, 0], "rotation": 270, "texture": "#0"},
				"west": {"uv": [3, 1, 4, 0], "rotation": 270, "texture": "#0"},
				"up": {"uv": [4, 0, 3, 1], "rotation": 270, "texture": "#0"},
				"down": {"uv": [4, 0, 3, 1], "rotation": 270, "texture": "#0"}
			}
		},
		{
			"from": [7.84122, 2.59476, 4.63492],
			"to": [8.03269, 4.75349, 6.92064],
			"rotation": {"angle": 0, "axis": "z", "origin": [7.94094, 3.67855, 5.77823]},
			"faces": {
				"north": {"uv": [4, 0, 3, 1], "rotation": 180, "texture": "#0"},
				"east": {"uv": [4, 0, 3, 1], "rotation": 180, "texture": "#0"},
				"south": {"uv": [4, 0, 3, 1], "texture": "#0"},
				"west": {"uv": [4, 0, 3, 1], "rotation": 180, "texture": "#0"},
				"up": {"uv": [3, 1, 4, 0], "rotation": 180, "texture": "#0"},
				"down": {"uv": [3, 1, 4, 0], "rotation": 180, "texture": "#0"}
			}
		},
		{
			"from": [6.90238, 2.88889, 4.57143],
			"to": [8.97064, 4.4127, 4.7619],
			"rotation": {"angle": 0, "axis": "z", "origin": [7.93651, 3.6508, 7.04762]},
			"faces": {
				"north": {"uv": [3, 1, 4, 0], "rotation": 270, "texture": "#0"},
				"east": {"uv": [3, 1, 4, 0], "rotation": 270, "texture": "#0"},
				"south": {"uv": [3, 1, 4, 0], "rotation": 270, "texture": "#0"},
				"west": {"uv": [3, 1, 4, 0], "rotation": 270, "texture": "#0"},
				"up": {"uv": [4, 0, 3, 1], "rotation": 270, "texture": "#0"},
				"down": {"uv": [4, 0, 3, 1], "rotation": 270, "texture": "#0"}
			}
		}
	],
	"display": {
		"thirdperson_righthand": {
			"scale": [4, 4, 4]
		},
		"thirdperson_lefthand": {
			"scale": [4, 4, 4]
		},
		"ground": {
			"scale": [2.5, 2.5, 2.5]
		},
		"gui": {
			"rotation": [90, -132, 0],
			"scale": [0.6, 0.6, 0.6]
		},
		"head": {
			"scale": [4, 4, 4]
		},
		"fixed": {
			"rotation": [90, 92, 0],
			"scale": [4, 4, 4]
		}
	},
	"groups": [0, 1, 2, 3, 4, 5, 6, 7, 8, 9, 10, 11, 12, 13, 14, 15, 16, 17, 18, 19, 20, 21, 22, 23, 24, 25, 26, 27,
		{
			"name": "group",
			"origin": [7.87302, 7.30159, 22.47619],
			"children": [28, 29, 30, 31, 32]
		},
		{
			"name": "group",
			"origin": [7.87302, 7.30159, 22.47619],
			"children": [33, 34, 35, 36, 37]
		},
		{
			"name": "group",
			"origin": [7.87302, 7.30159, 22.47619],
			"children": [38, 39, 40, 41, 42]
		},
		{
			"name": "group",
			"origin": [7.87302, 7.30159, 22.47619],
			"children": [43, 44, 45, 46, 47]
		},
		{
			"name": "group",
			"origin": [7.87302, 7.30159, 22.47619],
			"children": [48, 49, 50, 51, 52]
		},
		{
			"name": "group",
			"origin": [7.87302, 7.30159, 22.47619],
			"children": [53, 54, 55, 56, 57]
		},
		{
			"name": "group",
			"origin": [7.87302, 7.30159, 22.47619],
			"children": [58, 59, 60, 61, 62]
		},
		{
			"name": "group",
			"origin": [7.88864, 7.45105, -6.54974],
			"children": [63, 64, 65, 66, 67, 68, 69, 70, 71, 72, 73, 74, 75, 76, 77, 78, 79, 80, 81, 82]
		},
		{
			"name": "group",
			"origin": [7.87302, 7.30159, 22.47619],
			"children": [83, 84, 85, 86, 87, 88, 89, 90, 91, 92, 93, 94, 95]
		},
		{
			"name": "group",
			"origin": [7.87302, 7.30159, 22.47619],
			"children": [96, 97, 98, 99, 100]
		},
		{
			"name": "group",
			"origin": [7.87302, 7.30159, 22.47619],
			"children": [101, 102, 103, 104, 105, 106, 107]
		}
	]
}