{
	"credit": "Made with Blockbench",
	"textures": {
		"3": "block/daylight_detector_top",
		"5": "block/iron_door_bottom",
		"7": "block/bone_block_side",
		"8": "block/beacon",
		"9": "block/light_blue_concrete_powder",
		"10": "block/azure_bluet",
		"11": "block/white_concrete_powder"
	},
	"elements": [
		{
			"from": [8.125, -2, 6.75],
			"to": [8.625, 4.625, 7.25],
			"rotation": {"angle": 0, "axis": "y", "origin": [8, 5.875, 8]},
			"faces": {
				"north": {"uv": [0, 0, 16, 16], "texture": "#7"},
				"east": {"uv": [0, 0, 16, 16], "texture": "#7"},
				"south": {"uv": [0, 0, 16, 16], "texture": "#7"},
				"west": {"uv": [0, 0, 16, 16], "texture": "#7"},
				"up": {"uv": [0, 0, 16, 16], "texture": "#7"},
				"down": {"uv": [0, 0, 16, 16], "texture": "#7"}
			}
		},
		{
			"from": [8.125, 3.625, 6.875],
			"to": [8.625, 10.25, 7.375],
			"rotation": {"angle": 0, "axis": "y", "origin": [8, 5.875, 8]},
			"faces": {
				"north": {"uv": [0, 0, 16, 16], "texture": "#7"},
				"east": {"uv": [0, 0, 16, 16], "texture": "#7"},
				"south": {"uv": [0, 0, 16, 16], "texture": "#7"},
				"west": {"uv": [0, 0, 16, 16], "texture": "#7"},
				"up": {"uv": [0, 0, 16, 16], "texture": "#7"},
				"down": {"uv": [0, 0, 16, 16], "texture": "#7"}
			}
		},
		{
			"from": [8.125, -5.5, 6.625],
			"to": [8.625, -0.375, 7.125],
			"rotation": {"angle": 0, "axis": "y", "origin": [8, 5.875, 8]},
			"faces": {
				"north": {"uv": [0, 0, 16, 16], "texture": "#7"},
				"east": {"uv": [0, 0, 16, 16], "texture": "#7"},
				"south": {"uv": [0, 0, 16, 16], "texture": "#7"},
				"west": {"uv": [0, 0, 16, 16], "texture": "#7"},
				"up": {"uv": [0, 0, 16, 16], "texture": "#7"},
				"down": {"uv": [0, 0, 16, 16], "texture": "#7"}
			}
		},
		{
			"from": [8.14063, -7, 6.625],
			"to": [8.60938, -6.625, 7.125],
			"rotation": {"angle": 0, "axis": "y", "origin": [8, 5.875, 8]},
			"faces": {
				"north": {"uv": [0, 0, 16, 16], "texture": "#7"},
				"east": {"uv": [0, 0, 16, 16], "texture": "#7"},
				"south": {"uv": [0, 0, 16, 16], "texture": "#7"},
				"west": {"uv": [0, 0, 16, 16], "texture": "#7"},
				"up": {"uv": [0, 0, 16, 16], "texture": "#7"},
				"down": {"uv": [0, 0, 16, 16], "texture": "#7"}
			}
		},
		{
			"from": [8.14063, -6.64062, 6.82813],
			"to": [8.60938, -6.57812, 6.9375],
			"rotation": {"angle": 0, "axis": "y", "origin": [8, 5.875, 8]},
			"faces": {
				"north": {"uv": [0, 0, 16, 16], "texture": "#7"},
				"east": {"uv": [8, 0, 16, 16], "texture": "#7"},
				"south": {"uv": [0, 0, 16, 16], "texture": "#7"},
				"west": {"uv": [0, 0, 16, 16], "texture": "#7"},
				"up": {"uv": [0, 0, 16, 16], "texture": "#7"},
				"down": {"uv": [0, 0, 16, 16], "texture": "#7"}
			}
		},
		{
			"from": [8.125, -5.51562, 6.82813],
			"to": [8.625, -5.45312, 6.9375],
			"rotation": {"angle": 0, "axis": "y", "origin": [8, -17.96875, 8]},
			"faces": {
				"north": {"uv": [0, 16, 16, 0], "texture": "#7"},
				"east": {"uv": [8, 16, 16, 0], "texture": "#7"},
				"south": {"uv": [0, 16, 16, 0], "texture": "#7"},
				"west": {"uv": [0, 16, 16, 0], "texture": "#7"},
				"up": {"uv": [0, 16, 16, 0], "texture": "#7"},
				"down": {"uv": [0, 16, 16, 0], "texture": "#7"}
			}
		},
		{
			"from": [8.14063, -6.625, 6.625],
			"to": [8.60938, -6.45312, 6.82813],
			"rotation": {"angle": 0, "axis": "y", "origin": [8, 5.875, 8]},
			"faces": {
				"north": {"uv": [0, 0, 16, 16], "texture": "#7"},
				"east": {"uv": [8, 0, 16, 16], "texture": "#7"},
				"south": {"uv": [0, 0, 16, 16], "texture": "#7"},
				"west": {"uv": [0, 0, 16, 16], "texture": "#7"},
				"up": {"uv": [0, 0, 16, 16], "texture": "#7"},
				"down": {"uv": [0, 0, 16, 16], "texture": "#7"}
			}
		},
		{
			"from": [8.125, -5.64062, 6.625],
			"to": [8.625, -5.46875, 6.82813],
			"rotation": {"angle": 0, "axis": "y", "origin": [8, -17.96875, 8]},
			"faces": {
				"north": {"uv": [0, 16, 16, 0], "texture": "#7"},
				"east": {"uv": [8, 16, 16, 0], "texture": "#7"},
				"south": {"uv": [0, 16, 16, 0], "texture": "#7"},
				"west": {"uv": [0, 16, 16, 0], "texture": "#7"},
				"up": {"uv": [0, 16, 16, 0], "texture": "#7"},
				"down": {"uv": [0, 16, 16, 0], "texture": "#7"}
			}
		},
		{
			"from": [8.125, 7.875, 7],
			"to": [8.625, 15.75, 7.5],
			"rotation": {"angle": 0, "axis": "y", "origin": [8, 5.875, 8]},
			"faces": {
				"north": {"uv": [0, 0, 16, 16], "texture": "#7"},
				"east": {"uv": [0, 0, 16, 16], "texture": "#7"},
				"south": {"uv": [0, 0, 16, 16], "texture": "#7"},
				"west": {"uv": [0, 0, 16, 16], "texture": "#7"},
				"up": {"uv": [0, 0, 16, 16], "texture": "#7"},
				"down": {"uv": [0, 0, 16, 16], "texture": "#7"}
			}
		},
		{
			"from": [8.3125, -5.13962, 6.57128],
			"to": [8.45313, -0.28024, 7.24315],
			"rotation": {"angle": 0, "axis": "x", "origin": [8.40534, -7.02273, 5.8538]},
			"faces": {
				"north": {"uv": [0, 5, 1, 6], "texture": "#9"},
				"east": {"uv": [0, 5, 1, 6], "texture": "#9"},
				"south": {"uv": [0, 5, 1, 6], "texture": "#9"},
				"west": {"uv": [0, 5, 1, 6], "texture": "#9"},
				"up": {"uv": [0, 5, 1, 6], "texture": "#9"},
				"down": {"uv": [0, 5, 1, 6], "texture": "#9"}
			}
		},
		{
			"from": [8.3125, -2.01462, 6.69628],
			"to": [8.45313, 4.71976, 7.36815],
			"rotation": {"angle": 0, "axis": "x", "origin": [8.40534, -7.02273, 5.8538]},
			"faces": {
				"north": {"uv": [0, 5, 1, 6], "texture": "#9"},
				"east": {"uv": [0, 5, 1, 6], "texture": "#9"},
				"south": {"uv": [0, 5, 1, 6], "texture": "#9"},
				"west": {"uv": [0, 5, 1, 6], "texture": "#9"},
				"up": {"uv": [0, 5, 1, 6], "texture": "#9"},
				"down": {"uv": [0, 5, 1, 6], "texture": "#9"}
			}
		},
		{
			"from": [8.3125, 3.57913, 6.82128],
			"to": [8.45313, 10.31351, 7.49315],
			"rotation": {"angle": 0, "axis": "x", "origin": [8.40534, -7.02273, 5.8538]},
			"faces": {
				"north": {"uv": [0, 5, 1, 6], "texture": "#9"},
				"east": {"uv": [0, 5, 1, 6], "texture": "#9"},
				"south": {"uv": [0, 5, 1, 6], "texture": "#9"},
				"west": {"uv": [0, 5, 1, 6], "texture": "#9"},
				"up": {"uv": [0, 5, 1, 6], "texture": "#9"},
				"down": {"uv": [0, 5, 1, 6], "texture": "#9"}
			}
		},
		{
			"from": [8.3125, 7.73538, 6.94628],
			"to": [8.45313, 15.59476, 7.61815],
			"rotation": {"angle": 0, "axis": "x", "origin": [8.40534, -7.02273, 5.8538]},
			"faces": {
				"north": {"uv": [0, 5, 1, 6], "texture": "#9"},
				"east": {"uv": [0, 5, 1, 6], "texture": "#9"},
				"south": {"uv": [0, 5, 1, 6], "texture": "#9"},
				"west": {"uv": [0, 5, 1, 6], "texture": "#9"},
				"up": {"uv": [0, 5, 1, 6], "texture": "#9"},
				"down": {"uv": [0, 5, 1, 6], "texture": "#9"}
			}
		},
		{
			"from": [8.125, -7.875, 5.875],
			"to": [8.625, -7, 6.75],
			"rotation": {"angle": 0, "axis": "y", "origin": [8, 15.375, 6.5]},
			"faces": {
				"north": {"uv": [1, 1, 5, 5], "texture": "#3"},
				"east": {"uv": [1, 1, 5, 5], "texture": "#3"},
				"south": {"uv": [1, 1, 5, 5], "texture": "#3"},
				"west": {"uv": [1, 1, 5, 5], "texture": "#3"},
				"up": {"uv": [1, 1, 5, 5], "texture": "#3"},
				"down": {"uv": [1, 1, 5, 5], "texture": "#3"}
			}
		},
		{
			"from": [8.0625, -7.25, 5.5625],
			"to": [8.6875, -5.875, 5.6875],
			"rotation": {"angle": 45, "axis": "x", "origin": [8.41209, -7.18448, 5.1474]},
			"faces": {
				"north": {"uv": [0, 7, 1, 8], "texture": "#9"},
				"east": {"uv": [0, 7, 1, 8], "texture": "#9"},
				"south": {"uv": [0, 7, 1, 8], "texture": "#9"},
				"west": {"uv": [0, 7, 1, 8], "texture": "#9"},
				"up": {"uv": [0, 7, 1, 8], "texture": "#9"},
				"down": {"uv": [0, 7, 1, 8], "texture": "#9"}
			}
		},
		{
			"from": [8.375, -7.23437, 5.54688],
			"to": [8.39063, -5.875, 5.5625],
			"rotation": {"angle": 45, "axis": "x", "origin": [8.41209, -7.18448, 5.1474]},
			"faces": {
				"north": {"uv": [0, 5, 1, 6], "texture": "#9"},
				"east": {"uv": [0, 5, 1, 6], "texture": "#9"},
				"south": {"uv": [0, 5, 1, 6], "texture": "#9"},
				"west": {"uv": [0, 5, 1, 6], "texture": "#9"},
				"up": {"uv": [0, 5, 1, 6], "texture": "#9"},
				"down": {"uv": [0, 5, 1, 6], "texture": "#9"}
			}
		},
		{
			"from": [8.375, -7.23337, 6.13378],
			"to": [8.39063, -5.87399, 6.1494],
			"rotation": {"angle": 22.5, "axis": "x", "origin": [8.40534, -7.02273, 5.8538]},
			"faces": {
				"north": {"uv": [0, 5, 1, 6], "texture": "#9"},
				"east": {"uv": [0, 5, 1, 6], "texture": "#9"},
				"south": {"uv": [0, 5, 1, 6], "texture": "#9"},
				"west": {"uv": [0, 5, 1, 6], "texture": "#9"},
				"up": {"uv": [0, 5, 1, 6], "texture": "#9"},
				"down": {"uv": [0, 5, 1, 6], "texture": "#9"}
			}
		},
		{
			"from": [8.375, -6.51462, 6.54003],
			"to": [8.39063, -5.15524, 6.55565],
			"rotation": {"angle": 0, "axis": "x", "origin": [8.40534, -7.02273, 5.8538]},
			"faces": {
				"north": {"uv": [0, 5, 1, 6], "texture": "#9"},
				"east": {"uv": [0, 5, 1, 6], "texture": "#9"},
				"south": {"uv": [0, 5, 1, 6], "texture": "#9"},
				"west": {"uv": [0, 5, 1, 6], "texture": "#9"},
				"up": {"uv": [0, 5, 1, 6], "texture": "#9"},
				"down": {"uv": [0, 5, 1, 6], "texture": "#9"}
			}
		},
		{
			"from": [8.375, -6.67087, 7.24315],
			"to": [8.39063, -6.12399, 7.38378],
			"rotation": {"angle": -45, "axis": "x", "origin": [8.40534, -7.02273, 5.8538]},
			"faces": {
				"north": {"uv": [0, 5, 1, 6], "texture": "#9"},
				"east": {"uv": [0, 5, 1, 6], "texture": "#9"},
				"south": {"uv": [0, 5, 1, 6], "texture": "#9"},
				"west": {"uv": [0, 5, 1, 6], "texture": "#9"},
				"up": {"uv": [0, 5, 1, 6], "texture": "#9"},
				"down": {"uv": [0, 5, 1, 6], "texture": "#9"}
			}
		},
		{
			"from": [8.04688, -6.42187, 5.625],
			"to": [8.70313, -5.89062, 5.64063],
			"rotation": {"angle": 45, "axis": "x", "origin": [8.41209, -7.18448, 5.1474]},
			"faces": {
				"north": {"uv": [0, 8, 1, 9], "texture": "#9"},
				"east": {"uv": [0, 8, 1, 9], "texture": "#9"},
				"south": {"uv": [0, 8, 1, 9], "texture": "#9"},
				"west": {"uv": [0, 8, 1, 9], "texture": "#9"},
				"up": {"uv": [0, 8, 1, 9], "texture": "#9"},
				"down": {"uv": [0, 8, 1, 9], "texture": "#9"}
			}
		},
		{
			"from": [8.04688, -6.89607, 6.43974],
			"to": [8.70313, -6.88045, 6.97099],
			"rotation": {"angle": 45, "axis": "x", "origin": [8.4025, -7.43768, 6.29139]},
			"faces": {
				"north": {"uv": [0, 8, 1, 9], "rotation": 180, "texture": "#9"},
				"east": {"uv": [0, 8, 1, 9], "rotation": 270, "texture": "#9"},
				"south": {"uv": [0, 8, 1, 9], "texture": "#9"},
				"west": {"uv": [0, 8, 1, 9], "rotation": 90, "texture": "#9"},
				"up": {"uv": [0, 8, 1, 9], "rotation": 180, "texture": "#9"},
				"down": {"uv": [0, 8, 1, 9], "texture": "#9"}
			}
		},
		{
			"from": [8.04688, -6.39062, 6.67188],
			"to": [8.70313, -5.85937, 6.6875],
			"rotation": {"angle": 45, "axis": "x", "origin": [8.41209, -7.18448, 5.1474]},
			"faces": {
				"north": {"uv": [0, 8, 1, 9], "texture": "#9"},
				"east": {"uv": [0, 8, 1, 9], "texture": "#9"},
				"south": {"uv": [0, 8, 1, 9], "texture": "#9"},
				"west": {"uv": [0, 8, 1, 9], "texture": "#9"},
				"up": {"uv": [0, 8, 1, 9], "texture": "#9"},
				"down": {"uv": [0, 8, 1, 9], "texture": "#9"}
			}
		},
		{
			"from": [8.04688, -7.94295, 6.40849],
			"to": [8.70313, -7.92732, 6.93974],
			"rotation": {"angle": 45, "axis": "x", "origin": [8.4025, -7.43768, 6.29139]},
			"faces": {
				"north": {"uv": [0, 8, 1, 9], "rotation": 180, "texture": "#9"},
				"east": {"uv": [0, 8, 1, 9], "rotation": 270, "texture": "#9"},
				"south": {"uv": [0, 8, 1, 9], "texture": "#9"},
				"west": {"uv": [0, 8, 1, 9], "rotation": 90, "texture": "#9"},
				"up": {"uv": [0, 8, 1, 9], "rotation": 180, "texture": "#9"},
				"down": {"uv": [0, 8, 1, 9], "texture": "#9"}
			}
		},
		{
			"from": [8.04688, -7.23437, 5.625],
			"to": [8.70313, -6.70312, 5.64063],
			"rotation": {"angle": 45, "axis": "x", "origin": [8.41209, -7.18448, 5.1474]},
			"faces": {
				"north": {"uv": [0, 8, 1, 9], "texture": "#9"},
				"east": {"uv": [0, 8, 1, 9], "texture": "#9"},
				"south": {"uv": [0, 8, 1, 9], "texture": "#9"},
				"west": {"uv": [0, 8, 1, 9], "texture": "#9"},
				"up": {"uv": [0, 8, 1, 9], "texture": "#9"},
				"down": {"uv": [0, 8, 1, 9], "texture": "#9"}
			}
		},
		{
			"from": [8.04688, -6.89607, 5.67412],
			"to": [8.70313, -6.88045, 6.20537],
			"rotation": {"angle": 45, "axis": "x", "origin": [8.4025, -7.43768, 6.29139]},
			"faces": {
				"north": {"uv": [0, 8, 1, 9], "rotation": 180, "texture": "#9"},
				"east": {"uv": [0, 8, 1, 9], "rotation": 270, "texture": "#9"},
				"south": {"uv": [0, 8, 1, 9], "texture": "#9"},
				"west": {"uv": [0, 8, 1, 9], "rotation": 90, "texture": "#9"},
				"up": {"uv": [0, 8, 1, 9], "rotation": 180, "texture": "#9"},
				"down": {"uv": [0, 8, 1, 9], "texture": "#9"}
			}
		},
		{
			"from": [8.04688, -7.15625, 6.67188],
			"to": [8.70313, -6.625, 6.6875],
			"rotation": {"angle": 45, "axis": "x", "origin": [8.41209, -7.18448, 5.1474]},
			"faces": {
				"north": {"uv": [0, 8, 1, 9], "texture": "#9"},
				"east": {"uv": [0, 8, 1, 9], "texture": "#9"},
				"south": {"uv": [0, 8, 1, 9], "texture": "#9"},
				"west": {"uv": [0, 8, 1, 9], "texture": "#9"},
				"up": {"uv": [0, 8, 1, 9], "texture": "#9"},
				"down": {"uv": [0, 8, 1, 9], "texture": "#9"}
			}
		},
		{
			"from": [8.04688, -7.94295, 5.61162],
			"to": [8.70313, -7.92732, 6.14287],
			"rotation": {"angle": 45, "axis": "x", "origin": [8.4025, -7.43768, 6.29139]},
			"faces": {
				"north": {"uv": [0, 8, 1, 9], "rotation": 180, "texture": "#9"},
				"east": {"uv": [0, 8, 1, 9], "rotation": 270, "texture": "#9"},
				"south": {"uv": [0, 8, 1, 9], "texture": "#9"},
				"west": {"uv": [0, 8, 1, 9], "rotation": 90, "texture": "#9"},
				"up": {"uv": [0, 8, 1, 9], "rotation": 180, "texture": "#9"},
				"down": {"uv": [0, 8, 1, 9], "texture": "#9"}
			}
		},
		{
			"from": [8.0625, -7.9375, 5.76563],
			"to": [8.6875, -6.95312, 5.89063],
			"rotation": {"angle": 0, "axis": "x", "origin": [8.41209, -7.18448, 5.1474]},
			"faces": {
				"north": {"uv": [0, 7, 1, 8], "texture": "#9"},
				"east": {"uv": [0, 7, 1, 8], "texture": "#9"},
				"south": {"uv": [0, 7, 1, 8], "texture": "#9"},
				"west": {"uv": [0, 7, 1, 8], "texture": "#9"},
				"up": {"uv": [0, 7, 1, 8], "texture": "#9"},
				"down": {"uv": [0, 7, 1, 8], "texture": "#9"}
			}
		},
		{
			"from": [8.03125, -7.9375, 5.82813],
			"to": [8.70313, -6.95312, 5.84375],
			"rotation": {"angle": 0, "axis": "x", "origin": [8.41209, -7.18448, 5.1474]},
			"faces": {
				"north": {"uv": [0, 5, 1, 6], "texture": "#9"},
				"east": {"uv": [0, 5, 1, 6], "texture": "#9"},
				"south": {"uv": [0, 5, 1, 6], "texture": "#9"},
				"west": {"uv": [0, 5, 1, 6], "texture": "#9"},
				"up": {"uv": [0, 5, 1, 6], "texture": "#9"},
				"down": {"uv": [0, 5, 1, 6], "texture": "#9"}
			}
		},
		{
			"from": [8.0625, -7.9375, 6.73438],
			"to": [8.6875, -6.95312, 6.85938],
			"rotation": {"angle": 0, "axis": "x", "origin": [8.41209, -7.18448, 5.1474]},
			"faces": {
				"north": {"uv": [0, 7, 1, 8], "texture": "#9"},
				"east": {"uv": [0, 7, 1, 8], "texture": "#9"},
				"south": {"uv": [0, 7, 1, 8], "texture": "#9"},
				"west": {"uv": [0, 7, 1, 8], "texture": "#9"},
				"up": {"uv": [0, 7, 1, 8], "texture": "#9"},
				"down": {"uv": [0, 7, 1, 8], "texture": "#9"}
			}
		},
		{
			"from": [8.03125, -7.9375, 6.78125],
			"to": [8.70313, -6.95312, 6.79688],
			"rotation": {"angle": 0, "axis": "x", "origin": [8.41209, -7.18448, 5.1474]},
			"faces": {
				"north": {"uv": [0, 5, 1, 6], "texture": "#9"},
				"east": {"uv": [0, 5, 1, 6], "texture": "#9"},
				"south": {"uv": [0, 5, 1, 6], "texture": "#9"},
				"west": {"uv": [0, 5, 1, 6], "texture": "#9"},
				"up": {"uv": [0, 5, 1, 6], "texture": "#9"},
				"down": {"uv": [0, 5, 1, 6], "texture": "#9"}
			}
		},
		{
			"from": [8.0625, -7.94333, 5.76939],
			"to": [8.6875, -7.81833, 6.86314],
			"rotation": {"angle": 0, "axis": "x", "origin": [8.41209, -7.18448, 5.1474]},
			"faces": {
				"north": {"uv": [0, 7, 1, 8], "rotation": 180, "texture": "#9"},
				"east": {"uv": [0, 7, 1, 8], "rotation": 270, "texture": "#9"},
				"south": {"uv": [0, 7, 1, 8], "texture": "#9"},
				"west": {"uv": [0, 7, 1, 8], "rotation": 90, "texture": "#9"},
				"up": {"uv": [0, 7, 1, 8], "rotation": 180, "texture": "#9"},
				"down": {"uv": [0, 7, 1, 8], "texture": "#9"}
			}
		},
		{
			"from": [8.03125, -7.88083, 5.80064],
			"to": [8.70313, -7.86521, 6.84751],
			"rotation": {"angle": 0, "axis": "x", "origin": [8.41209, -7.18448, 5.1474]},
			"faces": {
				"north": {"uv": [0, 5, 1, 6], "rotation": 180, "texture": "#9"},
				"east": {"uv": [0, 5, 1, 6], "rotation": 180, "texture": "#9"},
				"south": {"uv": [0, 5, 1, 6], "rotation": 180, "texture": "#9"},
				"west": {"uv": [0, 5, 1, 6], "rotation": 180, "texture": "#9"},
				"up": {"uv": [0, 5, 1, 6], "rotation": 180, "texture": "#9"},
				"down": {"uv": [0, 5, 1, 6], "rotation": 180, "texture": "#9"}
			}
		},
		{
			"from": [8.1875, -8.08396, 6.16001],
			"to": [8.5625, -6.77146, 6.45689],
			"rotation": {"angle": 0, "axis": "x", "origin": [8.41209, -7.18448, 5.1474]},
			"faces": {
				"north": {"uv": [0, 8, 1, 9], "rotation": 90, "texture": "#9"},
				"east": {"uv": [0, 8, 1, 9], "rotation": 90, "texture": "#9"},
				"south": {"uv": [0, 8, 1, 9], "rotation": 90, "texture": "#9"},
				"west": {"uv": [0, 8, 1, 9], "rotation": 90, "texture": "#9"},
				"up": {"uv": [0, 8, 1, 9], "rotation": 90, "texture": "#9"},
				"down": {"uv": [0, 8, 1, 9], "rotation": 90, "texture": "#9"}
			}
		},
		{
			"from": [8.1875, -7.54888, 5.59924],
			"to": [8.5625, -7.3145, 6.94299],
			"rotation": {"angle": 0, "axis": "x", "origin": [8.40242, -7.41103, 6.27216]},
			"faces": {
				"north": {"uv": [0, 8, 1, 9], "rotation": 270, "texture": "#9"},
				"east": {"uv": [0, 8, 1, 9], "texture": "#9"},
				"south": {"uv": [0, 8, 1, 9], "rotation": 90, "texture": "#9"},
				"west": {"uv": [0, 8, 1, 9], "rotation": 180, "texture": "#9"},
				"up": {"uv": [0, 8, 1, 9], "rotation": 270, "texture": "#9"},
				"down": {"uv": [0, 8, 1, 9], "rotation": 90, "texture": "#9"}
			}
		},
		{
			"from": [8.0625, -7.03708, 5.76939],
			"to": [8.6875, -6.91208, 6.86314],
			"rotation": {"angle": 0, "axis": "x", "origin": [8.41209, -7.18448, 5.1474]},
			"faces": {
				"north": {"uv": [0, 7, 1, 8], "rotation": 180, "texture": "#9"},
				"east": {"uv": [0, 7, 1, 8], "rotation": 270, "texture": "#9"},
				"south": {"uv": [0, 7, 1, 8], "texture": "#9"},
				"west": {"uv": [0, 7, 1, 8], "rotation": 90, "texture": "#9"},
				"up": {"uv": [0, 7, 1, 8], "rotation": 180, "texture": "#9"},
				"down": {"uv": [0, 7, 1, 8], "texture": "#9"}
			}
		},
		{
			"from": [8.03125, -6.99021, 5.80064],
			"to": [8.70313, -6.97458, 6.84751],
			"rotation": {"angle": 0, "axis": "x", "origin": [8.41209, -7.18448, 5.1474]},
			"faces": {
				"north": {"uv": [0, 5, 1, 6], "rotation": 180, "texture": "#9"},
				"east": {"uv": [0, 5, 1, 6], "rotation": 180, "texture": "#9"},
				"south": {"uv": [0, 5, 1, 6], "rotation": 180, "texture": "#9"},
				"west": {"uv": [0, 5, 1, 6], "rotation": 180, "texture": "#9"},
				"up": {"uv": [0, 5, 1, 6], "rotation": 180, "texture": "#9"},
				"down": {"uv": [0, 5, 1, 6], "rotation": 180, "texture": "#9"}
			}
		},
		{
			"from": [8.0625, -8.26062, 6.03262],
			"to": [8.6875, -6.88562, 6.15762],
			"rotation": {"angle": -45, "axis": "x", "origin": [8.40169, -7.8883, 6.27498]},
			"faces": {
				"north": {"uv": [0, 8, 1, 7], "texture": "#9"},
				"east": {"uv": [0, 8, 1, 7], "texture": "#9"},
				"south": {"uv": [0, 8, 1, 7], "texture": "#9"},
				"west": {"uv": [0, 8, 1, 7], "texture": "#9"},
				"up": {"uv": [0, 8, 1, 7], "texture": "#9"},
				"down": {"uv": [0, 8, 1, 7], "texture": "#9"}
			}
		},
		{
			"from": [8.0625, -8.90625, 6.25],
			"to": [8.6875, -7.5, 6.375],
			"rotation": {"angle": -45, "axis": "x", "origin": [8.41209, -7.18448, 5.1474]},
			"faces": {
				"north": {"uv": [0, 7, 1, 8], "texture": "#9"},
				"east": {"uv": [0, 7, 1, 8], "texture": "#9"},
				"south": {"uv": [0, 7, 1, 8], "texture": "#9"},
				"west": {"uv": [0, 7, 1, 8], "texture": "#9"},
				"up": {"uv": [0, 7, 1, 8], "texture": "#9"},
				"down": {"uv": [0, 7, 1, 8], "texture": "#9"}
			}
		},
		{
			"from": [8.0625, -7.70312, 6.25],
			"to": [8.6875, -7.59375, 6.73438],
			"rotation": {"angle": -45, "axis": "x", "origin": [8.41209, -7.18448, 5.1474]},
			"faces": {
				"north": {"uv": [0, 7, 1, 8], "texture": "#9"},
				"east": {"uv": [0, 7, 1, 8], "texture": "#9"},
				"south": {"uv": [0, 7, 1, 8], "texture": "#9"},
				"west": {"uv": [0, 7, 1, 8], "texture": "#9"},
				"up": {"uv": [0, 7, 1, 8], "texture": "#9"},
				"down": {"uv": [0, 7, 1, 8], "texture": "#9"}
			}
		},
		{
			"from": [8.0625, -4.5, 6.25],
			"to": [8.6875, -4.39062, 6.73438],
			"rotation": {"angle": 45, "axis": "x", "origin": [8.41209, -4.90927, 5.1474]},
			"faces": {
				"north": {"uv": [0, 8, 1, 7], "texture": "#9"},
				"east": {"uv": [0, 8, 1, 7], "texture": "#9"},
				"south": {"uv": [0, 8, 1, 7], "texture": "#9"},
				"west": {"uv": [0, 8, 1, 7], "texture": "#9"},
				"up": {"uv": [0, 8, 1, 7], "texture": "#9"},
				"down": {"uv": [0, 8, 1, 7], "texture": "#9"}
			}
		},
		{
			"from": [8.0625, -6.17564, 6.02542],
			"to": [8.6875, -5.62876, 6.13479],
			"rotation": {"angle": 22.5, "axis": "x", "origin": [8.41209, -7.18448, 5.1474]},
			"faces": {
				"north": {"uv": [0, 7, 1, 8], "rotation": 180, "texture": "#9"},
				"east": {"uv": [0, 7, 1, 8], "rotation": 90, "texture": "#9"},
				"south": {"uv": [0, 7, 1, 8], "texture": "#9"},
				"west": {"uv": [0, 7, 1, 8], "rotation": 270, "texture": "#9"},
				"up": {"uv": [0, 7, 1, 8], "texture": "#9"},
				"down": {"uv": [0, 7, 1, 8], "rotation": 180, "texture": "#9"}
			}
		},
		{
			"from": [8.0625, -5.44126, 5.94729],
			"to": [8.6875, -5.20689, 6.05667],
			"rotation": {"angle": 22.5, "axis": "x", "origin": [8.41209, -7.18448, 5.1474]},
			"faces": {
				"north": {"uv": [0, 7, 1, 8], "rotation": 180, "texture": "#9"},
				"east": {"uv": [0, 7, 1, 8], "rotation": 90, "texture": "#9"},
				"south": {"uv": [0, 7, 1, 8], "texture": "#9"},
				"west": {"uv": [0, 7, 1, 8], "rotation": 270, "texture": "#9"},
				"up": {"uv": [0, 7, 1, 8], "texture": "#9"},
				"down": {"uv": [0, 7, 1, 8], "rotation": 180, "texture": "#9"}
			}
		},
		{
			"from": [8.0625, -6.87124, 5.94729],
			"to": [8.6875, -6.63686, 6.05667],
			"rotation": {"angle": -22.5, "axis": "x", "origin": [8.41209, -4.89364, 5.1474]},
			"faces": {
				"north": {"uv": [0, 8, 1, 7], "rotation": 180, "texture": "#9"},
				"east": {"uv": [1, 7, 0, 8], "rotation": 90, "texture": "#9"},
				"south": {"uv": [0, 8, 1, 7], "texture": "#9"},
				"west": {"uv": [1, 7, 0, 8], "rotation": 270, "texture": "#9"},
				"up": {"uv": [0, 8, 1, 7], "rotation": 180, "texture": "#9"},
				"down": {"uv": [0, 8, 1, 7], "texture": "#9"}
			}
		},
		{
			"from": [8.0625, -5.69708, 6.5466],
			"to": [8.6875, -5.4627, 6.65597],
			"rotation": {"angle": 45, "axis": "x", "origin": [8.39671, -5.78967, 6.62411]},
			"faces": {
				"north": {"uv": [0, 7, 1, 8], "rotation": 180, "texture": "#9"},
				"east": {"uv": [0, 7, 1, 8], "rotation": 90, "texture": "#9"},
				"south": {"uv": [0, 7, 1, 8], "texture": "#9"},
				"west": {"uv": [0, 7, 1, 8], "rotation": 270, "texture": "#9"},
				"up": {"uv": [0, 7, 1, 8], "texture": "#9"},
				"down": {"uv": [0, 7, 1, 8], "rotation": 180, "texture": "#9"}
			}
		},
		{
			"from": [8.0625, -6.61542, 6.5466],
			"to": [8.6875, -6.38105, 6.65597],
			"rotation": {"angle": -45, "axis": "x", "origin": [8.39671, -6.28846, 6.62411]},
			"faces": {
				"north": {"uv": [0, 8, 1, 7], "rotation": 180, "texture": "#9"},
				"east": {"uv": [1, 7, 0, 8], "rotation": 90, "texture": "#9"},
				"south": {"uv": [0, 8, 1, 7], "texture": "#9"},
				"west": {"uv": [1, 7, 0, 8], "rotation": 270, "texture": "#9"},
				"up": {"uv": [0, 8, 1, 7], "rotation": 180, "texture": "#9"},
				"down": {"uv": [0, 8, 1, 7], "texture": "#9"}
			}
		},
		{
			"from": [8.0625, -5.71215, 6.88858],
			"to": [8.6875, -5.60278, 7.5917],
			"rotation": {"angle": -22.5, "axis": "x", "origin": [8.39671, -5.78967, 6.62411]},
			"faces": {
				"north": {"uv": [0, 7, 1, 8], "texture": "#9"},
				"east": {"uv": [0, 7, 1, 8], "texture": "#9"},
				"south": {"uv": [0, 7, 1, 8], "texture": "#9"},
				"west": {"uv": [0, 7, 1, 8], "texture": "#9"},
				"up": {"uv": [0, 7, 1, 8], "texture": "#9"},
				"down": {"uv": [0, 7, 1, 8], "texture": "#9"}
			}
		},
		{
			"from": [8.07813, -5.64965, 6.79483],
			"to": [8.67188, -5.54028, 7.56045],
			"rotation": {"angle": 0, "axis": "x", "origin": [8.39671, -5.78967, 6.62411]},
			"faces": {
				"north": {"uv": [2, 10, 3, 11], "texture": "#9"},
				"east": {"uv": [2, 10, 3, 11], "texture": "#9"},
				"south": {"uv": [2, 10, 3, 11], "texture": "#9"},
				"west": {"uv": [2, 10, 3, 11], "texture": "#9"},
				"up": {"uv": [2, 10, 3, 11], "texture": "#9"},
				"down": {"uv": [2, 10, 3, 11], "texture": "#9"}
			}
		},
		{
			"from": [8.07813, -6.53785, 6.79483],
			"to": [8.67188, -6.42847, 7.56045],
			"rotation": {"angle": 0, "axis": "x", "origin": [8.39671, -6.28846, 6.62411]},
			"faces": {
				"north": {"uv": [2, 11, 3, 10], "texture": "#9"},
				"east": {"uv": [2, 11, 3, 10], "texture": "#9"},
				"south": {"uv": [2, 11, 3, 10], "texture": "#9"},
				"west": {"uv": [2, 11, 3, 10], "texture": "#9"},
				"up": {"uv": [2, 11, 3, 10], "texture": "#9"},
				"down": {"uv": [2, 11, 3, 10], "texture": "#9"}
			}
		},
		{
			"from": [8.07813, -6.53785, 7.45108],
			"to": [8.67188, -5.55347, 7.56045],
			"rotation": {"angle": 0, "axis": "x", "origin": [8.39671, -6.28846, 6.62411]},
			"faces": {
				"north": {"uv": [2, 11, 3, 10], "texture": "#9"},
				"east": {"uv": [2, 11, 3, 10], "texture": "#9"},
				"south": {"uv": [2, 11, 3, 10], "texture": "#9"},
				"west": {"uv": [2, 11, 3, 10], "texture": "#9"},
				"up": {"uv": [2, 11, 3, 10], "texture": "#9"},
				"down": {"uv": [2, 11, 3, 10], "texture": "#9"}
			}
		},
		{
			"from": [8.5625, -6.47535, 6.88858],
			"to": [8.625, -6.36597, 7.95108],
			"rotation": {"angle": 22.5, "axis": "x", "origin": [8.39671, -6.28846, 6.62411]},
			"faces": {
				"north": {"uv": [0, 8, 1, 7], "texture": "#9"},
				"east": {"uv": [0, 8, 1, 7], "texture": "#9"},
				"south": {"uv": [0, 8, 1, 7], "texture": "#9"},
				"west": {"uv": [0, 8, 1, 7], "texture": "#9"},
				"up": {"uv": [0, 8, 1, 7], "texture": "#9"},
				"down": {"uv": [0, 8, 1, 7], "texture": "#9"}
			}
		},
		{
			"from": [8.59375, -6.39722, 6.88858],
			"to": [8.65625, -6.35035, 7.5292],
			"rotation": {"angle": 22.5, "axis": "x", "origin": [8.39671, -6.28846, 6.62411]},
			"faces": {
				"north": {"uv": [0, 6, 1, 5], "texture": "#9"},
				"east": {"uv": [0, 6, 1, 5], "texture": "#9"},
				"south": {"uv": [0, 6, 1, 5], "texture": "#9"},
				"west": {"uv": [0, 6, 1, 5], "texture": "#9"},
				"up": {"uv": [0, 6, 1, 5], "texture": "#9"},
				"down": {"uv": [0, 6, 1, 5], "texture": "#9"}
			}
		},
		{
			"from": [8.125, -6.47535, 6.88858],
			"to": [8.1875, -6.36597, 7.95108],
			"rotation": {"angle": 22.5, "axis": "x", "origin": [8.39671, -6.28846, 6.62411]},
			"faces": {
				"north": {"uv": [0, 8, 1, 7], "texture": "#9"},
				"east": {"uv": [0, 8, 1, 7], "texture": "#9"},
				"south": {"uv": [0, 8, 1, 7], "texture": "#9"},
				"west": {"uv": [0, 8, 1, 7], "texture": "#9"},
				"up": {"uv": [0, 8, 1, 7], "texture": "#9"},
				"down": {"uv": [0, 8, 1, 7], "texture": "#9"}
			}
		},
		{
			"from": [8.09375, -6.39722, 6.88858],
			"to": [8.15625, -6.35035, 7.5292],
			"rotation": {"angle": 22.5, "axis": "x", "origin": [8.39671, -6.28846, 6.62411]},
			"faces": {
				"north": {"uv": [0, 6, 1, 5], "texture": "#9"},
				"east": {"uv": [0, 6, 1, 5], "texture": "#9"},
				"south": {"uv": [0, 6, 1, 5], "texture": "#9"},
				"west": {"uv": [0, 6, 1, 5], "texture": "#9"},
				"up": {"uv": [0, 6, 1, 5], "texture": "#9"},
				"down": {"uv": [0, 6, 1, 5], "texture": "#9"}
			}
		},
		{
			"from": [8.48438, -6.42847, 7.76358],
			"to": [8.6875, -6.39722, 7.95108],
			"rotation": {"angle": 22.5, "axis": "x", "origin": [8.39671, -6.28846, 6.62411]},
			"faces": {
				"north": {"uv": [4, 8, 5, 7], "texture": "#9"},
				"east": {"uv": [4, 8, 5, 7], "texture": "#9"},
				"south": {"uv": [4, 8, 5, 7], "texture": "#9"},
				"west": {"uv": [4, 8, 5, 7], "texture": "#9"},
				"up": {"uv": [4, 8, 5, 7], "texture": "#9"},
				"down": {"uv": [4, 8, 5, 7], "texture": "#9"}
			}
		},
		{
			"from": [8.15625, -6.45972, 7.8417],
			"to": [8.59375, -6.3816, 7.98233],
			"rotation": {"angle": 22.5, "axis": "x", "origin": [8.39671, -6.28846, 6.62411]},
			"faces": {
				"north": {"uv": [0, 5, 1, 4], "texture": "#9"},
				"east": {"uv": [0, 5, 1, 4], "texture": "#9"},
				"south": {"uv": [0, 5, 1, 4], "texture": "#9"},
				"west": {"uv": [0, 5, 1, 4], "texture": "#9"},
				"up": {"uv": [0, 5, 1, 4], "texture": "#9"},
				"down": {"uv": [0, 5, 1, 4], "texture": "#9"}
			}
		},
		{
			"from": [8.0625, -6.4441, 7.76358],
			"to": [8.26563, -6.41285, 7.95108],
			"rotation": {"angle": 22.5, "axis": "x", "origin": [8.39671, -6.28846, 6.62411]},
			"faces": {
				"north": {"uv": [6, 7, 7, 6], "texture": "#9"},
				"east": {"uv": [6, 7, 7, 6], "texture": "#9"},
				"south": {"uv": [6, 7, 7, 6], "texture": "#9"},
				"west": {"uv": [6, 7, 7, 6], "texture": "#9"},
				"up": {"uv": [6, 7, 7, 6], "texture": "#9"},
				"down": {"uv": [6, 7, 7, 6], "texture": "#9"}
			}
		},
		{
			"from": [8.1875, -7.4441, 5.9042],
			"to": [8.25, -7.33472, 6.9667],
			"rotation": {"angle": -45, "axis": "x", "origin": [8.39671, -6.28846, 6.62411]},
			"faces": {
				"north": {"uv": [5, 11, 6, 10], "texture": "#9"},
				"east": {"uv": [5, 11, 6, 10], "texture": "#9"},
				"south": {"uv": [5, 11, 6, 10], "texture": "#9"},
				"west": {"uv": [5, 11, 6, 10], "texture": "#9"},
				"up": {"uv": [5, 11, 6, 10], "texture": "#9"},
				"down": {"uv": [5, 11, 6, 10], "texture": "#9"}
			}
		},
		{
			"from": [8.5, -7.4441, 5.9042],
			"to": [8.5625, -7.33472, 6.9667],
			"rotation": {"angle": -45, "axis": "x", "origin": [8.39671, -6.28846, 6.62411]},
			"faces": {
				"north": {"uv": [5, 11, 6, 10], "texture": "#9"},
				"east": {"uv": [5, 11, 6, 10], "texture": "#9"},
				"south": {"uv": [5, 11, 6, 10], "texture": "#9"},
				"west": {"uv": [5, 11, 6, 10], "texture": "#9"},
				"up": {"uv": [5, 11, 6, 10], "texture": "#9"},
				"down": {"uv": [5, 11, 6, 10], "texture": "#9"}
			}
		},
		{
			"from": [8.15625, -6.5, 6.64063],
			"to": [8.59375, -5.625, 7.51563],
			"rotation": {"angle": 0, "axis": "y", "origin": [8, 15.375, 6.5]},
			"faces": {
				"north": {"uv": [1, 1, 5, 5], "texture": "#3"},
				"east": {"uv": [1, 1, 5, 5], "texture": "#3"},
				"south": {"uv": [1, 1, 5, 5], "texture": "#3"},
				"west": {"uv": [1, 1, 5, 5], "texture": "#3"},
				"up": {"uv": [1, 1, 5, 5], "texture": "#3"},
				"down": {"uv": [1, 1, 5, 5], "texture": "#3"}
			}
		},
		{
			"from": [8.0625, -8.23025, 6.4404],
			"to": [8.6875, -6.824, 6.5654],
			"rotation": {"angle": 45, "axis": "x", "origin": [8.40169, -7.8883, 6.27498]},
			"faces": {
				"north": {"uv": [0, 8, 1, 7], "texture": "#9"},
				"east": {"uv": [0, 8, 1, 7], "texture": "#9"},
				"south": {"uv": [0, 8, 1, 7], "texture": "#9"},
				"west": {"uv": [0, 8, 1, 7], "texture": "#9"},
				"up": {"uv": [0, 8, 1, 7], "texture": "#9"},
				"down": {"uv": [0, 8, 1, 7], "texture": "#9"}
			}
		},
		{
			"from": [8.0625, -6.86314, 6.40042],
			"to": [8.6875, -6.56626, 6.50979],
			"rotation": {"angle": 0, "axis": "x", "origin": [8.41209, -7.18448, 5.1474]},
			"faces": {
				"north": {"uv": [0, 7, 1, 8], "rotation": 180, "texture": "#9"},
				"east": {"uv": [0, 7, 1, 8], "rotation": 90, "texture": "#9"},
				"south": {"uv": [0, 7, 1, 8], "texture": "#9"},
				"west": {"uv": [0, 7, 1, 8], "rotation": 270, "texture": "#9"},
				"up": {"uv": [0, 7, 1, 8], "texture": "#9"},
				"down": {"uv": [0, 7, 1, 8], "rotation": 180, "texture": "#9"}
			}
		},
		{
			"from": [8.0625, -6.86314, 6.46292],
			"to": [8.6875, -6.45689, 6.57229],
			"rotation": {"angle": 0, "axis": "x", "origin": [8.41209, -7.18448, 5.1474]},
			"faces": {
				"north": {"uv": [0, 7, 1, 8], "rotation": 180, "texture": "#9"},
				"east": {"uv": [0, 7, 1, 8], "rotation": 90, "texture": "#9"},
				"south": {"uv": [0, 7, 1, 8], "texture": "#9"},
				"west": {"uv": [0, 7, 1, 8], "rotation": 270, "texture": "#9"},
				"up": {"uv": [0, 7, 1, 8], "texture": "#9"},
				"down": {"uv": [0, 7, 1, 8], "rotation": 180, "texture": "#9"}
			}
		},
		{
			"from": [8.0625, -6.92498, 6.55398],
			"to": [8.6875, -5.87811, 6.66335],
			"rotation": {"angle": 0, "axis": "x", "origin": [8.39767, -6.5582, 6.40027]},
			"faces": {
				"north": {"uv": [0, 7, 1, 8], "rotation": 180, "texture": "#9"},
				"east": {"uv": [0, 7, 1, 8], "rotation": 90, "texture": "#9"},
				"south": {"uv": [0, 7, 1, 8], "texture": "#9"},
				"west": {"uv": [0, 7, 1, 8], "rotation": 270, "texture": "#9"},
				"up": {"uv": [0, 7, 1, 8], "texture": "#9"},
				"down": {"uv": [0, 7, 1, 8], "rotation": 180, "texture": "#9"}
			}
		},
		{
			"from": [8.0625, -6.20002, 6.55398],
			"to": [8.6875, -5.15314, 6.66335],
			"rotation": {"angle": 0, "axis": "x", "origin": [8.39767, -5.51993, 6.40027]},
			"faces": {
				"north": {"uv": [0, 8, 1, 7], "rotation": 180, "texture": "#9"},
				"east": {"uv": [1, 7, 0, 8], "rotation": 90, "texture": "#9"},
				"south": {"uv": [0, 8, 1, 7], "texture": "#9"},
				"west": {"uv": [1, 7, 0, 8], "rotation": 270, "texture": "#9"},
				"up": {"uv": [0, 8, 1, 7], "rotation": 180, "texture": "#9"},
				"down": {"uv": [0, 8, 1, 7], "texture": "#9"}
			}
		},
		{
			"from": [8.14063, -6.6777, 6.66421],
			"to": [8.1875, -5.47457, 6.77358],
			"rotation": {"angle": -22.5, "axis": "x", "origin": [8.39364, -7.06518, 3.58215]},
			"faces": {
				"north": {"uv": [0, 7, 1, 8], "rotation": 180, "texture": "#9"},
				"east": {"uv": [0, 7, 1, 8], "rotation": 90, "texture": "#9"},
				"south": {"uv": [0, 7, 1, 8], "texture": "#9"},
				"west": {"uv": [0, 7, 1, 8], "rotation": 270, "texture": "#9"},
				"up": {"uv": [0, 7, 1, 8], "texture": "#9"},
				"down": {"uv": [0, 7, 1, 8], "rotation": 180, "texture": "#9"}
			}
		},
		{
			"from": [8.14063, -7.33395, 6.66421],
			"to": [8.1875, -5.47457, 6.71108],
			"rotation": {"angle": -22.5, "axis": "x", "origin": [8.39364, -7.06518, 3.58215]},
			"faces": {
				"north": {"uv": [0, 7, 1, 8], "rotation": 180, "texture": "#9"},
				"east": {"uv": [0, 7, 1, 8], "rotation": 90, "texture": "#9"},
				"south": {"uv": [0, 7, 1, 8], "texture": "#9"},
				"west": {"uv": [0, 7, 1, 8], "rotation": 270, "texture": "#9"},
				"up": {"uv": [0, 7, 1, 8], "texture": "#9"},
				"down": {"uv": [0, 7, 1, 8], "rotation": 180, "texture": "#9"}
			}
		},
		{
			"from": [8.09375, -6.53707, 6.74233],
			"to": [8.15625, -5.89645, 6.78921],
			"rotation": {"angle": -22.5, "axis": "x", "origin": [8.39364, -7.06518, 3.58215]},
			"faces": {
				"north": {"uv": [0, 5, 1, 6], "rotation": 180, "texture": "#9"},
				"east": {"uv": [0, 5, 1, 6], "rotation": 90, "texture": "#9"},
				"south": {"uv": [0, 5, 1, 6], "texture": "#9"},
				"west": {"uv": [0, 5, 1, 6], "rotation": 270, "texture": "#9"},
				"up": {"uv": [0, 5, 1, 6], "texture": "#9"},
				"down": {"uv": [0, 5, 1, 6], "rotation": 180, "texture": "#9"}
			}
		},
		{
			"from": [8.0625, -5.66207, 6.69546],
			"to": [8.26563, -5.47457, 6.72671],
			"rotation": {"angle": -22.5, "axis": "x", "origin": [8.39364, -7.06518, 3.58215]},
			"faces": {
				"north": {"uv": [6, 6, 7, 7], "rotation": 180, "texture": "#9"},
				"east": {"uv": [6, 6, 7, 7], "rotation": 90, "texture": "#9"},
				"south": {"uv": [6, 6, 7, 7], "texture": "#9"},
				"west": {"uv": [6, 6, 7, 7], "rotation": 270, "texture": "#9"},
				"up": {"uv": [6, 6, 7, 7], "texture": "#9"},
				"down": {"uv": [6, 6, 7, 7], "rotation": 180, "texture": "#9"}
			}
		},
		{
			"from": [8.15625, -5.58395, 6.67983],
			"to": [8.59375, -5.44332, 6.75796],
			"rotation": {"angle": -22.5, "axis": "x", "origin": [8.39364, -7.06518, 3.58215]},
			"faces": {
				"north": {"uv": [0, 4, 1, 5], "rotation": 180, "texture": "#9"},
				"east": {"uv": [0, 4, 1, 5], "rotation": 90, "texture": "#9"},
				"south": {"uv": [0, 4, 1, 5], "texture": "#9"},
				"west": {"uv": [0, 4, 1, 5], "rotation": 270, "texture": "#9"},
				"up": {"uv": [0, 4, 1, 5], "texture": "#9"},
				"down": {"uv": [0, 4, 1, 5], "rotation": 180, "texture": "#9"}
			}
		},
		{
			"from": [8.48438, -5.66207, 6.71108],
			"to": [8.6875, -5.47457, 6.74233],
			"rotation": {"angle": -22.5, "axis": "x", "origin": [8.39364, -7.06518, 3.58215]},
			"faces": {
				"north": {"uv": [4, 7, 5, 8], "rotation": 180, "texture": "#9"},
				"east": {"uv": [4, 7, 5, 8], "rotation": 90, "texture": "#9"},
				"south": {"uv": [4, 7, 5, 8], "texture": "#9"},
				"west": {"uv": [4, 7, 5, 8], "rotation": 270, "texture": "#9"},
				"up": {"uv": [4, 7, 5, 8], "texture": "#9"},
				"down": {"uv": [4, 7, 5, 8], "rotation": 180, "texture": "#9"}
			}
		},
		{
			"from": [8.5625, -6.6777, 6.66421],
			"to": [8.60938, -5.47457, 6.77358],
			"rotation": {"angle": -22.5, "axis": "x", "origin": [8.39364, -7.06518, 3.58215]},
			"faces": {
				"north": {"uv": [0, 7, 1, 8], "rotation": 180, "texture": "#9"},
				"east": {"uv": [0, 7, 1, 8], "rotation": 90, "texture": "#9"},
				"south": {"uv": [0, 7, 1, 8], "texture": "#9"},
				"west": {"uv": [0, 7, 1, 8], "rotation": 270, "texture": "#9"},
				"up": {"uv": [0, 7, 1, 8], "texture": "#9"},
				"down": {"uv": [0, 7, 1, 8], "rotation": 180, "texture": "#9"}
			}
		},
		{
			"from": [8.5625, -7.33395, 6.66421],
			"to": [8.60938, -5.47457, 6.71108],
			"rotation": {"angle": -22.5, "axis": "x", "origin": [8.39364, -7.06518, 3.58215]},
			"faces": {
				"north": {"uv": [0, 7, 1, 8], "rotation": 180, "texture": "#9"},
				"east": {"uv": [0, 7, 1, 8], "rotation": 90, "texture": "#9"},
				"south": {"uv": [0, 7, 1, 8], "texture": "#9"},
				"west": {"uv": [0, 7, 1, 8], "rotation": 270, "texture": "#9"},
				"up": {"uv": [0, 7, 1, 8], "texture": "#9"},
				"down": {"uv": [0, 7, 1, 8], "rotation": 180, "texture": "#9"}
			}
		},
		{
			"from": [8.09375, -3.54028, -3.42392],
			"to": [8.15625, -3.4934, -2.7833],
			"rotation": {"angle": -22.5, "axis": "x", "origin": [8.39671, 22.28846, 6.62411]},
			"faces": {
				"north": {"uv": [0, 5, 1, 6], "texture": "#9"},
				"east": {"uv": [0, 5, 1, 6], "texture": "#9"},
				"south": {"uv": [0, 5, 1, 6], "texture": "#9"},
				"west": {"uv": [0, 5, 1, 6], "texture": "#9"},
				"up": {"uv": [0, 5, 1, 6], "texture": "#9"},
				"down": {"uv": [0, 5, 1, 6], "texture": "#9"}
			}
		},
		{
			"from": [8.0625, -3.47778, -2.54892],
			"to": [8.26563, -3.44653, -2.36142],
			"rotation": {"angle": -22.5, "axis": "x", "origin": [8.39671, 22.28846, 6.62411]},
			"faces": {
				"north": {"uv": [6, 6, 7, 7], "texture": "#9"},
				"east": {"uv": [6, 6, 7, 7], "texture": "#9"},
				"south": {"uv": [6, 6, 7, 7], "texture": "#9"},
				"west": {"uv": [6, 6, 7, 7], "texture": "#9"},
				"up": {"uv": [6, 6, 7, 7], "texture": "#9"},
				"down": {"uv": [6, 6, 7, 7], "texture": "#9"}
			}
		},
		{
			"from": [8.15625, -3.50903, -2.4708],
			"to": [8.59375, -3.4309, -2.33017],
			"rotation": {"angle": -22.5, "axis": "x", "origin": [8.39671, 22.28846, 6.62411]},
			"faces": {
				"north": {"uv": [0, 4, 1, 5], "texture": "#9"},
				"east": {"uv": [0, 4, 1, 5], "texture": "#9"},
				"south": {"uv": [0, 4, 1, 5], "texture": "#9"},
				"west": {"uv": [0, 4, 1, 5], "texture": "#9"},
				"up": {"uv": [0, 4, 1, 5], "texture": "#9"},
				"down": {"uv": [0, 4, 1, 5], "texture": "#9"}
			}
		},
		{
			"from": [8.48438, -3.4934, -2.54892],
			"to": [8.6875, -3.46215, -2.36142],
			"rotation": {"angle": -22.5, "axis": "x", "origin": [8.39671, 22.28846, 6.62411]},
			"faces": {
				"north": {"uv": [4, 7, 5, 8], "texture": "#9"},
				"east": {"uv": [4, 7, 5, 8], "texture": "#9"},
				"south": {"uv": [4, 7, 5, 8], "texture": "#9"},
				"west": {"uv": [4, 7, 5, 8], "texture": "#9"},
				"up": {"uv": [4, 7, 5, 8], "texture": "#9"},
				"down": {"uv": [4, 7, 5, 8], "texture": "#9"}
			}
		},
		{
			"from": [8.5625, -3.52465, -3.56455],
			"to": [8.60938, -3.41528, -2.36142],
			"rotation": {"angle": -22.5, "axis": "x", "origin": [8.39671, 22.28846, 6.62411]},
			"faces": {
				"north": {"uv": [0, 7, 1, 8], "texture": "#9"},
				"east": {"uv": [0, 7, 1, 8], "texture": "#9"},
				"south": {"uv": [0, 7, 1, 8], "texture": "#9"},
				"west": {"uv": [0, 7, 1, 8], "texture": "#9"},
				"up": {"uv": [0, 7, 1, 8], "texture": "#9"},
				"down": {"uv": [0, 7, 1, 8], "texture": "#9"}
			}
		},
		{
			"from": [8.59375, -3.54028, -3.42392],
			"to": [8.65625, -3.4934, -2.7833],
			"rotation": {"angle": -22.5, "axis": "x", "origin": [8.39671, 22.28846, 6.62411]},
			"faces": {
				"north": {"uv": [0, 5, 1, 6], "texture": "#9"},
				"east": {"uv": [0, 5, 1, 6], "texture": "#9"},
				"south": {"uv": [0, 5, 1, 6], "texture": "#9"},
				"west": {"uv": [0, 5, 1, 6], "texture": "#9"},
				"up": {"uv": [0, 5, 1, 6], "texture": "#9"},
				"down": {"uv": [0, 5, 1, 6], "texture": "#9"}
			}
		},
		{
			"from": [8.14063, -3.52465, -3.56455],
			"to": [8.1875, -3.41528, -2.36142],
			"rotation": {"angle": -22.5, "axis": "x", "origin": [8.39671, 22.28846, 6.62411]},
			"faces": {
				"north": {"uv": [0, 7, 1, 8], "texture": "#9"},
				"east": {"uv": [0, 7, 1, 8], "texture": "#9"},
				"south": {"uv": [0, 7, 1, 8], "texture": "#9"},
				"west": {"uv": [0, 7, 1, 8], "texture": "#9"},
				"up": {"uv": [0, 7, 1, 8], "texture": "#9"},
				"down": {"uv": [0, 7, 1, 8], "texture": "#9"}
			}
		},
		{
			"from": [8.59375, -6.53707, 6.74233],
			"to": [8.65625, -5.89645, 6.78921],
			"rotation": {"angle": -22.5, "axis": "x", "origin": [8.39364, -7.06518, 3.58215]},
			"faces": {
				"north": {"uv": [0, 5, 1, 6], "rotation": 180, "texture": "#9"},
				"east": {"uv": [0, 5, 1, 6], "rotation": 90, "texture": "#9"},
				"south": {"uv": [0, 5, 1, 6], "texture": "#9"},
				"west": {"uv": [0, 5, 1, 6], "rotation": 270, "texture": "#9"},
				"up": {"uv": [0, 5, 1, 6], "texture": "#9"},
				"down": {"uv": [0, 5, 1, 6], "rotation": 180, "texture": "#9"}
			}
		},
		{
			"from": [7.795, 18.735, 7.145],
			"to": [8.975, 20.8, 9.21],
			"rotation": {"angle": 0, "axis": "y", "origin": [8.37317, 17.32233, 7.3042]},
			"faces": {
				"north": {"uv": [15, 15, 1, 1], "texture": "#8"},
				"east": {"uv": [15, 15, 1, 1], "texture": "#8"},
				"south": {"uv": [15, 15, 1, 1], "texture": "#8"},
				"west": {"uv": [15, 15, 1, 1], "texture": "#8"},
				"up": {"uv": [15, 15, 1, 1], "texture": "#8"},
				"down": {"uv": [15, 15, 1, 1], "texture": "#8"}
			}
		},
		{
			"from": [7.6475, 18.10052, 7.2846],
			"to": [9.1225, 21.34552, 7.5796],
			"rotation": {"angle": 45, "axis": "x", "origin": [8.37317, 17.32233, 7.3042]},
			"faces": {
				"north": {"uv": [1, 8, 0, 7], "texture": "#9"},
				"east": {"uv": [1, 8, 0, 7], "texture": "#9"},
				"south": {"uv": [1, 8, 0, 7], "texture": "#9"},
				"west": {"uv": [1, 8, 0, 7], "texture": "#9"},
				"up": {"uv": [0, 7, 1, 8], "texture": "#9"},
				"down": {"uv": [0, 7, 1, 8], "texture": "#9"}
			}
		},
		{
			"from": [8.385, 18.10052, 7.5796],
			"to": [8.42188, 21.30864, 7.61647],
			"rotation": {"angle": 45, "axis": "x", "origin": [8.37317, 17.32233, 7.3042]},
			"faces": {
				"north": {"uv": [1, 6, 0, 5], "texture": "#9"},
				"east": {"uv": [1, 6, 0, 5], "texture": "#9"},
				"south": {"uv": [1, 6, 0, 5], "texture": "#9"},
				"west": {"uv": [1, 6, 0, 5], "texture": "#9"},
				"up": {"uv": [0, 5, 1, 6], "texture": "#9"},
				"down": {"uv": [0, 5, 1, 6], "texture": "#9"}
			}
		},
		{
			"from": [8.385, 16.71448, 7.8524],
			"to": [8.42188, 19.9226, 7.88928],
			"rotation": {"angle": 22.5, "axis": "x", "origin": [8.37317, 17.32233, 7.3042]},
			"faces": {
				"north": {"uv": [1, 6, 0, 5], "texture": "#9"},
				"east": {"uv": [1, 6, 0, 5], "texture": "#9"},
				"south": {"uv": [1, 6, 0, 5], "texture": "#9"},
				"west": {"uv": [1, 6, 0, 5], "texture": "#9"},
				"up": {"uv": [0, 5, 1, 6], "texture": "#9"},
				"down": {"uv": [0, 5, 1, 6], "texture": "#9"}
			}
		},
		{
			"from": [8.385, 14.38138, 7.60366],
			"to": [8.42188, 17.5895, 7.64054],
			"rotation": {"angle": 0, "axis": "x", "origin": [8.37317, 17.32233, 7.3042]},
			"faces": {
				"north": {"uv": [1, 6, 0, 5], "texture": "#9"},
				"east": {"uv": [1, 6, 0, 5], "texture": "#9"},
				"south": {"uv": [1, 6, 0, 5], "texture": "#9"},
				"west": {"uv": [1, 6, 0, 5], "texture": "#9"},
				"up": {"uv": [0, 5, 1, 6], "texture": "#9"},
				"down": {"uv": [0, 5, 1, 6], "texture": "#9"}
			}
		},
		{
			"from": [8.385, 14.85516, 6.11327],
			"to": [8.42188, 16.14579, 6.44515],
			"rotation": {"angle": -45, "axis": "x", "origin": [8.37317, 17.32233, 7.3042]},
			"faces": {
				"north": {"uv": [1, 6, 0, 5], "texture": "#9"},
				"east": {"uv": [1, 6, 0, 5], "texture": "#9"},
				"south": {"uv": [1, 6, 0, 5], "texture": "#9"},
				"west": {"uv": [1, 6, 0, 5], "texture": "#9"},
				"up": {"uv": [0, 5, 1, 6], "texture": "#9"},
				"down": {"uv": [0, 5, 1, 6], "texture": "#9"}
			}
		},
		{
			"from": [7.61063, 18.13739, 7.39522],
			"to": [9.15938, 19.39114, 7.4321],
			"rotation": {"angle": 45, "axis": "x", "origin": [8.37317, 17.32233, 7.3042]},
			"faces": {
				"north": {"uv": [1, 9, 0, 8], "texture": "#9"},
				"east": {"uv": [1, 9, 0, 8], "texture": "#9"},
				"south": {"uv": [1, 9, 0, 8], "texture": "#9"},
				"west": {"uv": [1, 9, 0, 8], "texture": "#9"},
				"up": {"uv": [0, 8, 1, 9], "texture": "#9"},
				"down": {"uv": [0, 8, 1, 9], "texture": "#9"}
			}
		},
		{
			"from": [7.61063, 18.3893, 4.62378],
			"to": [9.15938, 18.42617, 5.87753],
			"rotation": {"angle": 45, "axis": "x", "origin": [8.37317, 17.32233, 7.3042]},
			"faces": {
				"north": {"uv": [1, 9, 0, 8], "texture": "#9"},
				"east": {"uv": [1, 9, 0, 8], "rotation": 270, "texture": "#9"},
				"south": {"uv": [1, 9, 0, 8], "rotation": 180, "texture": "#9"},
				"west": {"uv": [1, 9, 0, 8], "rotation": 90, "texture": "#9"},
				"up": {"uv": [0, 8, 1, 9], "texture": "#9"},
				"down": {"uv": [0, 8, 1, 9], "rotation": 180, "texture": "#9"}
			}
		},
		{
			"from": [7.61063, 18.06364, 4.9246],
			"to": [9.15938, 19.31739, 4.96147],
			"rotation": {"angle": 45, "axis": "x", "origin": [8.37317, 17.32233, 7.3042]},
			"faces": {
				"north": {"uv": [1, 9, 0, 8], "texture": "#9"},
				"east": {"uv": [1, 9, 0, 8], "texture": "#9"},
				"south": {"uv": [1, 9, 0, 8], "texture": "#9"},
				"west": {"uv": [1, 9, 0, 8], "texture": "#9"},
				"up": {"uv": [0, 8, 1, 9], "texture": "#9"},
				"down": {"uv": [0, 8, 1, 9], "texture": "#9"}
			}
		},
		{
			"from": [7.61063, 20.85992, 4.69753],
			"to": [9.15938, 20.8968, 5.95128],
			"rotation": {"angle": 45, "axis": "x", "origin": [8.37317, 17.32233, 7.3042]},
			"faces": {
				"north": {"uv": [1, 9, 0, 8], "texture": "#9"},
				"east": {"uv": [1, 9, 0, 8], "rotation": 270, "texture": "#9"},
				"south": {"uv": [1, 9, 0, 8], "rotation": 180, "texture": "#9"},
				"west": {"uv": [1, 9, 0, 8], "rotation": 90, "texture": "#9"},
				"up": {"uv": [0, 8, 1, 9], "texture": "#9"},
				"down": {"uv": [0, 8, 1, 9], "rotation": 180, "texture": "#9"}
			}
		},
		{
			"from": [7.61063, 20.05489, 7.39522],
			"to": [9.15938, 21.30864, 7.4321],
			"rotation": {"angle": 45, "axis": "x", "origin": [8.37317, 17.32233, 7.3042]},
			"faces": {
				"north": {"uv": [1, 9, 0, 8], "texture": "#9"},
				"east": {"uv": [1, 9, 0, 8], "texture": "#9"},
				"south": {"uv": [1, 9, 0, 8], "texture": "#9"},
				"west": {"uv": [1, 9, 0, 8], "texture": "#9"},
				"up": {"uv": [0, 8, 1, 9], "texture": "#9"},
				"down": {"uv": [0, 8, 1, 9], "texture": "#9"}
			}
		},
		{
			"from": [7.61063, 18.3893, 6.43065],
			"to": [9.15938, 18.42617, 7.6844],
			"rotation": {"angle": 45, "axis": "x", "origin": [8.37317, 17.32233, 7.3042]},
			"faces": {
				"north": {"uv": [1, 9, 0, 8], "texture": "#9"},
				"east": {"uv": [1, 9, 0, 8], "rotation": 270, "texture": "#9"},
				"south": {"uv": [1, 9, 0, 8], "rotation": 180, "texture": "#9"},
				"west": {"uv": [1, 9, 0, 8], "rotation": 90, "texture": "#9"},
				"up": {"uv": [0, 8, 1, 9], "texture": "#9"},
				"down": {"uv": [0, 8, 1, 9], "rotation": 180, "texture": "#9"}
			}
		},
		{
			"from": [7.61063, 19.87052, 4.9246],
			"to": [9.15938, 21.12427, 4.96147],
			"rotation": {"angle": 45, "axis": "x", "origin": [8.37317, 17.32233, 7.3042]},
			"faces": {
				"north": {"uv": [1, 9, 0, 8], "texture": "#9"},
				"east": {"uv": [1, 9, 0, 8], "texture": "#9"},
				"south": {"uv": [1, 9, 0, 8], "texture": "#9"},
				"west": {"uv": [1, 9, 0, 8], "texture": "#9"},
				"up": {"uv": [0, 8, 1, 9], "texture": "#9"},
				"down": {"uv": [0, 8, 1, 9], "texture": "#9"}
			}
		},
		{
			"from": [7.61063, 20.85992, 6.57815],
			"to": [9.15938, 20.8968, 7.8319],
			"rotation": {"angle": 45, "axis": "x", "origin": [8.37317, 17.32233, 7.3042]},
			"faces": {
				"north": {"uv": [1, 9, 0, 8], "texture": "#9"},
				"east": {"uv": [1, 9, 0, 8], "rotation": 270, "texture": "#9"},
				"south": {"uv": [1, 9, 0, 8], "rotation": 180, "texture": "#9"},
				"west": {"uv": [1, 9, 0, 8], "rotation": 90, "texture": "#9"},
				"up": {"uv": [0, 8, 1, 9], "texture": "#9"},
				"down": {"uv": [0, 8, 1, 9], "rotation": 180, "texture": "#9"}
			}
		},
		{
			"from": [7.6475, 18.62438, 9.17312],
			"to": [9.1225, 20.9475, 9.46813],
			"rotation": {"angle": 0, "axis": "x", "origin": [8.37317, 17.32233, 7.3042]},
			"faces": {
				"north": {"uv": [1, 8, 0, 7], "texture": "#9"},
				"east": {"uv": [1, 8, 0, 7], "texture": "#9"},
				"south": {"uv": [1, 8, 0, 7], "texture": "#9"},
				"west": {"uv": [1, 8, 0, 7], "texture": "#9"},
				"up": {"uv": [0, 7, 1, 8], "texture": "#9"},
				"down": {"uv": [0, 7, 1, 8], "texture": "#9"}
			}
		},
		{
			"from": [7.57375, 18.62438, 9.28375],
			"to": [9.15938, 20.9475, 9.32063],
			"rotation": {"angle": 0, "axis": "x", "origin": [8.37317, 17.32233, 7.3042]},
			"faces": {
				"north": {"uv": [1, 6, 0, 5], "texture": "#9"},
				"east": {"uv": [1, 6, 0, 5], "texture": "#9"},
				"south": {"uv": [1, 6, 0, 5], "texture": "#9"},
				"west": {"uv": [1, 6, 0, 5], "texture": "#9"},
				"up": {"uv": [0, 5, 1, 6], "texture": "#9"},
				"down": {"uv": [0, 5, 1, 6], "texture": "#9"}
			}
		},
		{
			"from": [7.6475, 18.62438, 6.88688],
			"to": [9.1225, 20.9475, 7.18188],
			"rotation": {"angle": 0, "axis": "x", "origin": [8.37317, 17.32233, 7.3042]},
			"faces": {
				"north": {"uv": [1, 8, 0, 7], "texture": "#9"},
				"east": {"uv": [1, 8, 0, 7], "texture": "#9"},
				"south": {"uv": [1, 8, 0, 7], "texture": "#9"},
				"west": {"uv": [1, 8, 0, 7], "texture": "#9"},
				"up": {"uv": [0, 7, 1, 8], "texture": "#9"},
				"down": {"uv": [0, 7, 1, 8], "texture": "#9"}
			}
		},
		{
			"from": [7.57375, 18.62438, 7.03438],
			"to": [9.15938, 20.9475, 7.07125],
			"rotation": {"angle": 0, "axis": "x", "origin": [8.37317, 17.32233, 7.3042]},
			"faces": {
				"north": {"uv": [1, 6, 0, 5], "texture": "#9"},
				"east": {"uv": [1, 6, 0, 5], "texture": "#9"},
				"south": {"uv": [1, 6, 0, 5], "texture": "#9"},
				"west": {"uv": [1, 6, 0, 5], "texture": "#9"},
				"up": {"uv": [0, 5, 1, 6], "texture": "#9"},
				"down": {"uv": [0, 5, 1, 6], "texture": "#9"}
			}
		},
		{
			"from": [7.6475, 20.66626, 6.87799],
			"to": [9.1225, 20.96126, 9.45924],
			"rotation": {"angle": 0, "axis": "x", "origin": [8.37317, 17.32233, 7.3042]},
			"faces": {
				"north": {"uv": [1, 8, 0, 7], "texture": "#9"},
				"east": {"uv": [1, 8, 0, 7], "rotation": 270, "texture": "#9"},
				"south": {"uv": [1, 8, 0, 7], "rotation": 180, "texture": "#9"},
				"west": {"uv": [1, 8, 0, 7], "rotation": 90, "texture": "#9"},
				"up": {"uv": [0, 7, 1, 8], "texture": "#9"},
				"down": {"uv": [0, 7, 1, 8], "rotation": 180, "texture": "#9"}
			}
		},
		{
			"from": [7.57375, 20.77689, 6.91487],
			"to": [9.15938, 20.81376, 9.38549],
			"rotation": {"angle": 0, "axis": "x", "origin": [8.37317, 17.32233, 7.3042]},
			"faces": {
				"north": {"uv": [1, 6, 0, 5], "rotation": 180, "texture": "#9"},
				"east": {"uv": [1, 6, 0, 5], "rotation": 180, "texture": "#9"},
				"south": {"uv": [1, 6, 0, 5], "rotation": 180, "texture": "#9"},
				"west": {"uv": [1, 6, 0, 5], "rotation": 180, "texture": "#9"},
				"up": {"uv": [0, 5, 1, 6], "rotation": 180, "texture": "#9"},
				"down": {"uv": [0, 5, 1, 6], "rotation": 180, "texture": "#9"}
			}
		},
		{
			"from": [7.9425, 18.19564, 7.83674],
			"to": [8.8275, 21.29314, 8.53737],
			"rotation": {"angle": 0, "axis": "x", "origin": [8.37317, 17.32233, 7.3042]},
			"faces": {
				"north": {"uv": [1, 9, 0, 8], "rotation": 90, "texture": "#9"},
				"east": {"uv": [1, 9, 0, 8], "rotation": 90, "texture": "#9"},
				"south": {"uv": [1, 9, 0, 8], "rotation": 90, "texture": "#9"},
				"west": {"uv": [1, 9, 0, 8], "rotation": 90, "texture": "#9"},
				"up": {"uv": [0, 8, 1, 9], "rotation": 90, "texture": "#9"},
				"down": {"uv": [0, 8, 1, 9], "rotation": 90, "texture": "#9"}
			}
		},
		{
			"from": [7.9425, 19.47723, 6.68955],
			"to": [8.8275, 20.03035, 9.8608],
			"rotation": {"angle": 0, "axis": "x", "origin": [8.37317, 17.32233, 7.3042]},
			"faces": {
				"north": {"uv": [1, 9, 0, 8], "rotation": 90, "texture": "#9"},
				"east": {"uv": [1, 9, 0, 8], "texture": "#9"},
				"south": {"uv": [1, 9, 0, 8], "rotation": 270, "texture": "#9"},
				"west": {"uv": [1, 9, 0, 8], "rotation": 180, "texture": "#9"},
				"up": {"uv": [0, 8, 1, 9], "rotation": 90, "texture": "#9"},
				"down": {"uv": [0, 8, 1, 9], "rotation": 270, "texture": "#9"}
			}
		},
		{
			"from": [7.6475, 18.52751, 6.87799],
			"to": [9.1225, 18.82251, 9.45924],
			"rotation": {"angle": 0, "axis": "x", "origin": [8.37317, 17.32233, 7.3042]},
			"faces": {
				"north": {"uv": [1, 8, 0, 7], "texture": "#9"},
				"east": {"uv": [1, 8, 0, 7], "rotation": 270, "texture": "#9"},
				"south": {"uv": [1, 8, 0, 7], "rotation": 180, "texture": "#9"},
				"west": {"uv": [1, 8, 0, 7], "rotation": 90, "texture": "#9"},
				"up": {"uv": [0, 7, 1, 8], "texture": "#9"},
				"down": {"uv": [0, 7, 1, 8], "rotation": 180, "texture": "#9"}
			}
		},
		{
			"from": [7.57375, 18.67501, 6.91487],
			"to": [9.15938, 18.71189, 9.38549],
			"rotation": {"angle": 0, "axis": "x", "origin": [8.37317, 17.32233, 7.3042]},
			"faces": {
				"north": {"uv": [1, 6, 0, 5], "rotation": 180, "texture": "#9"},
				"east": {"uv": [1, 6, 0, 5], "rotation": 180, "texture": "#9"},
				"south": {"uv": [1, 6, 0, 5], "rotation": 180, "texture": "#9"},
				"west": {"uv": [1, 6, 0, 5], "rotation": 180, "texture": "#9"},
				"up": {"uv": [0, 5, 1, 6], "rotation": 180, "texture": "#9"},
				"down": {"uv": [0, 5, 1, 6], "rotation": 180, "texture": "#9"}
			}
		},
		{
			"from": [7.6475, 16.75714, 10.74258],
			"to": [9.1225, 20.00214, 11.03758],
			"rotation": {"angle": -45, "axis": "x", "origin": [8.37317, 17.32233, 7.3042]},
			"faces": {
				"north": {"uv": [1, 7, 0, 8], "texture": "#9"},
				"east": {"uv": [1, 7, 0, 8], "texture": "#9"},
				"south": {"uv": [1, 7, 0, 8], "texture": "#9"},
				"west": {"uv": [1, 7, 0, 8], "texture": "#9"},
				"up": {"uv": [0, 8, 1, 7], "texture": "#9"},
				"down": {"uv": [0, 8, 1, 7], "texture": "#9"}
			}
		},
		{
			"from": [7.6475, 16.81192, 8.27564],
			"to": [9.1225, 20.13067, 8.57064],
			"rotation": {"angle": -45, "axis": "x", "origin": [8.37317, 17.32233, 7.3042]},
			"faces": {
				"north": {"uv": [1, 8, 0, 7], "texture": "#9"},
				"east": {"uv": [1, 8, 0, 7], "texture": "#9"},
				"south": {"uv": [1, 8, 0, 7], "texture": "#9"},
				"west": {"uv": [1, 8, 0, 7], "texture": "#9"},
				"up": {"uv": [0, 7, 1, 8], "texture": "#9"},
				"down": {"uv": [0, 7, 1, 8], "texture": "#9"}
			}
		},
		{
			"from": [7.6475, 17.03317, 7.42751],
			"to": [9.1225, 17.29129, 8.57064],
			"rotation": {"angle": -45, "axis": "x", "origin": [8.37317, 17.32233, 7.3042]},
			"faces": {
				"north": {"uv": [1, 8, 0, 7], "texture": "#9"},
				"east": {"uv": [1, 8, 0, 7], "texture": "#9"},
				"south": {"uv": [1, 8, 0, 7], "texture": "#9"},
				"west": {"uv": [1, 8, 0, 7], "texture": "#9"},
				"up": {"uv": [0, 7, 1, 8], "texture": "#9"},
				"down": {"uv": [0, 7, 1, 8], "texture": "#9"}
			}
		},
		{
			"from": [7.6475, 16.17009, 8.6108],
			"to": [9.1225, 16.42822, 9.75392],
			"rotation": {"angle": 45, "axis": "x", "origin": [8.37317, 17.32233, 7.3042]},
			"faces": {
				"north": {"uv": [1, 7, 0, 8], "texture": "#9"},
				"east": {"uv": [1, 7, 0, 8], "texture": "#9"},
				"south": {"uv": [1, 7, 0, 8], "texture": "#9"},
				"west": {"uv": [1, 7, 0, 8], "texture": "#9"},
				"up": {"uv": [0, 8, 1, 7], "texture": "#9"},
				"down": {"uv": [0, 8, 1, 7], "texture": "#9"}
			}
		},
		{
			"from": [7.7725, 16.74464, 7.61389],
			"to": [8.9975, 18.03527, 7.87202],
			"rotation": {"angle": 22.5, "axis": "x", "origin": [8.37317, 17.32233, 7.3042]},
			"faces": {
				"north": {"uv": [1, 8, 0, 7], "texture": "#9"},
				"east": {"uv": [1, 8, 0, 7], "rotation": 90, "texture": "#9"},
				"south": {"uv": [1, 8, 0, 7], "rotation": 180, "texture": "#9"},
				"west": {"uv": [1, 8, 0, 7], "rotation": 270, "texture": "#9"},
				"up": {"uv": [0, 7, 1, 8], "rotation": 180, "texture": "#9"},
				"down": {"uv": [0, 7, 1, 8], "texture": "#9"}
			}
		},
		{
			"from": [7.6475, 15.74902, 7.79827],
			"to": [9.1225, 16.30214, 8.05639],
			"rotation": {"angle": 22.5, "axis": "x", "origin": [8.37317, 17.32233, 7.3042]},
			"faces": {
				"north": {"uv": [1, 8, 0, 7], "texture": "#9"},
				"east": {"uv": [1, 8, 0, 7], "rotation": 90, "texture": "#9"},
				"south": {"uv": [1, 8, 0, 7], "rotation": 180, "texture": "#9"},
				"west": {"uv": [1, 8, 0, 7], "rotation": 270, "texture": "#9"},
				"up": {"uv": [0, 7, 1, 8], "rotation": 180, "texture": "#9"},
				"down": {"uv": [0, 7, 1, 8], "texture": "#9"}
			}
		},
		{
			"from": [7.6475, 16.76242, 7.14376],
			"to": [9.1225, 17.31555, 7.40189],
			"rotation": {"angle": -22.5, "axis": "x", "origin": [8.37317, 17.32233, 7.3042]},
			"faces": {
				"north": {"uv": [1, 7, 0, 8], "texture": "#9"},
				"east": {"uv": [0, 8, 1, 7], "rotation": 90, "texture": "#9"},
				"south": {"uv": [1, 7, 0, 8], "rotation": 180, "texture": "#9"},
				"west": {"uv": [0, 8, 1, 7], "rotation": 270, "texture": "#9"},
				"up": {"uv": [0, 8, 1, 7], "texture": "#9"},
				"down": {"uv": [0, 8, 1, 7], "rotation": 180, "texture": "#9"}
			}
		},
		{
			"from": [7.6475, 15.62734, 8.34737],
			"to": [9.1225, 16.18046, 8.6055],
			"rotation": {"angle": 45, "axis": "x", "origin": [8.37317, 17.32233, 7.3042]},
			"faces": {
				"north": {"uv": [1, 8, 0, 7], "texture": "#9"},
				"east": {"uv": [1, 8, 0, 7], "rotation": 90, "texture": "#9"},
				"south": {"uv": [1, 8, 0, 7], "rotation": 180, "texture": "#9"},
				"west": {"uv": [1, 8, 0, 7], "rotation": 270, "texture": "#9"},
				"up": {"uv": [0, 7, 1, 8], "rotation": 180, "texture": "#9"},
				"down": {"uv": [0, 7, 1, 8], "texture": "#9"}
			}
		},
		{
			"from": [7.6475, 17.25485, 7.13801],
			"to": [9.1225, 17.80797, 7.39614],
			"rotation": {"angle": -45, "axis": "x", "origin": [8.37317, 17.32233, 7.3042]},
			"faces": {
				"north": {"uv": [1, 7, 0, 8], "texture": "#9"},
				"east": {"uv": [0, 8, 1, 7], "rotation": 90, "texture": "#9"},
				"south": {"uv": [1, 7, 0, 8], "rotation": 180, "texture": "#9"},
				"west": {"uv": [0, 8, 1, 7], "rotation": 270, "texture": "#9"},
				"up": {"uv": [0, 8, 1, 7], "texture": "#9"},
				"down": {"uv": [0, 8, 1, 7], "rotation": 180, "texture": "#9"}
			}
		},
		{
			"from": [7.6475, 15.49468, 4.59559],
			"to": [9.1225, 15.75281, 6.25497],
			"rotation": {"angle": -22.5, "axis": "x", "origin": [8.37317, 17.32233, 7.3042]},
			"faces": {
				"north": {"uv": [1, 8, 0, 7], "texture": "#9"},
				"east": {"uv": [1, 8, 0, 7], "texture": "#9"},
				"south": {"uv": [1, 8, 0, 7], "texture": "#9"},
				"west": {"uv": [1, 8, 0, 7], "texture": "#9"},
				"up": {"uv": [0, 7, 1, 8], "texture": "#9"},
				"down": {"uv": [0, 7, 1, 8], "texture": "#9"}
			}
		},
		{
			"from": [7.68437, 15.29006, 5.23233],
			"to": [9.08563, 15.54818, 7.0392],
			"rotation": {"angle": 0, "axis": "x", "origin": [8.37317, 17.32233, 7.3042]},
			"faces": {
				"north": {"uv": [3, 11, 2, 10], "texture": "#9"},
				"east": {"uv": [3, 11, 2, 10], "texture": "#9"},
				"south": {"uv": [3, 11, 2, 10], "texture": "#9"},
				"west": {"uv": [3, 11, 2, 10], "texture": "#9"},
				"up": {"uv": [2, 10, 3, 11], "texture": "#9"},
				"down": {"uv": [2, 10, 3, 11], "texture": "#9"}
			}
		},
		{
			"from": [7.93437, 14.75881, 6.31045],
			"to": [8.83563, 15.20443, 7.32045],
			"rotation": {"angle": 22.5, "axis": "x", "origin": [8.37317, 17.32233, 7.3042]},
			"faces": {
				"north": {"uv": [10, 6, 11, 7], "texture": "#10"},
				"east": {"uv": [10, 6, 11, 7], "texture": "#10"},
				"south": {"uv": [10, 6, 11, 7], "texture": "#10"},
				"west": {"uv": [10, 6, 11, 7], "texture": "#10"},
				"up": {"uv": [10, 6, 11, 7], "texture": "#10"},
				"down": {"uv": [10, 6, 11, 7], "texture": "#10"}
			}
		},
		{
			"from": [8.83563, 14.72756, 6.31045],
			"to": [8.85125, 14.78256, 7.32045],
			"rotation": {"angle": 22.5, "axis": "x", "origin": [8.37317, 17.32233, 7.3042]},
			"faces": {
				"north": {"uv": [1, 6, 2, 7], "texture": "#5"},
				"east": {"uv": [1, 6, 2, 7], "texture": "#5"},
				"south": {"uv": [1, 6, 2, 7], "texture": "#5"},
				"west": {"uv": [1, 6, 2, 7], "texture": "#5"},
				"up": {"uv": [1, 6, 2, 7], "texture": "#5"},
				"down": {"uv": [1, 6, 2, 7], "texture": "#5"}
			}
		},
		{
			"from": [7.92938, 14.72756, 6.31045],
			"to": [7.945, 14.78256, 7.32045],
			"rotation": {"angle": 22.5, "axis": "x", "origin": [8.37317, 17.32233, 7.3042]},
			"faces": {
				"north": {"uv": [1, 6, 2, 7], "texture": "#5"},
				"east": {"uv": [1, 6, 2, 7], "texture": "#5"},
				"south": {"uv": [1, 6, 2, 7], "texture": "#5"},
				"west": {"uv": [1, 6, 2, 7], "texture": "#5"},
				"up": {"uv": [1, 6, 2, 7], "texture": "#5"},
				"down": {"uv": [1, 6, 2, 7], "texture": "#5"}
			}
		},
		{
			"from": [7.68437, 17.38619, 5.23233],
			"to": [9.08563, 17.64432, 7.6642],
			"rotation": {"angle": 0, "axis": "x", "origin": [8.37317, 17.32233, 7.3042]},
			"faces": {
				"north": {"uv": [3, 10, 2, 11], "texture": "#9"},
				"east": {"uv": [3, 10, 2, 11], "texture": "#9"},
				"south": {"uv": [3, 10, 2, 11], "texture": "#9"},
				"west": {"uv": [3, 10, 2, 11], "texture": "#9"},
				"up": {"uv": [2, 11, 3, 10], "texture": "#9"},
				"down": {"uv": [2, 11, 3, 10], "texture": "#9"}
			}
		},
		{
			"from": [7.68437, 15.32119, 5.23233],
			"to": [7.96063, 17.64432, 5.49045],
			"rotation": {"angle": 0, "axis": "x", "origin": [8.37317, 17.32233, 7.3042]},
			"faces": {
				"north": {"uv": [3, 10, 2, 11], "texture": "#9"},
				"east": {"uv": [3, 10, 2, 11], "texture": "#9"},
				"south": {"uv": [3, 10, 2, 11], "texture": "#9"},
				"west": {"uv": [3, 10, 2, 11], "texture": "#9"},
				"up": {"uv": [2, 11, 3, 10], "texture": "#9"},
				"down": {"uv": [2, 11, 3, 10], "texture": "#9"}
			}
		},
		{
			"from": [8.80937, 15.32119, 5.23233],
			"to": [9.08563, 17.64432, 5.49045],
			"rotation": {"angle": 0, "axis": "x", "origin": [8.37317, 17.32233, 7.3042]},
			"faces": {
				"north": {"uv": [3, 10, 2, 11], "texture": "#9"},
				"east": {"uv": [3, 10, 2, 11], "texture": "#9"},
				"south": {"uv": [3, 10, 2, 11], "texture": "#9"},
				"west": {"uv": [3, 10, 2, 11], "texture": "#9"},
				"up": {"uv": [2, 11, 3, 10], "texture": "#9"},
				"down": {"uv": [2, 11, 3, 10], "texture": "#9"}
			}
		},
		{
			"from": [8.8275, 17.31176, 4.40197],
			"to": [8.975, 17.56988, 6.90947],
			"rotation": {"angle": 22.5, "axis": "x", "origin": [8.37317, 17.32233, 7.3042]},
			"faces": {
				"north": {"uv": [1, 7, 0, 8], "texture": "#9"},
				"east": {"uv": [1, 7, 0, 8], "texture": "#9"},
				"south": {"uv": [1, 7, 0, 8], "texture": "#9"},
				"west": {"uv": [1, 7, 0, 8], "texture": "#9"},
				"up": {"uv": [0, 8, 1, 7], "texture": "#9"},
				"down": {"uv": [0, 8, 1, 7], "texture": "#9"}
			}
		},
		{
			"from": [8.90125, 17.27488, 5.39759],
			"to": [9.04875, 17.38551, 6.90947],
			"rotation": {"angle": 22.5, "axis": "x", "origin": [8.37317, 17.32233, 7.3042]},
			"faces": {
				"north": {"uv": [1, 5, 0, 6], "texture": "#9"},
				"east": {"uv": [1, 5, 0, 6], "texture": "#9"},
				"south": {"uv": [1, 5, 0, 6], "texture": "#9"},
				"west": {"uv": [1, 5, 0, 6], "texture": "#9"},
				"up": {"uv": [0, 6, 1, 5], "texture": "#9"},
				"down": {"uv": [0, 6, 1, 5], "texture": "#9"}
			}
		},
		{
			"from": [7.795, 17.31176, 4.40197],
			"to": [7.9425, 17.56988, 6.90947],
			"rotation": {"angle": 22.5, "axis": "x", "origin": [8.37317, 17.32233, 7.3042]},
			"faces": {
				"north": {"uv": [1, 7, 0, 8], "texture": "#9"},
				"east": {"uv": [1, 7, 0, 8], "texture": "#9"},
				"south": {"uv": [1, 7, 0, 8], "texture": "#9"},
				"west": {"uv": [1, 7, 0, 8], "texture": "#9"},
				"up": {"uv": [0, 8, 1, 7], "texture": "#9"},
				"down": {"uv": [0, 8, 1, 7], "texture": "#9"}
			}
		},
		{
			"from": [7.72125, 17.27488, 5.39759],
			"to": [7.86875, 17.38551, 6.90947],
			"rotation": {"angle": 22.5, "axis": "x", "origin": [8.37317, 17.32233, 7.3042]},
			"faces": {
				"north": {"uv": [1, 5, 0, 6], "texture": "#9"},
				"east": {"uv": [1, 5, 0, 6], "texture": "#9"},
				"south": {"uv": [1, 5, 0, 6], "texture": "#9"},
				"west": {"uv": [1, 5, 0, 6], "texture": "#9"},
				"up": {"uv": [0, 6, 1, 5], "texture": "#9"},
				"down": {"uv": [0, 6, 1, 5], "texture": "#9"}
			}
		},
		{
			"from": [8.64313, 17.38551, 4.38634],
			"to": [9.1225, 17.45926, 4.84447],
			"rotation": {"angle": 22.5, "axis": "x", "origin": [8.37317, 17.32233, 7.3042]},
			"faces": {
				"north": {"uv": [5, 7, 4, 8], "texture": "#9"},
				"east": {"uv": [5, 7, 4, 8], "texture": "#9"},
				"south": {"uv": [5, 7, 4, 8], "texture": "#9"},
				"west": {"uv": [5, 7, 4, 8], "texture": "#9"},
				"up": {"uv": [4, 8, 5, 7], "texture": "#9"},
				"down": {"uv": [4, 8, 5, 7], "texture": "#9"}
			}
		},
		{
			"from": [7.86875, 17.34863, 4.32822],
			"to": [8.90125, 17.53301, 4.66009],
			"rotation": {"angle": 22.5, "axis": "x", "origin": [8.37317, 17.32233, 7.3042]},
			"faces": {
				"north": {"uv": [1, 4, 0, 5], "texture": "#9"},
				"east": {"uv": [1, 4, 0, 5], "texture": "#9"},
				"south": {"uv": [1, 4, 0, 5], "texture": "#9"},
				"west": {"uv": [1, 4, 0, 5], "texture": "#9"},
				"up": {"uv": [0, 5, 1, 4], "texture": "#9"},
				"down": {"uv": [0, 5, 1, 4], "texture": "#9"}
			}
		},
		{
			"from": [7.6475, 17.42238, 4.38634],
			"to": [8.12688, 17.49613, 4.84447],
			"rotation": {"angle": 22.5, "axis": "x", "origin": [8.37317, 17.32233, 7.3042]},
			"faces": {
				"north": {"uv": [7, 6, 6, 7], "texture": "#9"},
				"east": {"uv": [7, 6, 6, 7], "texture": "#9"},
				"south": {"uv": [7, 6, 6, 7], "texture": "#9"},
				"west": {"uv": [7, 6, 6, 7], "texture": "#9"},
				"up": {"uv": [6, 7, 7, 6], "texture": "#9"},
				"down": {"uv": [6, 7, 7, 6], "texture": "#9"}
			}
		},
		{
			"from": [7.9425, 19.50551, 6.40469],
			"to": [8.09, 19.76364, 8.91219],
			"rotation": {"angle": -45, "axis": "x", "origin": [8.37317, 17.32233, 7.3042]},
			"faces": {
				"north": {"uv": [6, 10, 5, 11], "texture": "#9"},
				"east": {"uv": [6, 10, 5, 11], "texture": "#9"},
				"south": {"uv": [6, 10, 5, 11], "texture": "#9"},
				"west": {"uv": [6, 10, 5, 11], "texture": "#9"},
				"up": {"uv": [5, 11, 6, 10], "texture": "#9"},
				"down": {"uv": [5, 11, 6, 10], "texture": "#9"}
			}
		},
		{
			"from": [8.68, 19.50551, 6.40469],
			"to": [8.8275, 19.76364, 8.91219],
			"rotation": {"angle": -45, "axis": "x", "origin": [8.37317, 17.32233, 7.3042]},
			"faces": {
				"north": {"uv": [6, 10, 5, 11], "texture": "#9"},
				"east": {"uv": [6, 10, 5, 11], "texture": "#9"},
				"south": {"uv": [6, 10, 5, 11], "texture": "#9"},
				"west": {"uv": [6, 10, 5, 11], "texture": "#9"},
				"up": {"uv": [5, 11, 6, 10], "texture": "#9"},
				"down": {"uv": [5, 11, 6, 10], "texture": "#9"}
			}
		},
		{
			"from": [7.86875, 15.49, 5.33813],
			"to": [8.90125, 17.555, 7.40313],
			"rotation": {"angle": 0, "axis": "y", "origin": [8.37317, 17.32233, 7.3042]},
			"faces": {
				"north": {"uv": [15, 15, 1, 1], "texture": "#8"},
				"east": {"uv": [15, 15, 1, 1], "texture": "#8"},
				"south": {"uv": [15, 15, 1, 1], "texture": "#8"},
				"west": {"uv": [15, 15, 1, 1], "texture": "#8"},
				"up": {"uv": [15, 15, 1, 1], "texture": "#8"},
				"down": {"uv": [15, 15, 1, 1], "texture": "#8"}
			}
		},
		{
			"from": [7.6475, 17.97199, 4.81765],
			"to": [9.1225, 21.29074, 5.11265],
			"rotation": {"angle": 45, "axis": "x", "origin": [8.37317, 17.32233, 7.3042]},
			"faces": {
				"north": {"uv": [1, 7, 0, 8], "texture": "#9"},
				"east": {"uv": [1, 7, 0, 8], "texture": "#9"},
				"south": {"uv": [1, 7, 0, 8], "texture": "#9"},
				"west": {"uv": [1, 7, 0, 8], "texture": "#9"},
				"up": {"uv": [0, 8, 1, 7], "texture": "#9"},
				"down": {"uv": [0, 8, 1, 7], "texture": "#9"}
			}
		},
		{
			"from": [8.8975, 14.59699, 6.19265],
			"to": [9.1225, 18.41574, 6.48765],
			"rotation": {"angle": 45, "axis": "x", "origin": [8.37317, 17.32233, 7.3042]},
			"faces": {
				"north": {"uv": [1, 7, 0, 8], "texture": "#9"},
				"east": {"uv": [1, 7, 0, 8], "texture": "#9"},
				"south": {"uv": [1, 7, 0, 8], "texture": "#9"},
				"west": {"uv": [1, 7, 0, 8], "texture": "#9"},
				"up": {"uv": [0, 8, 1, 7], "texture": "#9"},
				"down": {"uv": [0, 8, 1, 7], "texture": "#9"}
			}
		},
		{
			"from": [8.94438, 14.62824, 6.23952],
			"to": [9.13813, 18.24386, 6.25327],
			"rotation": {"angle": 45, "axis": "x", "origin": [8.37317, 17.32233, 7.3042]},
			"faces": {
				"north": {"uv": [6, 7, 5, 8], "texture": "#7"},
				"east": {"uv": [6, 7, 5, 8], "texture": "#7"},
				"south": {"uv": [6, 7, 5, 8], "texture": "#7"},
				"west": {"uv": [6, 7, 5, 8], "texture": "#7"},
				"up": {"uv": [6, 7, 5, 8], "texture": "#7"},
				"down": {"uv": [6, 7, 5, 8], "texture": "#7"}
			}
		},
		{
			"from": [8.94438, 17.42013, 4.40697],
			"to": [9.01313, 17.43388, 6.8976],
			"rotation": {"angle": 22.5, "axis": "x", "origin": [8.37317, 17.32233, 7.3042]},
			"faces": {
				"north": {"uv": [6, 7, 5, 8], "rotation": 180, "texture": "#7"},
				"east": {"uv": [6, 7, 5, 8], "rotation": 270, "texture": "#7"},
				"south": {"uv": [6, 7, 5, 8], "texture": "#7"},
				"west": {"uv": [6, 7, 5, 8], "rotation": 90, "texture": "#7"},
				"up": {"uv": [6, 7, 5, 8], "rotation": 180, "texture": "#7"},
				"down": {"uv": [6, 7, 5, 8], "texture": "#7"}
			}
		},
		{
			"from": [7.72563, 17.42013, 4.40697],
			"to": [7.79438, 17.43388, 6.8976],
			"rotation": {"angle": 22.5, "axis": "x", "origin": [8.37317, 17.32233, 7.3042]},
			"faces": {
				"north": {"uv": [6, 7, 5, 8], "rotation": 180, "texture": "#7"},
				"east": {"uv": [6, 7, 5, 8], "rotation": 270, "texture": "#7"},
				"south": {"uv": [6, 7, 5, 8], "texture": "#7"},
				"west": {"uv": [6, 7, 5, 8], "rotation": 90, "texture": "#7"},
				"up": {"uv": [6, 7, 5, 8], "rotation": 180, "texture": "#7"},
				"down": {"uv": [6, 7, 5, 8], "texture": "#7"}
			}
		},
		{
			"from": [8.94438, 14.62824, 6.44265],
			"to": [9.13813, 18.40011, 6.4564],
			"rotation": {"angle": 45, "axis": "x", "origin": [8.37317, 17.32233, 7.3042]},
			"faces": {
				"north": {"uv": [6, 7, 5, 8], "texture": "#7"},
				"east": {"uv": [6, 7, 5, 8], "texture": "#7"},
				"south": {"uv": [6, 7, 5, 8], "texture": "#7"},
				"west": {"uv": [6, 7, 5, 8], "texture": "#7"},
				"up": {"uv": [6, 7, 5, 8], "texture": "#7"},
				"down": {"uv": [6, 7, 5, 8], "texture": "#7"}
			}
		},
		{
			"from": [8.94438, 18.17511, 4.61452],
			"to": [9.13813, 18.38449, 4.62827],
			"rotation": {"angle": -45, "axis": "x", "origin": [8.37317, 17.32233, 7.3042]},
			"faces": {
				"north": {"uv": [6, 7, 5, 8], "texture": "#7"},
				"east": {"uv": [6, 7, 5, 8], "texture": "#7"},
				"south": {"uv": [6, 7, 5, 8], "texture": "#7"},
				"west": {"uv": [6, 7, 5, 8], "texture": "#7"},
				"up": {"uv": [6, 7, 5, 8], "texture": "#7"},
				"down": {"uv": [6, 7, 5, 8], "texture": "#7"}
			}
		},
		{
			"from": [7.6475, 14.59699, 6.19265],
			"to": [7.8725, 18.41574, 6.48765],
			"rotation": {"angle": 45, "axis": "x", "origin": [8.37317, 17.32233, 7.3042]},
			"faces": {
				"north": {"uv": [1, 7, 0, 8], "texture": "#9"},
				"east": {"uv": [1, 7, 0, 8], "texture": "#9"},
				"south": {"uv": [1, 7, 0, 8], "texture": "#9"},
				"west": {"uv": [1, 7, 0, 8], "texture": "#9"},
				"up": {"uv": [0, 8, 1, 7], "texture": "#9"},
				"down": {"uv": [0, 8, 1, 7], "texture": "#9"}
			}
		},
		{
			"from": [7.63188, 14.62824, 6.23952],
			"to": [7.81, 18.24386, 6.25327],
			"rotation": {"angle": 45, "axis": "x", "origin": [8.37317, 17.32233, 7.3042]},
			"faces": {
				"north": {"uv": [6, 7, 5, 8], "texture": "#7"},
				"east": {"uv": [6, 7, 5, 8], "texture": "#7"},
				"south": {"uv": [6, 7, 5, 8], "texture": "#7"},
				"west": {"uv": [6, 7, 5, 8], "texture": "#7"},
				"up": {"uv": [6, 7, 5, 8], "texture": "#7"},
				"down": {"uv": [6, 7, 5, 8], "texture": "#7"}
			}
		},
		{
			"from": [7.63188, 14.62824, 6.44265],
			"to": [7.81, 18.40011, 6.4564],
			"rotation": {"angle": 45, "axis": "x", "origin": [8.37317, 17.32233, 7.3042]},
			"faces": {
				"north": {"uv": [6, 7, 5, 8], "texture": "#7"},
				"east": {"uv": [6, 7, 5, 8], "texture": "#7"},
				"south": {"uv": [6, 7, 5, 8], "texture": "#7"},
				"west": {"uv": [6, 7, 5, 8], "texture": "#7"},
				"up": {"uv": [6, 7, 5, 8], "texture": "#7"},
				"down": {"uv": [6, 7, 5, 8], "texture": "#7"}
			}
		},
		{
			"from": [7.63188, 18.17511, 4.61452],
			"to": [7.81, 18.38449, 4.62827],
			"rotation": {"angle": -45, "axis": "x", "origin": [8.37317, 17.32233, 7.3042]},
			"faces": {
				"north": {"uv": [6, 7, 5, 8], "texture": "#7"},
				"east": {"uv": [6, 7, 5, 8], "texture": "#7"},
				"south": {"uv": [6, 7, 5, 8], "texture": "#7"},
				"west": {"uv": [6, 7, 5, 8], "texture": "#7"},
				"up": {"uv": [6, 7, 5, 8], "texture": "#7"},
				"down": {"uv": [6, 7, 5, 8], "texture": "#7"}
			}
		},
		{
			"from": [8.8975, 14.59699, 6.19265],
			"to": [9.1225, 18.41574, 6.48765],
			"rotation": {"angle": 45, "axis": "x", "origin": [8.37317, 17.32233, 7.3042]},
			"faces": {
				"north": {"uv": [1, 7, 0, 8], "texture": "#9"},
				"east": {"uv": [1, 7, 0, 8], "texture": "#9"},
				"south": {"uv": [1, 7, 0, 8], "texture": "#9"},
				"west": {"uv": [1, 7, 0, 8], "texture": "#9"},
				"up": {"uv": [0, 8, 1, 7], "texture": "#9"},
				"down": {"uv": [0, 8, 1, 7], "texture": "#9"}
			}
		},
		{
			"from": [7.7725, 17.71138, 7.71189],
			"to": [8.9975, 18.41201, 7.97001],
			"rotation": {"angle": 0, "axis": "x", "origin": [8.37317, 17.32233, 7.3042]},
			"faces": {
				"north": {"uv": [1, 8, 0, 7], "rotation": 270, "texture": "#11"},
				"east": {"uv": [1, 8, 0, 7], "rotation": 270, "texture": "#11"},
				"south": {"uv": [1, 8, 0, 7], "rotation": 270, "texture": "#11"},
				"west": {"uv": [1, 8, 0, 7], "rotation": 270, "texture": "#11"},
				"up": {"uv": [1, 8, 0, 7], "rotation": 270, "texture": "#11"},
				"down": {"uv": [1, 8, 0, 7], "rotation": 270, "texture": "#11"}
			}
		},
		{
			"from": [7.7725, 17.45326, 7.56439],
			"to": [8.9975, 18.41201, 7.82251],
			"rotation": {"angle": 0, "axis": "x", "origin": [8.37317, 17.32233, 7.3042]},
			"faces": {
				"north": {"uv": [7, 9, 6, 8], "rotation": 270, "texture": "#11"},
				"east": {"uv": [7, 9, 6, 8], "rotation": 270, "texture": "#11"},
				"south": {"uv": [7, 9, 6, 8], "rotation": 270, "texture": "#11"},
				"west": {"uv": [7, 9, 6, 8], "rotation": 270, "texture": "#11"},
				"up": {"uv": [7, 9, 6, 8], "rotation": 270, "texture": "#11"},
				"down": {"uv": [7, 9, 6, 8], "rotation": 270, "texture": "#11"}
			}
		},
		{
			"from": [7.6475, 16.08734, 7.34949],
			"to": [9.1225, 18.55796, 7.60762],
			"rotation": {"angle": 0, "axis": "x", "origin": [8.37317, 17.32233, 7.3042]},
			"faces": {
				"north": {"uv": [1, 8, 0, 7], "texture": "#9"},
				"east": {"uv": [1, 8, 0, 7], "rotation": 90, "texture": "#9"},
				"south": {"uv": [1, 8, 0, 7], "rotation": 180, "texture": "#9"},
				"west": {"uv": [1, 8, 0, 7], "rotation": 270, "texture": "#9"},
				"up": {"uv": [0, 7, 1, 8], "rotation": 180, "texture": "#9"},
				"down": {"uv": [0, 7, 1, 8], "texture": "#9"}
			}
		},
		{
			"from": [7.6475, 14.37641, 7.34949],
			"to": [9.1225, 16.84704, 7.60762],
			"rotation": {"angle": 0, "axis": "x", "origin": [8.37317, 17.32233, 7.3042]},
			"faces": {
				"north": {"uv": [1, 7, 0, 8], "texture": "#9"},
				"east": {"uv": [0, 8, 1, 7], "rotation": 90, "texture": "#9"},
				"south": {"uv": [1, 7, 0, 8], "rotation": 180, "texture": "#9"},
				"west": {"uv": [0, 8, 1, 7], "rotation": 270, "texture": "#9"},
				"up": {"uv": [0, 8, 1, 7], "texture": "#9"},
				"down": {"uv": [0, 8, 1, 7], "rotation": 180, "texture": "#9"}
			}
		},
		{
			"from": [7.83188, 12.21568, 7.13184],
			"to": [7.9425, 15.05506, 7.38996],
			"rotation": {"angle": -22.5, "axis": "x", "origin": [8.37317, 17.32233, 7.3042]},
			"faces": {
				"north": {"uv": [1, 8, 0, 7], "texture": "#9"},
				"east": {"uv": [1, 8, 0, 7], "rotation": 90, "texture": "#9"},
				"south": {"uv": [1, 8, 0, 7], "rotation": 180, "texture": "#9"},
				"west": {"uv": [1, 8, 0, 7], "rotation": 270, "texture": "#9"},
				"up": {"uv": [0, 7, 1, 8], "rotation": 180, "texture": "#9"},
				"down": {"uv": [0, 7, 1, 8], "texture": "#9"}
			}
		},
		{
			"from": [7.83188, 12.21568, 7.27934],
			"to": [7.9425, 16.60381, 7.38996],
			"rotation": {"angle": -22.5, "axis": "x", "origin": [8.37317, 17.32233, 7.3042]},
			"faces": {
				"north": {"uv": [1, 8, 0, 7], "texture": "#9"},
				"east": {"uv": [1, 8, 0, 7], "rotation": 90, "texture": "#9"},
				"south": {"uv": [1, 8, 0, 7], "rotation": 180, "texture": "#9"},
				"west": {"uv": [1, 8, 0, 7], "rotation": 270, "texture": "#9"},
				"up": {"uv": [0, 7, 1, 8], "rotation": 180, "texture": "#9"},
				"down": {"uv": [0, 7, 1, 8], "texture": "#9"}
			}
		},
		{
			"from": [7.83188, 13.84068, 8.52934],
			"to": [7.9425, 15.60381, 8.63996],
			"rotation": {"angle": 0, "axis": "x", "origin": [8.37317, 18.94733, 8.5542]},
			"faces": {
				"north": {"uv": [1, 8, 0, 7], "texture": "#9"},
				"east": {"uv": [1, 8, 0, 7], "rotation": 90, "texture": "#9"},
				"south": {"uv": [1, 8, 0, 7], "rotation": 180, "texture": "#9"},
				"west": {"uv": [1, 8, 0, 7], "rotation": 270, "texture": "#9"},
				"up": {"uv": [0, 7, 1, 8], "rotation": 180, "texture": "#9"},
				"down": {"uv": [0, 7, 1, 8], "texture": "#9"}
			}
		},
		{
			"from": [7.86313, 13.79381, 8.52934],
			"to": [7.91125, 15.60381, 8.71809],
			"rotation": {"angle": 0, "axis": "x", "origin": [8.37317, 18.94733, 8.5542]},
			"faces": {
				"north": {"uv": [1, 9, 0, 8], "rotation": 180, "texture": "#9"},
				"east": {"uv": [1, 9, 0, 8], "rotation": 180, "texture": "#9"},
				"south": {"uv": [1, 9, 0, 8], "rotation": 180, "texture": "#9"},
				"west": {"uv": [1, 9, 0, 8], "rotation": 180, "texture": "#9"},
				"up": {"uv": [1, 9, 0, 8], "rotation": 180, "texture": "#9"},
				"down": {"uv": [1, 9, 0, 8], "rotation": 180, "texture": "#9"}
			}
		},
		{
			"from": [8.86313, 13.79381, 8.52934],
			"to": [8.91125, 15.60381, 8.71809],
			"rotation": {"angle": 0, "axis": "x", "origin": [9.37317, 18.94733, 8.5542]},
			"faces": {
				"north": {"uv": [1, 9, 0, 8], "rotation": 180, "texture": "#9"},
				"east": {"uv": [1, 9, 0, 8], "rotation": 180, "texture": "#9"},
				"south": {"uv": [1, 9, 0, 8], "rotation": 180, "texture": "#9"},
				"west": {"uv": [1, 9, 0, 8], "rotation": 180, "texture": "#9"},
				"up": {"uv": [1, 9, 0, 8], "rotation": 180, "texture": "#9"},
				"down": {"uv": [1, 9, 0, 8], "rotation": 180, "texture": "#9"}
			}
		},
		{
			"from": [7.83188, 15.13756, 8.59184],
			"to": [7.9425, 16.90068, 8.70246],
			"rotation": {"angle": 0, "axis": "x", "origin": [8.37317, 20.24421, 8.6167]},
			"faces": {
				"north": {"uv": [1, 8, 0, 7], "texture": "#9"},
				"east": {"uv": [1, 8, 0, 7], "rotation": 90, "texture": "#9"},
				"south": {"uv": [1, 8, 0, 7], "rotation": 180, "texture": "#9"},
				"west": {"uv": [1, 8, 0, 7], "rotation": 270, "texture": "#9"},
				"up": {"uv": [0, 7, 1, 8], "rotation": 180, "texture": "#9"},
				"down": {"uv": [0, 7, 1, 8], "texture": "#9"}
			}
		},
		{
			"from": [7.86313, 15.09068, 8.59184],
			"to": [7.91125, 16.90068, 8.78059],
			"rotation": {"angle": 0, "axis": "x", "origin": [8.37317, 20.24421, 8.6167]},
			"faces": {
				"north": {"uv": [1, 9, 0, 8], "rotation": 180, "texture": "#9"},
				"east": {"uv": [1, 9, 0, 8], "rotation": 180, "texture": "#9"},
				"south": {"uv": [1, 9, 0, 8], "rotation": 180, "texture": "#9"},
				"west": {"uv": [1, 9, 0, 8], "rotation": 180, "texture": "#9"},
				"up": {"uv": [1, 9, 0, 8], "rotation": 180, "texture": "#9"},
				"down": {"uv": [1, 9, 0, 8], "rotation": 180, "texture": "#9"}
			}
		},
		{
			"from": [8.86313, 15.09068, 8.59184],
			"to": [8.91125, 16.90068, 8.78059],
			"rotation": {"angle": 0, "axis": "x", "origin": [9.37317, 20.24421, 8.6167]},
			"faces": {
				"north": {"uv": [1, 9, 0, 8], "rotation": 180, "texture": "#9"},
				"east": {"uv": [1, 9, 0, 8], "rotation": 180, "texture": "#9"},
				"south": {"uv": [1, 9, 0, 8], "rotation": 180, "texture": "#9"},
				"west": {"uv": [1, 9, 0, 8], "rotation": 180, "texture": "#9"},
				"up": {"uv": [1, 9, 0, 8], "rotation": 180, "texture": "#9"},
				"down": {"uv": [1, 9, 0, 8], "rotation": 180, "texture": "#9"}
			}
		},
		{
			"from": [7.83188, 15.98131, 8.63871],
			"to": [7.9425, 17.74443, 8.74934],
			"rotation": {"angle": 0, "axis": "x", "origin": [8.37317, 21.08796, 8.66357]},
			"faces": {
				"north": {"uv": [1, 8, 0, 7], "texture": "#9"},
				"east": {"uv": [1, 8, 0, 7], "rotation": 90, "texture": "#9"},
				"south": {"uv": [1, 8, 0, 7], "rotation": 180, "texture": "#9"},
				"west": {"uv": [1, 8, 0, 7], "rotation": 270, "texture": "#9"},
				"up": {"uv": [0, 7, 1, 8], "rotation": 180, "texture": "#9"},
				"down": {"uv": [0, 7, 1, 8], "texture": "#9"}
			}
		},
		{
			"from": [7.86313, 15.93443, 8.63871],
			"to": [7.91125, 17.74443, 8.82746],
			"rotation": {"angle": 0, "axis": "x", "origin": [8.37317, 21.08796, 8.66357]},
			"faces": {
				"north": {"uv": [1, 9, 0, 8], "rotation": 180, "texture": "#9"},
				"east": {"uv": [1, 9, 0, 8], "rotation": 180, "texture": "#9"},
				"south": {"uv": [1, 9, 0, 8], "rotation": 180, "texture": "#9"},
				"west": {"uv": [1, 9, 0, 8], "rotation": 180, "texture": "#9"},
				"up": {"uv": [1, 9, 0, 8], "rotation": 180, "texture": "#9"},
				"down": {"uv": [1, 9, 0, 8], "rotation": 180, "texture": "#9"}
			}
		},
		{
			"from": [8.86313, 15.93443, 8.63871],
			"to": [8.91125, 17.74443, 8.82746],
			"rotation": {"angle": 0, "axis": "x", "origin": [9.37317, 21.08796, 8.66357]},
			"faces": {
				"north": {"uv": [1, 9, 0, 8], "rotation": 180, "texture": "#9"},
				"east": {"uv": [1, 9, 0, 8], "rotation": 180, "texture": "#9"},
				"south": {"uv": [1, 9, 0, 8], "rotation": 180, "texture": "#9"},
				"west": {"uv": [1, 9, 0, 8], "rotation": 180, "texture": "#9"},
				"up": {"uv": [1, 9, 0, 8], "rotation": 180, "texture": "#9"},
				"down": {"uv": [1, 9, 0, 8], "rotation": 180, "texture": "#9"}
			}
		},
		{
			"from": [7.83188, 17.91881, 9.91996],
			"to": [7.9425, 19.68193, 10.03059],
			"rotation": {"angle": 22.5, "axis": "x", "origin": [8.37317, 21.08796, 8.66357]},
			"faces": {
				"north": {"uv": [1, 8, 0, 7], "texture": "#9"},
				"east": {"uv": [1, 8, 0, 7], "rotation": 90, "texture": "#9"},
				"south": {"uv": [1, 8, 0, 7], "rotation": 180, "texture": "#9"},
				"west": {"uv": [1, 8, 0, 7], "rotation": 270, "texture": "#9"},
				"up": {"uv": [0, 7, 1, 8], "rotation": 180, "texture": "#9"},
				"down": {"uv": [0, 7, 1, 8], "texture": "#9"}
			}
		},
		{
			"from": [7.86313, 17.87193, 9.91996],
			"to": [7.91125, 19.68193, 10.10871],
			"rotation": {"angle": 22.5, "axis": "x", "origin": [8.37317, 21.08796, 8.66357]},
			"faces": {
				"north": {"uv": [1, 9, 0, 8], "rotation": 180, "texture": "#9"},
				"east": {"uv": [1, 9, 0, 8], "rotation": 180, "texture": "#9"},
				"south": {"uv": [1, 9, 0, 8], "rotation": 180, "texture": "#9"},
				"west": {"uv": [1, 9, 0, 8], "rotation": 180, "texture": "#9"},
				"up": {"uv": [1, 9, 0, 8], "rotation": 180, "texture": "#9"},
				"down": {"uv": [1, 9, 0, 8], "rotation": 180, "texture": "#9"}
			}
		},
		{
			"from": [8.86313, 17.87193, 9.91996],
			"to": [8.91125, 19.68193, 10.10871],
			"rotation": {"angle": 22.5, "axis": "x", "origin": [9.37317, 21.08796, 8.66357]},
			"faces": {
				"north": {"uv": [1, 9, 0, 8], "rotation": 180, "texture": "#9"},
				"east": {"uv": [1, 9, 0, 8], "rotation": 180, "texture": "#9"},
				"south": {"uv": [1, 9, 0, 8], "rotation": 180, "texture": "#9"},
				"west": {"uv": [1, 9, 0, 8], "rotation": 180, "texture": "#9"},
				"up": {"uv": [1, 9, 0, 8], "rotation": 180, "texture": "#9"},
				"down": {"uv": [1, 9, 0, 8], "rotation": 180, "texture": "#9"}
			}
		},
		{
			"from": [7.72125, 13.21131, 7.09496],
			"to": [7.86875, 14.72318, 7.20559],
			"rotation": {"angle": -22.5, "axis": "x", "origin": [8.37317, 17.32233, 7.3042]},
			"faces": {
				"north": {"uv": [1, 6, 0, 5], "texture": "#9"},
				"east": {"uv": [1, 6, 0, 5], "rotation": 90, "texture": "#9"},
				"south": {"uv": [1, 6, 0, 5], "rotation": 180, "texture": "#9"},
				"west": {"uv": [1, 6, 0, 5], "rotation": 270, "texture": "#9"},
				"up": {"uv": [0, 5, 1, 6], "rotation": 180, "texture": "#9"},
				"down": {"uv": [0, 5, 1, 6], "texture": "#9"}
			}
		},
		{
			"from": [7.6475, 12.21568, 7.24246],
			"to": [8.12688, 12.65818, 7.31621],
			"rotation": {"angle": -22.5, "axis": "x", "origin": [8.37317, 17.32233, 7.3042]},
			"faces": {
				"north": {"uv": [7, 7, 6, 6], "texture": "#9"},
				"east": {"uv": [7, 7, 6, 6], "rotation": 90, "texture": "#9"},
				"south": {"uv": [7, 7, 6, 6], "rotation": 180, "texture": "#9"},
				"west": {"uv": [7, 7, 6, 6], "rotation": 270, "texture": "#9"},
				"up": {"uv": [6, 6, 7, 7], "rotation": 180, "texture": "#9"},
				"down": {"uv": [6, 6, 7, 7], "texture": "#9"}
			}
		},
		{
			"from": [7.86875, 12.14193, 7.16871],
			"to": [8.90125, 12.47381, 7.35309],
			"rotation": {"angle": -22.5, "axis": "x", "origin": [8.37317, 17.32233, 7.3042]},
			"faces": {
				"north": {"uv": [1, 5, 0, 4], "texture": "#9"},
				"east": {"uv": [1, 5, 0, 4], "rotation": 90, "texture": "#9"},
				"south": {"uv": [1, 5, 0, 4], "rotation": 180, "texture": "#9"},
				"west": {"uv": [1, 5, 0, 4], "rotation": 270, "texture": "#9"},
				"up": {"uv": [0, 4, 1, 5], "rotation": 180, "texture": "#9"},
				"down": {"uv": [0, 4, 1, 5], "texture": "#9"}
			}
		},
		{
			"from": [8.64313, 12.21568, 7.20559],
			"to": [9.1225, 12.65818, 7.27934],
			"rotation": {"angle": -22.5, "axis": "x", "origin": [8.37317, 17.32233, 7.3042]},
			"faces": {
				"north": {"uv": [5, 8, 4, 7], "texture": "#9"},
				"east": {"uv": [5, 8, 4, 7], "rotation": 90, "texture": "#9"},
				"south": {"uv": [5, 8, 4, 7], "rotation": 180, "texture": "#9"},
				"west": {"uv": [5, 8, 4, 7], "rotation": 270, "texture": "#9"},
				"up": {"uv": [4, 7, 5, 8], "rotation": 180, "texture": "#9"},
				"down": {"uv": [4, 7, 5, 8], "texture": "#9"}
			}
		},
		{
			"from": [8.8275, 12.21568, 7.13184],
			"to": [8.93813, 15.05506, 7.38996],
			"rotation": {"angle": -22.5, "axis": "x", "origin": [8.37317, 17.32233, 7.3042]},
			"faces": {
				"north": {"uv": [1, 8, 0, 7], "texture": "#9"},
				"east": {"uv": [1, 8, 0, 7], "rotation": 90, "texture": "#9"},
				"south": {"uv": [1, 8, 0, 7], "rotation": 180, "texture": "#9"},
				"west": {"uv": [1, 8, 0, 7], "rotation": 270, "texture": "#9"},
				"up": {"uv": [0, 7, 1, 8], "rotation": 180, "texture": "#9"},
				"down": {"uv": [0, 7, 1, 8], "texture": "#9"}
			}
		},
		{
			"from": [8.8275, 12.21568, 7.27934],
			"to": [8.93813, 16.60381, 7.38996],
			"rotation": {"angle": -22.5, "axis": "x", "origin": [8.37317, 17.32233, 7.3042]},
			"faces": {
				"north": {"uv": [1, 8, 0, 7], "texture": "#9"},
				"east": {"uv": [1, 8, 0, 7], "rotation": 90, "texture": "#9"},
				"south": {"uv": [1, 8, 0, 7], "rotation": 180, "texture": "#9"},
				"west": {"uv": [1, 8, 0, 7], "rotation": 270, "texture": "#9"},
				"up": {"uv": [0, 7, 1, 8], "rotation": 180, "texture": "#9"},
				"down": {"uv": [0, 7, 1, 8], "texture": "#9"}
			}
		},
		{
			"from": [8.8275, 13.84068, 8.52934],
			"to": [8.93813, 15.60381, 8.63996],
			"rotation": {"angle": 0, "axis": "x", "origin": [8.37317, 18.94733, 8.5542]},
			"faces": {
				"north": {"uv": [1, 8, 0, 7], "texture": "#9"},
				"east": {"uv": [1, 8, 0, 7], "rotation": 90, "texture": "#9"},
				"south": {"uv": [1, 8, 0, 7], "rotation": 180, "texture": "#9"},
				"west": {"uv": [1, 8, 0, 7], "rotation": 270, "texture": "#9"},
				"up": {"uv": [0, 7, 1, 8], "rotation": 180, "texture": "#9"},
				"down": {"uv": [0, 7, 1, 8], "texture": "#9"}
			}
		},
		{
			"from": [8.8275, 15.13756, 8.59184],
			"to": [8.93813, 16.90068, 8.70246],
			"rotation": {"angle": 0, "axis": "x", "origin": [8.37317, 20.24421, 8.6167]},
			"faces": {
				"north": {"uv": [1, 8, 0, 7], "texture": "#9"},
				"east": {"uv": [1, 8, 0, 7], "rotation": 90, "texture": "#9"},
				"south": {"uv": [1, 8, 0, 7], "rotation": 180, "texture": "#9"},
				"west": {"uv": [1, 8, 0, 7], "rotation": 270, "texture": "#9"},
				"up": {"uv": [0, 7, 1, 8], "rotation": 180, "texture": "#9"},
				"down": {"uv": [0, 7, 1, 8], "texture": "#9"}
			}
		},
		{
			"from": [8.8275, 15.98131, 8.63871],
			"to": [8.93813, 17.74443, 8.74934],
			"rotation": {"angle": 0, "axis": "x", "origin": [8.37317, 21.08796, 8.66357]},
			"faces": {
				"north": {"uv": [1, 8, 0, 7], "texture": "#9"},
				"east": {"uv": [1, 8, 0, 7], "rotation": 90, "texture": "#9"},
				"south": {"uv": [1, 8, 0, 7], "rotation": 180, "texture": "#9"},
				"west": {"uv": [1, 8, 0, 7], "rotation": 270, "texture": "#9"},
				"up": {"uv": [0, 7, 1, 8], "rotation": 180, "texture": "#9"},
				"down": {"uv": [0, 7, 1, 8], "texture": "#9"}
			}
		},
		{
			"from": [8.8275, 17.91881, 9.91996],
			"to": [8.93813, 19.68193, 10.03059],
			"rotation": {"angle": 22.5, "axis": "x", "origin": [8.37317, 21.08796, 8.66357]},
			"faces": {
				"north": {"uv": [1, 8, 0, 7], "texture": "#9"},
				"east": {"uv": [1, 8, 0, 7], "rotation": 90, "texture": "#9"},
				"south": {"uv": [1, 8, 0, 7], "rotation": 180, "texture": "#9"},
				"west": {"uv": [1, 8, 0, 7], "rotation": 270, "texture": "#9"},
				"up": {"uv": [0, 7, 1, 8], "rotation": 180, "texture": "#9"},
				"down": {"uv": [0, 7, 1, 8], "texture": "#9"}
			}
		},
		{
			"from": [7.72125, 15.56063, 3.72231],
			"to": [7.86875, 15.67126, 5.23419],
			"rotation": {"angle": -22.5, "axis": "x", "origin": [8.37317, 17.32233, 7.3042]},
			"faces": {
				"north": {"uv": [1, 6, 0, 5], "texture": "#9"},
				"east": {"uv": [1, 6, 0, 5], "texture": "#9"},
				"south": {"uv": [1, 6, 0, 5], "texture": "#9"},
				"west": {"uv": [1, 6, 0, 5], "texture": "#9"},
				"up": {"uv": [0, 5, 1, 6], "texture": "#9"},
				"down": {"uv": [0, 5, 1, 6], "texture": "#9"}
			}
		},
		{
			"from": [7.6475, 15.45001, 2.72669],
			"to": [8.12688, 15.52376, 3.16919],
			"rotation": {"angle": -22.5, "axis": "x", "origin": [8.37317, 17.32233, 7.3042]},
			"faces": {
				"north": {"uv": [7, 7, 6, 6], "texture": "#9"},
				"east": {"uv": [7, 7, 6, 6], "texture": "#9"},
				"south": {"uv": [7, 7, 6, 6], "texture": "#9"},
				"west": {"uv": [7, 7, 6, 6], "texture": "#9"},
				"up": {"uv": [6, 6, 7, 7], "texture": "#9"},
				"down": {"uv": [6, 6, 7, 7], "texture": "#9"}
			}
		},
		{
			"from": [7.86875, 15.41313, 2.65294],
			"to": [8.90125, 15.59751, 2.98481],
			"rotation": {"angle": -22.5, "axis": "x", "origin": [8.37317, 17.32233, 7.3042]},
			"faces": {
				"north": {"uv": [1, 5, 0, 4], "texture": "#9"},
				"east": {"uv": [1, 5, 0, 4], "texture": "#9"},
				"south": {"uv": [1, 5, 0, 4], "texture": "#9"},
				"west": {"uv": [1, 5, 0, 4], "texture": "#9"},
				"up": {"uv": [0, 4, 1, 5], "texture": "#9"},
				"down": {"uv": [0, 4, 1, 5], "texture": "#9"}
			}
		},
		{
			"from": [8.64313, 15.48688, 2.72669],
			"to": [9.1225, 15.56063, 3.16919],
			"rotation": {"angle": -22.5, "axis": "x", "origin": [8.37317, 17.32233, 7.3042]},
			"faces": {
				"north": {"uv": [5, 8, 4, 7], "texture": "#9"},
				"east": {"uv": [5, 8, 4, 7], "texture": "#9"},
				"south": {"uv": [5, 8, 4, 7], "texture": "#9"},
				"west": {"uv": [5, 8, 4, 7], "texture": "#9"},
				"up": {"uv": [4, 7, 5, 8], "texture": "#9"},
				"down": {"uv": [4, 7, 5, 8], "texture": "#9"}
			}
		},
		{
			"from": [8.8275, 15.37626, 2.72669],
			"to": [8.93813, 15.63438, 5.56606],
			"rotation": {"angle": -22.5, "axis": "x", "origin": [8.37317, 17.32233, 7.3042]},
			"faces": {
				"north": {"uv": [1, 8, 0, 7], "texture": "#9"},
				"east": {"uv": [1, 8, 0, 7], "texture": "#9"},
				"south": {"uv": [1, 8, 0, 7], "texture": "#9"},
				"west": {"uv": [1, 8, 0, 7], "texture": "#9"},
				"up": {"uv": [0, 7, 1, 8], "texture": "#9"},
				"down": {"uv": [0, 7, 1, 8], "texture": "#9"}
			}
		},
		{
			"from": [8.90125, 15.56063, 3.72231],
			"to": [9.04875, 15.67126, 5.23419],
			"rotation": {"angle": -22.5, "axis": "x", "origin": [8.37317, 17.32233, 7.3042]},
			"faces": {
				"north": {"uv": [1, 6, 0, 5], "texture": "#9"},
				"east": {"uv": [1, 6, 0, 5], "texture": "#9"},
				"south": {"uv": [1, 6, 0, 5], "texture": "#9"},
				"west": {"uv": [1, 6, 0, 5], "texture": "#9"},
				"up": {"uv": [0, 5, 1, 6], "texture": "#9"},
				"down": {"uv": [0, 5, 1, 6], "texture": "#9"}
			}
		},
		{
			"from": [7.83188, 15.37626, 2.72669],
			"to": [7.9425, 15.63438, 5.56606],
			"rotation": {"angle": -22.5, "axis": "x", "origin": [8.37317, 17.32233, 7.3042]},
			"faces": {
				"north": {"uv": [1, 8, 0, 7], "texture": "#9"},
				"east": {"uv": [1, 8, 0, 7], "texture": "#9"},
				"south": {"uv": [1, 8, 0, 7], "texture": "#9"},
				"west": {"uv": [1, 8, 0, 7], "texture": "#9"},
				"up": {"uv": [0, 7, 1, 8], "texture": "#9"},
				"down": {"uv": [0, 7, 1, 8], "texture": "#9"}
			}
		},
		{
			"from": [8.08188, 12.75126, 6.85169],
			"to": [8.6925, 12.88438, 7.69106],
			"rotation": {"angle": 0, "axis": "x", "origin": [8.37317, 17.32233, 7.3042]},
			"faces": {
				"north": {"uv": [3, 11, 2, 10], "texture": "#9"},
				"east": {"uv": [3, 11, 2, 10], "texture": "#9"},
				"south": {"uv": [3, 11, 2, 10], "texture": "#9"},
				"west": {"uv": [3, 11, 2, 10], "texture": "#9"},
				"up": {"uv": [3, 11, 2, 10], "texture": "#9"},
				"down": {"uv": [3, 11, 2, 10], "texture": "#9"}
			}
		},
		{
			"from": [8.08188, 13.00126, 6.85169],
			"to": [8.6925, 13.13438, 7.69106],
			"rotation": {"angle": 0, "axis": "x", "origin": [8.37317, 17.32233, 7.3042]},
			"faces": {
				"north": {"uv": [3, 11, 2, 10], "texture": "#9"},
				"east": {"uv": [3, 11, 2, 10], "texture": "#9"},
				"south": {"uv": [3, 11, 2, 10], "texture": "#9"},
				"west": {"uv": [3, 11, 2, 10], "texture": "#9"},
				"up": {"uv": [3, 11, 2, 10], "texture": "#9"},
				"down": {"uv": [3, 11, 2, 10], "texture": "#9"}
			}
		},
		{
			"from": [8.08188, 13.25126, 6.85169],
			"to": [8.6925, 13.63438, 7.69106],
			"rotation": {"angle": 0, "axis": "x", "origin": [8.37317, 17.32233, 7.3042]},
			"faces": {
				"north": {"uv": [3, 11, 2, 10], "texture": "#9"},
				"east": {"uv": [3, 11, 2, 10], "texture": "#9"},
				"south": {"uv": [3, 11, 2, 10], "texture": "#9"},
				"west": {"uv": [3, 11, 2, 10], "texture": "#9"},
				"up": {"uv": [3, 11, 2, 10], "texture": "#9"},
				"down": {"uv": [3, 11, 2, 10], "texture": "#9"}
			}
		},
		{
			"from": [8.08188, 13.75126, 6.85169],
			"to": [8.6925, 13.88438, 7.69106],
			"rotation": {"angle": 0, "axis": "x", "origin": [8.37317, 17.32233, 7.3042]},
			"faces": {
				"north": {"uv": [3, 11, 2, 10], "texture": "#9"},
				"east": {"uv": [3, 11, 2, 10], "texture": "#9"},
				"south": {"uv": [3, 11, 2, 10], "texture": "#9"},
				"west": {"uv": [3, 11, 2, 10], "texture": "#9"},
				"up": {"uv": [3, 11, 2, 10], "texture": "#9"},
				"down": {"uv": [3, 11, 2, 10], "texture": "#9"}
			}
		},
		{
			"from": [8.90125, 13.21131, 7.09496],
			"to": [9.04875, 14.72318, 7.20559],
			"rotation": {"angle": -22.5, "axis": "x", "origin": [8.37317, 17.32233, 7.3042]},
			"faces": {
				"north": {"uv": [1, 6, 0, 5], "texture": "#9"},
				"east": {"uv": [1, 6, 0, 5], "rotation": 90, "texture": "#9"},
				"south": {"uv": [1, 6, 0, 5], "rotation": 180, "texture": "#9"},
				"west": {"uv": [1, 6, 0, 5], "rotation": 270, "texture": "#9"},
				"up": {"uv": [0, 5, 1, 6], "rotation": 180, "texture": "#9"},
				"down": {"uv": [0, 5, 1, 6], "texture": "#9"}
			}
		}
	],
	"gui_light": "front",
	"display": {
		"thirdperson_righthand": {
			"rotation": [14, 0, 0],
			"translation": [-1, -0.5, 2]
		},
		"thirdperson_lefthand": {
			"rotation": [14, 0, 0],
			"translation": [-0.75, -0.5, 2]
		},
		"firstperson_righthand": {
			"translation": [1.75, -0.75, 1.25]
		},
		"firstperson_lefthand": {
			"translation": [1.75, -0.75, 1.25]
		},
		"ground": {
			"rotation": [45, 90, 90],
			"translation": [0, 11, -2.25]
		},
		"gui": {
			"rotation": [90, -45, 90],
			"translation": [-1, 0.25, -3.5],
			"scale": [0.7, 0.7, 0.7]
		},
		"head": {
			"rotation": [90, -124, 90],
			"translation": [1.75, -12.75, 3],
			"scale": [1.5, 1.5, 1.5]
		},
		"fixed": {
			"rotation": [90, -135, 90],
			"translation": [0, 2, -3.5],
			"scale": [0.8, 0.8, 0.8]
		}
	},
	"groups": [
		{
			"name": "group",
			"origin": [8, 8, 8],
			"children": [0, 1, 2, 3, 4, 5, 6, 7, 8,
				{
					"name": "group",
					"origin": [8.40534, -7.02273, 5.8538],
					"children": [9, 10, 11, 12]
				}
			]
		},
		{
			"name": "group",
			"origin": [8, 8, 8],
			"children": [13, 14, 15, 16, 17, 18, 19, 20, 21, 22, 23, 24, 25, 26, 27, 28, 29, 30, 31, 32, 33, 34, 35, 36, 37, 38, 39, 40, 41, 42, 43, 44, 45, 46, 47, 48, 49, 50, 51, 52, 53, 54, 55, 56, 57, 58, 59, 60, 61, 62, 63, 64,
				{
					"name": "group",
					"origin": [8.39671, 22.28846, 6.62411],
					"children": [
						{
							"name": "group",
							"origin": [8.39671, 22.28846, 6.62411],
							"children": [65, 66, 67, 68, 69, 70, 71, 72, 73, 74, 75, 76, 77, 78, 79, 80]
						}
					]
				}
			]
		},
		{
			"name": "group",
			"origin": [8, 8, 8],
			"children": [81, 82, 83, 84, 85, 86, 87, 88, 89, 90, 91, 92, 93, 94, 95, 96, 97, 98, 99, 100, 101, 102, 103, 104, 105, 106, 107, 108, 109, 110, 111, 112, 113, 114, 115, 116, 117, 118, 119, 120, 121, 122, 123, 124, 125, 126, 127, 128, 129, 130, 131, 132, 133, 134, 135, 136, 137, 138, 139, 140, 141, 142, 143, 144, 145, 146, 147,
				{
					"name": "group",
					"origin": [8.39671, 22.28846, 6.62411],
					"children": [
						{
							"name": "group",
							"origin": [8.39671, 22.28846, 6.62411],
							"children": [148, 149, 150, 151, 152, 153, 154, 155, 156, 157, 158, 159, 160, 161, 162, 163, 164, 165, 166, 167, 168, 169, 170, 171, 172, 173, 174, 175, 176, 177, 178, 179, 180, 181, 182, 183]
						}
					]
				}
			]
		}
	]
}