{
	"credit": "Made with Blockbench",
	"parent": "block/block",
	"textures": {
		"0": "block/glass",
		"3": "block/iron_block",
		"particle": "block/glass"
	},
	"elements": [
		{
			"from": [0, 0, 0],
			"to": [16, 16, 16],
			"rotation": {"angle": 45, "axis": "y", "origin": [8, 8, 8]},
			"faces": {
				"north": {"uv": [0.5, 0.5, 15.5, 15.5], "texture": "#0"},
				"east": {"uv": [0.5, 0.5, 15.5, 15.5], "texture": "#0"},
				"south": {"uv": [0.5, 0.5, 15.5, 15.5], "texture": "#0"},
				"west": {"uv": [0.5, 0.5, 15.5, 15.5], "texture": "#0"},
				"up": {"uv": [0.5, 0.5, 15.5, 15.5], "texture": "#0"},
				"down": {"uv": [0.5, 0.5, 15.5, 15.5], "texture": "#0"}
			}
		},
		{
			"from": [0, 0, 0],
			"to": [16, 16, 16],
			"faces": {
				"north": {"uv": [0.5, 0.5, 15.5, 15.5], "texture": "#0"},
				"east": {"uv": [0.5, 0.5, 15.5, 15.5], "texture": "#0"},
				"south": {"uv": [0.5, 0.5, 15.5, 15.5], "texture": "#0"},
				"west": {"uv": [0.5, 0.5, 15.5, 15.5], "texture": "#0"},
				"up": {"uv": [0.5, 0.5, 15.5, 15.5], "texture": "#0"},
				"down": {"uv": [0.5, 0.5, 15.5, 15.5], "texture": "#0"}
			}
		},
		{
			"from": [0, 0, 0],
			"to": [16, 16, 16],
			"rotation": {"angle": 45, "axis": "x", "origin": [8, 8, 8]},
			"faces": {
				"north": {"uv": [0.5, 0.5, 15.5, 15.5], "texture": "#0"},
				"east": {"uv": [0.5, 0.5, 15.5, 15.5], "texture": "#0"},
				"south": {"uv": [0.5, 0.5, 15.5, 15.5], "texture": "#0"},
				"west": {"uv": [0.5, 0.5, 15.5, 15.5], "texture": "#0"},
				"up": {"uv": [0.5, 0.5, 15.5, 15.5], "texture": "#0"},
				"down": {"uv": [0.5, 0.5, 15.5, 15.5], "texture": "#0"}
			}
		},
		{
			"from": [0, 0, 0],
			"to": [16, 16, 16],
			"rotation": {"angle": -45, "axis": "z", "origin": [8, 8, 8]},
			"faces": {
				"north": {"uv": [0.5, 0.5, 15.5, 15.5], "texture": "#0"},
				"east": {"uv": [0.5, 0.5, 15.5, 15.5], "texture": "#0"},
				"south": {"uv": [0.5, 0.5, 15.5, 15.5], "texture": "#0"},
				"west": {"uv": [0.5, 0.5, 15.5, 15.5], "texture": "#0"},
				"up": {"uv": [0.5, 0.5, 15.5, 15.5], "texture": "#0"},
				"down": {"uv": [0.5, 0.5, 15.5, 15.5], "texture": "#0"}
			}
		},
		{
			"from": [2, 2.1, 2],
			"to": [14, 14.1, 14],
			"faces": {
				"north": {"uv": [0, 0, 16, 16], "texture": "#3"},
				"east": {"uv": [0, 0, 16, 16], "texture": "#3"},
				"south": {"uv": [0, 0, 16, 16], "texture": "#3"},
				"west": {"uv": [0, 0, 16, 16], "texture": "#3"},
				"up": {"uv": [0, 0, 16, 16], "texture": "#3"},
				"down": {"uv": [0, 0, 16, 16], "texture": "#3"}
			}
		}
	],
	"display": {
		"gui": {
			"rotation": [30, -30, 0],
			"scale": [0.6, 0.6, 0.6]
		}
	}
}