{
	"credit": "Made with Blockbench",
	"textures": {
		"0": "block/andesite",
		"1": "block/anvil",
		"4": "block/beacon",
		"particle": "block/andesite"
	},
	"elements": [
		{
			"from": [6.1075, 0.86728, 4.25565],
			"to": [6.71194, 1.28265, 4.37927],
			"rotation": {"angle": -22.5, "axis": "y", "origin": [6.40972, 0.2071, 4.31746]},
			"faces": {
				"north": {"uv": [1.5, 3.625, 1.5, 3.625], "texture": "#0"},
				"east": {"uv": [1.5, 3.625, 1.5, 3.625], "texture": "#0"},
				"south": {"uv": [1.5, 3.625, 1.5, 3.625], "texture": "#0"},
				"west": {"uv": [1.5, 3.625, 1.5, 3.625], "texture": "#0"},
				"up": {"uv": [1.5, 3.625, 1.5, 3.625], "texture": "#0"},
				"down": {"uv": [1.5, 3.625, 1.5, 3.625], "texture": "#0"}
			}
		},
		{
			"from": [6.16794, 8.08007, 4.26801],
			"to": [6.6515, 9.13219, 4.36691],
			"rotation": {"angle": -22.5, "axis": "y", "origin": [6.40972, 0.77968, 4.31746]},
			"faces": {
				"north": {"uv": [6.75, 1, 6.75, 1], "texture": "#1"},
				"east": {"uv": [6.75, 1, 6.75, 1], "texture": "#1"},
				"south": {"uv": [6.75, 1, 6.75, 1], "texture": "#1"},
				"west": {"uv": [6.75, 1, 6.75, 1], "texture": "#1"},
				"up": {"uv": [6.75, 1, 6.75, 1], "texture": "#1"},
				"down": {"uv": [6.75, 1, 6.75, 1], "texture": "#1"}
			}
		},
		{
			"from": [6.20663, 7.40233, 4.27592],
			"to": [6.61281, 8.28611, 4.359],
			"rotation": {"angle": -22.5, "axis": "y", "origin": [6.40972, 1.27001, 4.31746]},
			"faces": {
				"north": {"uv": [6.75, 1, 6.75, 1], "texture": "#1"},
				"east": {"uv": [6.75, 1, 6.75, 1], "texture": "#1"},
				"south": {"uv": [6.75, 1, 6.75, 1], "texture": "#1"},
				"west": {"uv": [6.75, 1, 6.75, 1], "texture": "#1"},
				"up": {"uv": [6.75, 1, 6.75, 1], "texture": "#1"},
				"down": {"uv": [6.75, 1, 6.75, 1], "texture": "#1"}
			}
		},
		{
			"from": [6.23506, 0.96896, 4.28174],
			"to": [6.58438, 8.2433, 4.35318],
			"rotation": {"angle": -22.5, "axis": "y", "origin": [6.40972, 1.70151, 4.31746]},
			"faces": {
				"north": {"uv": [6.75, 1, 6.75, 1], "texture": "#1"},
				"east": {"uv": [6.75, 1, 6.75, 1], "texture": "#1"},
				"south": {"uv": [6.75, 1, 6.75, 1], "texture": "#1"},
				"west": {"uv": [6.75, 1, 6.75, 1], "texture": "#1"},
				"up": {"uv": [6.75, 1, 6.75, 1], "texture": "#1"},
				"down": {"uv": [6.75, 1, 6.75, 1], "texture": "#1"}
			}
		},
		{
			"from": [6.16794, 9.47689, 4.26801],
			"to": [6.6515, 10.52901, 4.36691],
			"rotation": {"angle": -22.5, "axis": "y", "origin": [6.40972, 10.55746, 4.31746]},
			"faces": {
				"north": {"uv": [1.125, 1, 14.875, 14.875], "texture": "#4"},
				"east": {"uv": [1.125, 1, 14.875, 14.875], "texture": "#4"},
				"south": {"uv": [1.125, 1, 14.875, 14.875], "texture": "#4"},
				"west": {"uv": [1.125, 1, 14.875, 14.875], "texture": "#4"},
				"up": {"uv": [2.5, 4.5, 2.5, 4.5], "texture": "#4"},
				"down": {"uv": [1.75, 4.75, 1.75, 4.75], "texture": "#4"}
			}
		},
		{
			"from": [6.16794, 0.79546, 4.26801],
			"to": [6.6515, 1.38616, 4.36691],
			"rotation": {"angle": -22.5, "axis": "y", "origin": [6.40972, 1.41461, 4.31746]},
			"faces": {
				"north": {"uv": [1.5, 3.625, 1.5, 3.625], "texture": "#0"},
				"east": {"uv": [1.5, 3.625, 1.5, 3.625], "texture": "#0"},
				"south": {"uv": [1.5, 3.625, 1.5, 3.625], "texture": "#0"},
				"west": {"uv": [1.5, 3.625, 1.5, 3.625], "texture": "#0"},
				"up": {"uv": [1.5, 3.625, 1.5, 3.625], "texture": "#0"},
				"down": {"uv": [1.5, 3.625, 1.5, 3.625], "texture": "#0"}
			}
		},
		{
			"from": [5.93023, 8.46445, 4.21939],
			"to": [6.88921, 8.60563, 4.41553],
			"rotation": {"angle": -22.5, "axis": "y", "origin": [6.40972, 9.90761, 4.31746]},
			"faces": {
				"north": {"uv": [1, 3.625, 1, 3.625], "texture": "#0"},
				"east": {"uv": [1, 3.625, 1, 3.625], "texture": "#0"},
				"south": {"uv": [1, 3.625, 1, 3.625], "texture": "#0"},
				"west": {"uv": [1, 3.625, 1, 3.625], "texture": "#0"},
				"up": {"uv": [1, 3.625, 1, 3.625], "texture": "#0"},
				"down": {"uv": [1, 3.625, 1, 3.625], "texture": "#0"}
			}
		},
		{
			"from": [6.00695, 8.0025, 4.23509],
			"to": [6.81249, 8.13647, 4.39983],
			"rotation": {"angle": -22.5, "axis": "y", "origin": [6.40972, 9.21476, 4.31746]},
			"faces": {
				"north": {"uv": [1, 3.625, 1, 3.625], "texture": "#0"},
				"east": {"uv": [1, 3.625, 1, 3.625], "texture": "#0"},
				"south": {"uv": [1, 3.625, 1, 3.625], "texture": "#0"},
				"west": {"uv": [1, 3.625, 1, 3.625], "texture": "#0"},
				"up": {"uv": [1, 3.625, 1, 3.625], "texture": "#0"},
				"down": {"uv": [1, 3.625, 1, 3.625], "texture": "#0"}
			}
		},
		{
			"from": [6.90047, 9.20396, 4.18409],
			"to": [7.06182, 9.26898, 4.45083],
			"rotation": {"angle": -22.5, "axis": "y", "origin": [6.40972, 11.16665, 4.31746]},
			"faces": {
				"north": {"uv": [1.25, 2.5, 1.25, 2.5], "texture": "#0"},
				"east": {"uv": [1.25, 2.5, 1.25, 2.5], "texture": "#0"},
				"south": {"uv": [1.25, 2.5, 1.25, 2.5], "texture": "#0"},
				"west": {"uv": [1.25, 2.5, 1.25, 2.5], "texture": "#0"},
				"up": {"uv": [1.25, 2.5, 1.25, 2.5], "texture": "#0"},
				"down": {"uv": [1.25, 2.5, 1.25, 2.5], "texture": "#0"}
			}
		},
		{
			"from": [6.90047, 9.38084, 4.18409],
			"to": [7.06182, 9.44586, 4.45083],
			"rotation": {"angle": -22.5, "axis": "y", "origin": [6.40972, 11.34353, 4.31746]},
			"faces": {
				"north": {"uv": [1.25, 2.5, 1.25, 2.5], "texture": "#0"},
				"east": {"uv": [1.25, 2.5, 1.25, 2.5], "texture": "#0"},
				"south": {"uv": [1.25, 2.5, 1.25, 2.5], "texture": "#0"},
				"west": {"uv": [1.25, 2.5, 1.25, 2.5], "texture": "#0"},
				"up": {"uv": [1.25, 2.5, 1.25, 2.5], "texture": "#0"},
				"down": {"uv": [1.25, 2.5, 1.25, 2.5], "texture": "#0"}
			}
		},
		{
			"from": [5.75761, 9.20396, 4.18409],
			"to": [5.91897, 9.26898, 4.45083],
			"rotation": {"angle": -22.5, "axis": "y", "origin": [6.40972, 11.16665, 4.31746]},
			"faces": {
				"north": {"uv": [1.25, 2.5, 1.25, 2.5], "texture": "#0"},
				"east": {"uv": [1.25, 2.5, 1.25, 2.5], "texture": "#0"},
				"south": {"uv": [1.25, 2.5, 1.25, 2.5], "texture": "#0"},
				"west": {"uv": [1.25, 2.5, 1.25, 2.5], "texture": "#0"},
				"up": {"uv": [1.25, 2.5, 1.25, 2.5], "texture": "#0"},
				"down": {"uv": [1.25, 2.5, 1.25, 2.5], "texture": "#0"}
			}
		},
		{
			"from": [5.75761, 9.38084, 4.18409],
			"to": [5.91897, 9.44586, 4.45083],
			"rotation": {"angle": -22.5, "axis": "y", "origin": [6.40972, 11.34353, 4.31746]},
			"faces": {
				"north": {"uv": [1.25, 2.5, 1.25, 2.5], "texture": "#0"},
				"east": {"uv": [1.25, 2.5, 1.25, 2.5], "texture": "#0"},
				"south": {"uv": [1.25, 2.5, 1.25, 2.5], "texture": "#0"},
				"west": {"uv": [1.25, 2.5, 1.25, 2.5], "texture": "#0"},
				"up": {"uv": [1.25, 2.5, 1.25, 2.5], "texture": "#0"},
				"down": {"uv": [1.25, 2.5, 1.25, 2.5], "texture": "#0"}
			}
		},
		{
			"from": [6.07607, 8.21282, 4.24922],
			"to": [6.74337, 9.05702, 4.3857],
			"rotation": {"angle": -22.5, "axis": "y", "origin": [6.40972, 5.42898, 4.31746]},
			"faces": {
				"north": {"uv": [1.5, 3.625, 1.5, 3.625], "texture": "#0"},
				"east": {"uv": [1.5, 3.625, 1.5, 3.625], "texture": "#0"},
				"south": {"uv": [1.5, 3.625, 1.5, 3.625], "texture": "#0"},
				"west": {"uv": [1.5, 3.625, 1.5, 3.625], "texture": "#0"},
				"up": {"uv": [1.5, 3.625, 1.5, 3.625], "texture": "#0"},
				"down": {"uv": [1.5, 3.625, 1.5, 3.625], "texture": "#0"}
			}
		},
		{
			"from": [6.07607, 9.60964, 4.24922],
			"to": [6.74337, 10.45385, 4.3857],
			"rotation": {"angle": -22.5, "axis": "y", "origin": [6.40972, 6.82581, 4.31746]},
			"faces": {
				"north": {"uv": [1.125, 1, 14.875, 14.875], "texture": "#4"},
				"east": {"uv": [1.125, 1, 14.875, 14.875], "texture": "#4"},
				"south": {"uv": [1.125, 1, 14.875, 14.875], "texture": "#4"},
				"west": {"uv": [1.125, 1, 14.875, 14.875], "texture": "#4"},
				"up": {"uv": [1.5, 1.75, 1.5, 1.75], "texture": "#4"},
				"down": {"uv": [1.75, 1.75, 1.75, 1.75], "texture": "#4"}
			}
		},
		{
			"from": [6.34792, 0.86728, 4.01524],
			"to": [6.47153, 1.28265, 4.61968],
			"rotation": {"angle": 45, "axis": "y", "origin": [6.40972, 0.2071, 4.31746]},
			"faces": {
				"north": {"uv": [1.5, 3.625, 1.5, 3.625], "texture": "#0"},
				"east": {"uv": [1.5, 3.625, 1.5, 3.625], "texture": "#0"},
				"south": {"uv": [1.5, 3.625, 1.5, 3.625], "texture": "#0"},
				"west": {"uv": [1.5, 3.625, 1.5, 3.625], "texture": "#0"},
				"up": {"uv": [1.5, 3.625, 1.5, 3.625], "texture": "#0"},
				"down": {"uv": [1.5, 3.625, 1.5, 3.625], "texture": "#0"}
			}
		},
		{
			"from": [6.36028, 8.08007, 4.07568],
			"to": [6.45917, 9.13219, 4.55924],
			"rotation": {"angle": 45, "axis": "y", "origin": [6.40972, 0.77968, 4.31746]},
			"faces": {
				"north": {"uv": [6.75, 1, 6.75, 1], "texture": "#1"},
				"east": {"uv": [6.75, 1, 6.75, 1], "texture": "#1"},
				"south": {"uv": [6.75, 1, 6.75, 1], "texture": "#1"},
				"west": {"uv": [6.75, 1, 6.75, 1], "texture": "#1"},
				"up": {"uv": [6.75, 1, 6.75, 1], "texture": "#1"},
				"down": {"uv": [6.75, 1, 6.75, 1], "texture": "#1"}
			}
		},
		{
			"from": [6.36819, 7.40233, 4.11437],
			"to": [6.45126, 8.28611, 4.52055],
			"rotation": {"angle": 45, "axis": "y", "origin": [6.40972, 1.27001, 4.31746]},
			"faces": {
				"north": {"uv": [6.75, 1, 6.75, 1], "texture": "#1"},
				"east": {"uv": [6.75, 1, 6.75, 1], "texture": "#1"},
				"south": {"uv": [6.75, 1, 6.75, 1], "texture": "#1"},
				"west": {"uv": [6.75, 1, 6.75, 1], "texture": "#1"},
				"up": {"uv": [6.75, 1, 6.75, 1], "texture": "#1"},
				"down": {"uv": [6.75, 1, 6.75, 1], "texture": "#1"}
			}
		},
		{
			"from": [6.37401, 0.96896, 4.1428],
			"to": [6.44544, 8.2433, 4.49212],
			"rotation": {"angle": 45, "axis": "y", "origin": [6.40972, 1.70151, 4.31746]},
			"faces": {
				"north": {"uv": [6.75, 1, 6.75, 1], "texture": "#1"},
				"east": {"uv": [6.75, 1, 6.75, 1], "texture": "#1"},
				"south": {"uv": [6.75, 1, 6.75, 1], "texture": "#1"},
				"west": {"uv": [6.75, 1, 6.75, 1], "texture": "#1"},
				"up": {"uv": [6.75, 1, 6.75, 1], "texture": "#1"},
				"down": {"uv": [6.75, 1, 6.75, 1], "texture": "#1"}
			}
		},
		{
			"from": [6.36028, 9.47689, 4.07568],
			"to": [6.45917, 10.52901, 4.55924],
			"rotation": {"angle": 45, "axis": "y", "origin": [6.40972, 10.55746, 4.31746]},
			"faces": {
				"north": {"uv": [1.125, 1, 14.875, 14.875], "texture": "#4"},
				"east": {"uv": [1.125, 1, 14.875, 14.875], "texture": "#4"},
				"south": {"uv": [1.125, 1, 14.875, 14.875], "texture": "#4"},
				"west": {"uv": [1.125, 1, 14.875, 14.875], "texture": "#4"},
				"up": {"uv": [2.5, 4.5, 2.5, 4.5], "texture": "#4"},
				"down": {"uv": [1.75, 4.75, 1.75, 4.75], "texture": "#4"}
			}
		},
		{
			"from": [6.36028, 0.79546, 4.07568],
			"to": [6.45917, 1.38616, 4.55924],
			"rotation": {"angle": 45, "axis": "y", "origin": [6.40972, 1.41461, 4.31746]},
			"faces": {
				"north": {"uv": [1.5, 3.625, 1.5, 3.625], "texture": "#0"},
				"east": {"uv": [1.5, 3.625, 1.5, 3.625], "texture": "#0"},
				"south": {"uv": [1.5, 3.625, 1.5, 3.625], "texture": "#0"},
				"west": {"uv": [1.5, 3.625, 1.5, 3.625], "texture": "#0"},
				"up": {"uv": [1.5, 3.625, 1.5, 3.625], "texture": "#0"},
				"down": {"uv": [1.5, 3.625, 1.5, 3.625], "texture": "#0"}
			}
		},
		{
			"from": [6.31167, 8.46445, 3.83797],
			"to": [6.50778, 8.60563, 4.79695],
			"rotation": {"angle": 45, "axis": "y", "origin": [6.40972, 9.90761, 4.31746]},
			"faces": {
				"north": {"uv": [1, 3.625, 1, 3.625], "texture": "#0"},
				"east": {"uv": [1, 3.625, 1, 3.625], "texture": "#0"},
				"south": {"uv": [1, 3.625, 1, 3.625], "texture": "#0"},
				"west": {"uv": [1, 3.625, 1, 3.625], "texture": "#0"},
				"up": {"uv": [1, 3.625, 1, 3.625], "texture": "#0"},
				"down": {"uv": [1, 3.625, 1, 3.625], "texture": "#0"}
			}
		},
		{
			"from": [6.32736, 8.0025, 3.91469],
			"to": [6.49209, 8.13647, 4.72023],
			"rotation": {"angle": 45, "axis": "y", "origin": [6.40972, 9.21476, 4.31746]},
			"faces": {
				"north": {"uv": [1, 3.625, 1, 3.625], "texture": "#0"},
				"east": {"uv": [1, 3.625, 1, 3.625], "texture": "#0"},
				"south": {"uv": [1, 3.625, 1, 3.625], "texture": "#0"},
				"west": {"uv": [1, 3.625, 1, 3.625], "texture": "#0"},
				"up": {"uv": [1, 3.625, 1, 3.625], "texture": "#0"},
				"down": {"uv": [1, 3.625, 1, 3.625], "texture": "#0"}
			}
		},
		{
			"from": [6.27637, 9.20396, 3.66535],
			"to": [6.54309, 9.26898, 3.82671],
			"rotation": {"angle": 45, "axis": "y", "origin": [6.40972, 11.16665, 4.31746]},
			"faces": {
				"north": {"uv": [1.25, 2.5, 1.25, 2.5], "texture": "#0"},
				"east": {"uv": [1.25, 2.5, 1.25, 2.5], "texture": "#0"},
				"south": {"uv": [1.25, 2.5, 1.25, 2.5], "texture": "#0"},
				"west": {"uv": [1.25, 2.5, 1.25, 2.5], "texture": "#0"},
				"up": {"uv": [1.25, 2.5, 1.25, 2.5], "texture": "#0"},
				"down": {"uv": [1.25, 2.5, 1.25, 2.5], "texture": "#0"}
			}
		},
		{
			"from": [6.27637, 9.38084, 3.66535],
			"to": [6.54309, 9.44586, 3.82671],
			"rotation": {"angle": 45, "axis": "y", "origin": [6.40972, 11.34353, 4.31746]},
			"faces": {
				"north": {"uv": [1.25, 2.5, 1.25, 2.5], "texture": "#0"},
				"east": {"uv": [1.25, 2.5, 1.25, 2.5], "texture": "#0"},
				"south": {"uv": [1.25, 2.5, 1.25, 2.5], "texture": "#0"},
				"west": {"uv": [1.25, 2.5, 1.25, 2.5], "texture": "#0"},
				"up": {"uv": [1.25, 2.5, 1.25, 2.5], "texture": "#0"},
				"down": {"uv": [1.25, 2.5, 1.25, 2.5], "texture": "#0"}
			}
		},
		{
			"from": [6.27637, 9.20396, 4.80821],
			"to": [6.54309, 9.26898, 4.96957],
			"rotation": {"angle": 45, "axis": "y", "origin": [6.40972, 11.16665, 4.31746]},
			"faces": {
				"north": {"uv": [1.25, 2.5, 1.25, 2.5], "texture": "#0"},
				"east": {"uv": [1.25, 2.5, 1.25, 2.5], "texture": "#0"},
				"south": {"uv": [1.25, 2.5, 1.25, 2.5], "texture": "#0"},
				"west": {"uv": [1.25, 2.5, 1.25, 2.5], "texture": "#0"},
				"up": {"uv": [1.25, 2.5, 1.25, 2.5], "texture": "#0"},
				"down": {"uv": [1.25, 2.5, 1.25, 2.5], "texture": "#0"}
			}
		},
		{
			"from": [6.27637, 9.38084, 4.80821],
			"to": [6.54309, 9.44586, 4.96957],
			"rotation": {"angle": 45, "axis": "y", "origin": [6.40972, 11.34353, 4.31746]},
			"faces": {
				"north": {"uv": [1.25, 2.5, 1.25, 2.5], "texture": "#0"},
				"east": {"uv": [1.25, 2.5, 1.25, 2.5], "texture": "#0"},
				"south": {"uv": [1.25, 2.5, 1.25, 2.5], "texture": "#0"},
				"west": {"uv": [1.25, 2.5, 1.25, 2.5], "texture": "#0"},
				"up": {"uv": [1.25, 2.5, 1.25, 2.5], "texture": "#0"},
				"down": {"uv": [1.25, 2.5, 1.25, 2.5], "texture": "#0"}
			}
		},
		{
			"from": [6.34149, 8.21282, 3.98381],
			"to": [6.47796, 9.05702, 4.65111],
			"rotation": {"angle": 45, "axis": "y", "origin": [6.40972, 5.42898, 4.31746]},
			"faces": {
				"north": {"uv": [1.5, 3.625, 1.5, 3.625], "texture": "#0"},
				"east": {"uv": [1.5, 3.625, 1.5, 3.625], "texture": "#0"},
				"south": {"uv": [1.5, 3.625, 1.5, 3.625], "texture": "#0"},
				"west": {"uv": [1.5, 3.625, 1.5, 3.625], "texture": "#0"},
				"up": {"uv": [1.5, 3.625, 1.5, 3.625], "texture": "#0"},
				"down": {"uv": [1.5, 3.625, 1.5, 3.625], "texture": "#0"}
			}
		},
		{
			"from": [6.34149, 9.60964, 3.98381],
			"to": [6.47796, 10.45385, 4.65111],
			"rotation": {"angle": 45, "axis": "y", "origin": [6.40972, 6.82581, 4.31746]},
			"faces": {
				"north": {"uv": [1.125, 1, 14.875, 14.875], "texture": "#4"},
				"east": {"uv": [1.125, 1, 14.875, 14.875], "texture": "#4"},
				"south": {"uv": [1.125, 1, 14.875, 14.875], "texture": "#4"},
				"west": {"uv": [1.125, 1, 14.875, 14.875], "texture": "#4"},
				"up": {"uv": [1.5, 1.75, 1.5, 1.75], "texture": "#4"},
				"down": {"uv": [1.75, 1.75, 1.75, 1.75], "texture": "#4"}
			}
		},
		{
			"from": [6.1075, 0.86728, 4.25565],
			"to": [6.71194, 1.28265, 4.37927],
			"rotation": {"angle": 22.5, "axis": "y", "origin": [6.40972, 0.2071, 4.31746]},
			"faces": {
				"north": {"uv": [1.5, 3.625, 1.5, 3.625], "texture": "#0"},
				"east": {"uv": [1.5, 3.625, 1.5, 3.625], "texture": "#0"},
				"south": {"uv": [1.5, 3.625, 1.5, 3.625], "texture": "#0"},
				"west": {"uv": [1.5, 3.625, 1.5, 3.625], "texture": "#0"},
				"up": {"uv": [1.5, 3.625, 1.5, 3.625], "texture": "#0"},
				"down": {"uv": [1.5, 3.625, 1.5, 3.625], "texture": "#0"}
			}
		},
		{
			"from": [6.16794, 8.08007, 4.26801],
			"to": [6.6515, 9.13219, 4.36691],
			"rotation": {"angle": 22.5, "axis": "y", "origin": [6.40972, 0.77968, 4.31746]},
			"faces": {
				"north": {"uv": [6.75, 1, 6.75, 1], "texture": "#1"},
				"east": {"uv": [6.75, 1, 6.75, 1], "texture": "#1"},
				"south": {"uv": [6.75, 1, 6.75, 1], "texture": "#1"},
				"west": {"uv": [6.75, 1, 6.75, 1], "texture": "#1"},
				"up": {"uv": [6.75, 1, 6.75, 1], "texture": "#1"},
				"down": {"uv": [6.75, 1, 6.75, 1], "texture": "#1"}
			}
		},
		{
			"from": [6.20663, 7.40233, 4.27592],
			"to": [6.61281, 8.28611, 4.359],
			"rotation": {"angle": 22.5, "axis": "y", "origin": [6.40972, 1.27001, 4.31746]},
			"faces": {
				"north": {"uv": [6.75, 1, 6.75, 1], "texture": "#1"},
				"east": {"uv": [6.75, 1, 6.75, 1], "texture": "#1"},
				"south": {"uv": [6.75, 1, 6.75, 1], "texture": "#1"},
				"west": {"uv": [6.75, 1, 6.75, 1], "texture": "#1"},
				"up": {"uv": [6.75, 1, 6.75, 1], "texture": "#1"},
				"down": {"uv": [6.75, 1, 6.75, 1], "texture": "#1"}
			}
		},
		{
			"from": [6.23506, 0.96896, 4.28174],
			"to": [6.58438, 8.2433, 4.35318],
			"rotation": {"angle": 22.5, "axis": "y", "origin": [6.40972, 1.70151, 4.31746]},
			"faces": {
				"north": {"uv": [6.75, 1, 6.75, 1], "texture": "#1"},
				"east": {"uv": [6.75, 1, 6.75, 1], "texture": "#1"},
				"south": {"uv": [6.75, 1, 6.75, 1], "texture": "#1"},
				"west": {"uv": [6.75, 1, 6.75, 1], "texture": "#1"},
				"up": {"uv": [6.75, 1, 6.75, 1], "texture": "#1"},
				"down": {"uv": [6.75, 1, 6.75, 1], "texture": "#1"}
			}
		},
		{
			"from": [6.16794, 9.47689, 4.26801],
			"to": [6.6515, 10.52901, 4.36691],
			"rotation": {"angle": 22.5, "axis": "y", "origin": [6.40972, 10.55746, 4.31746]},
			"faces": {
				"north": {"uv": [1.125, 1, 14.875, 14.875], "texture": "#4"},
				"east": {"uv": [1.125, 1, 14.875, 14.875], "texture": "#4"},
				"south": {"uv": [1.125, 1, 14.875, 14.875], "texture": "#4"},
				"west": {"uv": [1.125, 1, 14.875, 14.875], "texture": "#4"},
				"up": {"uv": [2.5, 4.5, 2.5, 4.5], "texture": "#4"},
				"down": {"uv": [1.75, 4.75, 1.75, 4.75], "texture": "#4"}
			}
		},
		{
			"from": [6.16794, 0.79546, 4.26801],
			"to": [6.6515, 1.38616, 4.36691],
			"rotation": {"angle": 22.5, "axis": "y", "origin": [6.40972, 1.41461, 4.31746]},
			"faces": {
				"north": {"uv": [1.5, 3.625, 1.5, 3.625], "texture": "#0"},
				"east": {"uv": [1.5, 3.625, 1.5, 3.625], "texture": "#0"},
				"south": {"uv": [1.5, 3.625, 1.5, 3.625], "texture": "#0"},
				"west": {"uv": [1.5, 3.625, 1.5, 3.625], "texture": "#0"},
				"up": {"uv": [1.5, 3.625, 1.5, 3.625], "texture": "#0"},
				"down": {"uv": [1.5, 3.625, 1.5, 3.625], "texture": "#0"}
			}
		},
		{
			"from": [5.93023, 8.46445, 4.21939],
			"to": [6.88921, 8.60563, 4.41553],
			"rotation": {"angle": 22.5, "axis": "y", "origin": [6.40972, 9.90761, 4.31746]},
			"faces": {
				"north": {"uv": [1, 3.625, 1, 3.625], "texture": "#0"},
				"east": {"uv": [1, 3.625, 1, 3.625], "texture": "#0"},
				"south": {"uv": [1, 3.625, 1, 3.625], "texture": "#0"},
				"west": {"uv": [1, 3.625, 1, 3.625], "texture": "#0"},
				"up": {"uv": [1, 3.625, 1, 3.625], "texture": "#0"},
				"down": {"uv": [1, 3.625, 1, 3.625], "texture": "#0"}
			}
		},
		{
			"from": [6.00695, 8.0025, 4.23509],
			"to": [6.81249, 8.13647, 4.39983],
			"rotation": {"angle": 22.5, "axis": "y", "origin": [6.40972, 9.21476, 4.31746]},
			"faces": {
				"north": {"uv": [1, 3.625, 1, 3.625], "texture": "#0"},
				"east": {"uv": [1, 3.625, 1, 3.625], "texture": "#0"},
				"south": {"uv": [1, 3.625, 1, 3.625], "texture": "#0"},
				"west": {"uv": [1, 3.625, 1, 3.625], "texture": "#0"},
				"up": {"uv": [1, 3.625, 1, 3.625], "texture": "#0"},
				"down": {"uv": [1, 3.625, 1, 3.625], "texture": "#0"}
			}
		},
		{
			"from": [5.75761, 9.20396, 4.18409],
			"to": [5.91897, 9.26898, 4.45083],
			"rotation": {"angle": 22.5, "axis": "y", "origin": [6.40972, 11.16665, 4.31746]},
			"faces": {
				"north": {"uv": [1.25, 2.5, 1.25, 2.5], "texture": "#0"},
				"east": {"uv": [1.25, 2.5, 1.25, 2.5], "texture": "#0"},
				"south": {"uv": [1.25, 2.5, 1.25, 2.5], "texture": "#0"},
				"west": {"uv": [1.25, 2.5, 1.25, 2.5], "texture": "#0"},
				"up": {"uv": [1.25, 2.5, 1.25, 2.5], "texture": "#0"},
				"down": {"uv": [1.25, 2.5, 1.25, 2.5], "texture": "#0"}
			}
		},
		{
			"from": [5.75761, 9.38084, 4.18409],
			"to": [5.91897, 9.44586, 4.45083],
			"rotation": {"angle": 22.5, "axis": "y", "origin": [6.40972, 11.34353, 4.31746]},
			"faces": {
				"north": {"uv": [1.25, 2.5, 1.25, 2.5], "texture": "#0"},
				"east": {"uv": [1.25, 2.5, 1.25, 2.5], "texture": "#0"},
				"south": {"uv": [1.25, 2.5, 1.25, 2.5], "texture": "#0"},
				"west": {"uv": [1.25, 2.5, 1.25, 2.5], "texture": "#0"},
				"up": {"uv": [1.25, 2.5, 1.25, 2.5], "texture": "#0"},
				"down": {"uv": [1.25, 2.5, 1.25, 2.5], "texture": "#0"}
			}
		},
		{
			"from": [6.90047, 9.20396, 4.18409],
			"to": [7.06182, 9.26898, 4.45083],
			"rotation": {"angle": 22.5, "axis": "y", "origin": [6.40972, 11.16665, 4.31746]},
			"faces": {
				"north": {"uv": [1.25, 2.5, 1.25, 2.5], "texture": "#0"},
				"east": {"uv": [1.25, 2.5, 1.25, 2.5], "texture": "#0"},
				"south": {"uv": [1.25, 2.5, 1.25, 2.5], "texture": "#0"},
				"west": {"uv": [1.25, 2.5, 1.25, 2.5], "texture": "#0"},
				"up": {"uv": [1.25, 2.5, 1.25, 2.5], "texture": "#0"},
				"down": {"uv": [1.25, 2.5, 1.25, 2.5], "texture": "#0"}
			}
		},
		{
			"from": [6.90047, 9.38084, 4.18409],
			"to": [7.06182, 9.44586, 4.45083],
			"rotation": {"angle": 22.5, "axis": "y", "origin": [6.40972, 11.34353, 4.31746]},
			"faces": {
				"north": {"uv": [1.25, 2.5, 1.25, 2.5], "texture": "#0"},
				"east": {"uv": [1.25, 2.5, 1.25, 2.5], "texture": "#0"},
				"south": {"uv": [1.25, 2.5, 1.25, 2.5], "texture": "#0"},
				"west": {"uv": [1.25, 2.5, 1.25, 2.5], "texture": "#0"},
				"up": {"uv": [1.25, 2.5, 1.25, 2.5], "texture": "#0"},
				"down": {"uv": [1.25, 2.5, 1.25, 2.5], "texture": "#0"}
			}
		},
		{
			"from": [6.07607, 8.21282, 4.24922],
			"to": [6.74337, 9.05702, 4.3857],
			"rotation": {"angle": 22.5, "axis": "y", "origin": [6.40972, 5.42898, 4.31746]},
			"faces": {
				"north": {"uv": [1.5, 3.625, 1.5, 3.625], "texture": "#0"},
				"east": {"uv": [1.5, 3.625, 1.5, 3.625], "texture": "#0"},
				"south": {"uv": [1.5, 3.625, 1.5, 3.625], "texture": "#0"},
				"west": {"uv": [1.5, 3.625, 1.5, 3.625], "texture": "#0"},
				"up": {"uv": [1.5, 3.625, 1.5, 3.625], "texture": "#0"},
				"down": {"uv": [1.5, 3.625, 1.5, 3.625], "texture": "#0"}
			}
		},
		{
			"from": [6.07607, 9.60964, 4.24922],
			"to": [6.74337, 10.45385, 4.3857],
			"rotation": {"angle": 22.5, "axis": "y", "origin": [6.40972, 6.82581, 4.31746]},
			"faces": {
				"north": {"uv": [1.125, 1, 14.875, 14.875], "texture": "#4"},
				"east": {"uv": [1.125, 1, 14.875, 14.875], "texture": "#4"},
				"south": {"uv": [1.125, 1, 14.875, 14.875], "texture": "#4"},
				"west": {"uv": [1.125, 1, 14.875, 14.875], "texture": "#4"},
				"up": {"uv": [1.5, 1.75, 1.5, 1.75], "texture": "#4"},
				"down": {"uv": [1.75, 1.75, 1.75, 1.75], "texture": "#4"}
			}
		},
		{
			"from": [6.1075, 0.86728, 4.25565],
			"to": [6.71194, 1.28265, 4.37927],
			"rotation": {"angle": 0, "axis": "y", "origin": [6.40972, 0.2071, 4.31746]},
			"faces": {
				"north": {"uv": [1.5, 3.625, 1.5, 3.625], "texture": "#0"},
				"east": {"uv": [1.5, 3.625, 1.5, 3.625], "texture": "#0"},
				"south": {"uv": [1.5, 3.625, 1.5, 3.625], "texture": "#0"},
				"west": {"uv": [1.5, 3.625, 1.5, 3.625], "texture": "#0"},
				"up": {"uv": [1.5, 3.625, 1.5, 3.625], "texture": "#0"},
				"down": {"uv": [1.5, 3.625, 1.5, 3.625], "texture": "#0"}
			}
		},
		{
			"from": [6.16794, 8.08007, 4.26801],
			"to": [6.6515, 9.13219, 4.36691],
			"rotation": {"angle": 0, "axis": "y", "origin": [6.40972, 0.77968, 4.31746]},
			"faces": {
				"north": {"uv": [6.75, 1, 6.75, 1], "texture": "#1"},
				"east": {"uv": [6.75, 1, 6.75, 1], "texture": "#1"},
				"south": {"uv": [6.75, 1, 6.75, 1], "texture": "#1"},
				"west": {"uv": [6.75, 1, 6.75, 1], "texture": "#1"},
				"up": {"uv": [6.75, 1, 6.75, 1], "texture": "#1"},
				"down": {"uv": [6.75, 1, 6.75, 1], "texture": "#1"}
			}
		},
		{
			"from": [6.20663, 7.40233, 4.27592],
			"to": [6.61281, 8.28611, 4.359],
			"rotation": {"angle": 0, "axis": "y", "origin": [6.40972, 1.27001, 4.31746]},
			"faces": {
				"north": {"uv": [6.75, 1, 6.75, 1], "texture": "#1"},
				"east": {"uv": [6.75, 1, 6.75, 1], "texture": "#1"},
				"south": {"uv": [6.75, 1, 6.75, 1], "texture": "#1"},
				"west": {"uv": [6.75, 1, 6.75, 1], "texture": "#1"},
				"up": {"uv": [6.75, 1, 6.75, 1], "texture": "#1"},
				"down": {"uv": [6.75, 1, 6.75, 1], "texture": "#1"}
			}
		},
		{
			"from": [6.23506, 0.96896, 4.28174],
			"to": [6.58438, 8.2433, 4.35318],
			"rotation": {"angle": 0, "axis": "y", "origin": [6.40972, 1.70151, 4.31746]},
			"faces": {
				"north": {"uv": [6.75, 1, 6.75, 1], "texture": "#1"},
				"east": {"uv": [6.75, 1, 6.75, 1], "texture": "#1"},
				"south": {"uv": [6.75, 1, 6.75, 1], "texture": "#1"},
				"west": {"uv": [6.75, 1, 6.75, 1], "texture": "#1"},
				"up": {"uv": [6.75, 1, 6.75, 1], "texture": "#1"},
				"down": {"uv": [6.75, 1, 6.75, 1], "texture": "#1"}
			}
		},
		{
			"from": [6.16794, 9.47689, 4.26801],
			"to": [6.6515, 10.52901, 4.36691],
			"rotation": {"angle": 0, "axis": "y", "origin": [6.40972, 10.55746, 4.31746]},
			"faces": {
				"north": {"uv": [1.125, 1, 14.875, 14.875], "texture": "#4"},
				"east": {"uv": [1.125, 1, 14.875, 14.875], "texture": "#4"},
				"south": {"uv": [1.125, 1, 14.875, 14.875], "texture": "#4"},
				"west": {"uv": [1.125, 1, 14.875, 14.875], "texture": "#4"},
				"up": {"uv": [2.5, 4.5, 2.5, 4.5], "texture": "#4"},
				"down": {"uv": [1.75, 4.75, 1.75, 4.75], "texture": "#4"}
			}
		},
		{
			"from": [6.16794, 0.79546, 4.26801],
			"to": [6.6515, 1.38616, 4.36691],
			"rotation": {"angle": 0, "axis": "y", "origin": [6.40972, 1.41461, 4.31746]},
			"faces": {
				"north": {"uv": [1.5, 3.625, 1.5, 3.625], "texture": "#0"},
				"east": {"uv": [1.5, 3.625, 1.5, 3.625], "texture": "#0"},
				"south": {"uv": [1.5, 3.625, 1.5, 3.625], "texture": "#0"},
				"west": {"uv": [1.5, 3.625, 1.5, 3.625], "texture": "#0"},
				"up": {"uv": [1.5, 3.625, 1.5, 3.625], "texture": "#0"},
				"down": {"uv": [1.5, 3.625, 1.5, 3.625], "texture": "#0"}
			}
		},
		{
			"from": [5.93023, 8.46445, 4.21939],
			"to": [6.88921, 8.60563, 4.41553],
			"rotation": {"angle": 0, "axis": "y", "origin": [6.40972, 9.90761, 4.31746]},
			"faces": {
				"north": {"uv": [1, 3.625, 1, 3.625], "texture": "#0"},
				"east": {"uv": [1, 3.625, 1, 3.625], "texture": "#0"},
				"south": {"uv": [1, 3.625, 1, 3.625], "texture": "#0"},
				"west": {"uv": [1, 3.625, 1, 3.625], "texture": "#0"},
				"up": {"uv": [1, 3.625, 1, 3.625], "texture": "#0"},
				"down": {"uv": [1, 3.625, 1, 3.625], "texture": "#0"}
			}
		},
		{
			"from": [6.00695, 8.0025, 4.23509],
			"to": [6.81249, 8.13647, 4.39983],
			"rotation": {"angle": 0, "axis": "y", "origin": [6.40972, 9.21476, 4.31746]},
			"faces": {
				"north": {"uv": [1, 3.625, 1, 3.625], "texture": "#0"},
				"east": {"uv": [1, 3.625, 1, 3.625], "texture": "#0"},
				"south": {"uv": [1, 3.625, 1, 3.625], "texture": "#0"},
				"west": {"uv": [1, 3.625, 1, 3.625], "texture": "#0"},
				"up": {"uv": [1, 3.625, 1, 3.625], "texture": "#0"},
				"down": {"uv": [1, 3.625, 1, 3.625], "texture": "#0"}
			}
		},
		{
			"from": [5.75761, 9.20396, 4.18409],
			"to": [5.91897, 9.26898, 4.45083],
			"rotation": {"angle": 0, "axis": "y", "origin": [6.40972, 11.16665, 4.31746]},
			"faces": {
				"north": {"uv": [1.25, 2.5, 1.25, 2.5], "texture": "#0"},
				"east": {"uv": [1.25, 2.5, 1.25, 2.5], "texture": "#0"},
				"south": {"uv": [1.25, 2.5, 1.25, 2.5], "texture": "#0"},
				"west": {"uv": [1.25, 2.5, 1.25, 2.5], "texture": "#0"},
				"up": {"uv": [1.25, 2.5, 1.25, 2.5], "texture": "#0"},
				"down": {"uv": [1.25, 2.5, 1.25, 2.5], "texture": "#0"}
			}
		},
		{
			"from": [5.75761, 9.38084, 4.18409],
			"to": [5.91897, 9.44586, 4.45083],
			"rotation": {"angle": 0, "axis": "y", "origin": [6.40972, 11.34353, 4.31746]},
			"faces": {
				"north": {"uv": [1.25, 2.5, 1.25, 2.5], "texture": "#0"},
				"east": {"uv": [1.25, 2.5, 1.25, 2.5], "texture": "#0"},
				"south": {"uv": [1.25, 2.5, 1.25, 2.5], "texture": "#0"},
				"west": {"uv": [1.25, 2.5, 1.25, 2.5], "texture": "#0"},
				"up": {"uv": [1.25, 2.5, 1.25, 2.5], "texture": "#0"},
				"down": {"uv": [1.25, 2.5, 1.25, 2.5], "texture": "#0"}
			}
		},
		{
			"from": [6.90047, 9.20396, 4.18409],
			"to": [7.06182, 9.26898, 4.45083],
			"rotation": {"angle": 0, "axis": "y", "origin": [6.40972, 11.16665, 4.31746]},
			"faces": {
				"north": {"uv": [1.25, 2.5, 1.25, 2.5], "texture": "#0"},
				"east": {"uv": [1.25, 2.5, 1.25, 2.5], "texture": "#0"},
				"south": {"uv": [1.25, 2.5, 1.25, 2.5], "texture": "#0"},
				"west": {"uv": [1.25, 2.5, 1.25, 2.5], "texture": "#0"},
				"up": {"uv": [1.25, 2.5, 1.25, 2.5], "texture": "#0"},
				"down": {"uv": [1.25, 2.5, 1.25, 2.5], "texture": "#0"}
			}
		},
		{
			"from": [6.90047, 9.38084, 4.18409],
			"to": [7.06182, 9.44586, 4.45083],
			"rotation": {"angle": 0, "axis": "y", "origin": [6.40972, 11.34353, 4.31746]},
			"faces": {
				"north": {"uv": [1.25, 2.5, 1.25, 2.5], "texture": "#0"},
				"east": {"uv": [1.25, 2.5, 1.25, 2.5], "texture": "#0"},
				"south": {"uv": [1.25, 2.5, 1.25, 2.5], "texture": "#0"},
				"west": {"uv": [1.25, 2.5, 1.25, 2.5], "texture": "#0"},
				"up": {"uv": [1.25, 2.5, 1.25, 2.5], "texture": "#0"},
				"down": {"uv": [1.25, 2.5, 1.25, 2.5], "texture": "#0"}
			}
		},
		{
			"from": [6.07607, 8.21282, 4.24922],
			"to": [6.74337, 9.05702, 4.3857],
			"rotation": {"angle": 0, "axis": "y", "origin": [6.40972, 5.42898, 4.31746]},
			"faces": {
				"north": {"uv": [1.5, 3.625, 1.5, 3.625], "texture": "#0"},
				"east": {"uv": [1.5, 3.625, 1.5, 3.625], "texture": "#0"},
				"south": {"uv": [1.5, 3.625, 1.5, 3.625], "texture": "#0"},
				"west": {"uv": [1.5, 3.625, 1.5, 3.625], "texture": "#0"},
				"up": {"uv": [1.5, 3.625, 1.5, 3.625], "texture": "#0"},
				"down": {"uv": [1.5, 3.625, 1.5, 3.625], "texture": "#0"}
			}
		},
		{
			"from": [6.07607, 9.60964, 4.24922],
			"to": [6.74337, 10.45385, 4.3857],
			"rotation": {"angle": 0, "axis": "y", "origin": [6.40972, 6.82581, 4.31746]},
			"faces": {
				"north": {"uv": [1.125, 1, 14.875, 14.875], "texture": "#4"},
				"east": {"uv": [1.125, 1, 14.875, 14.875], "texture": "#4"},
				"south": {"uv": [1.125, 1, 14.875, 14.875], "texture": "#4"},
				"west": {"uv": [1.125, 1, 14.875, 14.875], "texture": "#4"},
				"up": {"uv": [1.5, 1.75, 1.5, 1.75], "texture": "#4"},
				"down": {"uv": [1.75, 1.75, 1.75, 1.75], "texture": "#4"}
			}
		},
		{
			"from": [6.34792, 0.86728, 4.01524],
			"to": [6.47153, 1.28265, 4.61968],
			"rotation": {"angle": 0, "axis": "y", "origin": [7.41458, 1.31821, 5.13524]},
			"faces": {
				"north": {"uv": [1.5, 3.625, 1.5, 3.625], "texture": "#0"},
				"east": {"uv": [1.5, 3.625, 1.5, 3.625], "texture": "#0"},
				"south": {"uv": [1.5, 3.625, 1.5, 3.625], "texture": "#0"},
				"west": {"uv": [1.5, 3.625, 1.5, 3.625], "texture": "#0"},
				"up": {"uv": [1.5, 3.625, 1.5, 3.625], "texture": "#0"},
				"down": {"uv": [1.5, 3.625, 1.5, 3.625], "texture": "#0"}
			}
		},
		{
			"from": [6.36028, 8.08007, 4.07568],
			"to": [6.45917, 9.13219, 4.55924],
			"rotation": {"angle": 0, "axis": "y", "origin": [7.21361, 1.66857, 4.97168]},
			"faces": {
				"north": {"uv": [6.75, 1, 6.75, 1], "texture": "#1"},
				"east": {"uv": [6.75, 1, 6.75, 1], "texture": "#1"},
				"south": {"uv": [6.75, 1, 6.75, 1], "texture": "#1"},
				"west": {"uv": [6.75, 1, 6.75, 1], "texture": "#1"},
				"up": {"uv": [6.75, 1, 6.75, 1], "texture": "#1"},
				"down": {"uv": [6.75, 1, 6.75, 1], "texture": "#1"}
			}
		},
		{
			"from": [6.36819, 7.40233, 4.11437],
			"to": [6.45126, 8.28611, 4.52055],
			"rotation": {"angle": 0, "axis": "y", "origin": [7.08499, 2.01668, 4.86701]},
			"faces": {
				"north": {"uv": [6.75, 1, 6.75, 1], "texture": "#1"},
				"east": {"uv": [6.75, 1, 6.75, 1], "texture": "#1"},
				"south": {"uv": [6.75, 1, 6.75, 1], "texture": "#1"},
				"west": {"uv": [6.75, 1, 6.75, 1], "texture": "#1"},
				"up": {"uv": [6.75, 1, 6.75, 1], "texture": "#1"},
				"down": {"uv": [6.75, 1, 6.75, 1], "texture": "#1"}
			}
		},
		{
			"from": [6.37401, 0.96896, 4.1428],
			"to": [6.44544, 8.2433, 4.49212],
			"rotation": {"angle": 0, "axis": "y", "origin": [6.99045, 2.34364, 4.79007]},
			"faces": {
				"north": {"uv": [6.75, 1, 6.75, 1], "texture": "#1"},
				"east": {"uv": [6.75, 1, 6.75, 1], "texture": "#1"},
				"south": {"uv": [6.75, 1, 6.75, 1], "texture": "#1"},
				"west": {"uv": [6.75, 1, 6.75, 1], "texture": "#1"},
				"up": {"uv": [6.75, 1, 6.75, 1], "texture": "#1"},
				"down": {"uv": [6.75, 1, 6.75, 1], "texture": "#1"}
			}
		},
		{
			"from": [6.36028, 9.47689, 4.07568],
			"to": [6.45917, 10.52901, 4.55924],
			"rotation": {"angle": 0, "axis": "y", "origin": [7.21361, 11.44635, 4.97168]},
			"faces": {
				"north": {"uv": [1.125, 1, 14.875, 14.875], "texture": "#4"},
				"east": {"uv": [1.125, 1, 14.875, 14.875], "texture": "#4"},
				"south": {"uv": [1.125, 1, 14.875, 14.875], "texture": "#4"},
				"west": {"uv": [1.125, 1, 14.875, 14.875], "texture": "#4"},
				"up": {"uv": [2.5, 4.5, 2.5, 4.5], "texture": "#4"},
				"down": {"uv": [1.75, 4.75, 1.75, 4.75], "texture": "#4"}
			}
		},
		{
			"from": [6.36028, 0.79546, 4.07568],
			"to": [6.45917, 1.38616, 4.55924],
			"rotation": {"angle": 0, "axis": "y", "origin": [7.21361, 2.30349, 4.97168]},
			"faces": {
				"north": {"uv": [1.5, 3.625, 1.5, 3.625], "texture": "#0"},
				"east": {"uv": [1.5, 3.625, 1.5, 3.625], "texture": "#0"},
				"south": {"uv": [1.5, 3.625, 1.5, 3.625], "texture": "#0"},
				"west": {"uv": [1.5, 3.625, 1.5, 3.625], "texture": "#0"},
				"up": {"uv": [1.5, 3.625, 1.5, 3.625], "texture": "#0"},
				"down": {"uv": [1.5, 3.625, 1.5, 3.625], "texture": "#0"}
			}
		},
		{
			"from": [6.31167, 8.46445, 3.83797],
			"to": [6.50778, 8.60563, 4.79695],
			"rotation": {"angle": 0, "axis": "y", "origin": [8.00399, 11.67045, 5.61492]},
			"faces": {
				"north": {"uv": [1, 3.625, 1, 3.625], "texture": "#0"},
				"east": {"uv": [1, 3.625, 1, 3.625], "texture": "#0"},
				"south": {"uv": [1, 3.625, 1, 3.625], "texture": "#0"},
				"west": {"uv": [1, 3.625, 1, 3.625], "texture": "#0"},
				"up": {"uv": [1, 3.625, 1, 3.625], "texture": "#0"},
				"down": {"uv": [1, 3.625, 1, 3.625], "texture": "#0"}
			}
		},
		{
			"from": [6.32736, 8.0025, 3.91469],
			"to": [6.49209, 8.13647, 4.72023],
			"rotation": {"angle": 0, "axis": "y", "origin": [7.74891, 10.69555, 5.40732]},
			"faces": {
				"north": {"uv": [1, 3.625, 1, 3.625], "texture": "#0"},
				"east": {"uv": [1, 3.625, 1, 3.625], "texture": "#0"},
				"south": {"uv": [1, 3.625, 1, 3.625], "texture": "#0"},
				"west": {"uv": [1, 3.625, 1, 3.625], "texture": "#0"},
				"up": {"uv": [1, 3.625, 1, 3.625], "texture": "#0"},
				"down": {"uv": [1, 3.625, 1, 3.625], "texture": "#0"}
			}
		},
		{
			"from": [6.31167, 8.4365, 4.62782],
			"to": [6.36936, 9.39548, 4.769],
			"rotation": {"angle": 22.5, "axis": "x", "origin": [6.40973, 8.91599, 4.69841]},
			"faces": {
				"north": {"uv": [0.5, 1.75, 0.5, 1.75], "rotation": 180, "texture": "#1"},
				"east": {"uv": [0.5, 1.75, 0.5, 1.75], "rotation": 180, "texture": "#1"},
				"south": {"uv": [0.5, 1.75, 0.5, 1.75], "rotation": 180, "texture": "#1"},
				"west": {"uv": [0.5, 1.75, 0.5, 1.75], "rotation": 180, "texture": "#1"},
				"up": {"uv": [0.5, 1.75, 0.5, 1.75], "rotation": 180, "texture": "#1"},
				"down": {"uv": [0.5, 1.75, 0.5, 1.75], "rotation": 180, "texture": "#1"}
			}
		},
		{
			"from": [6.4501, 8.4365, 4.62782],
			"to": [6.50778, 9.39548, 4.769],
			"rotation": {"angle": 22.5, "axis": "x", "origin": [6.40973, 8.91599, 4.69841]},
			"faces": {
				"north": {"uv": [0.5, 1.75, 0.5, 1.75], "rotation": 180, "texture": "#1"},
				"east": {"uv": [0.5, 1.75, 0.5, 1.75], "rotation": 180, "texture": "#1"},
				"south": {"uv": [0.5, 1.75, 0.5, 1.75], "rotation": 180, "texture": "#1"},
				"west": {"uv": [0.5, 1.75, 0.5, 1.75], "rotation": 180, "texture": "#1"},
				"up": {"uv": [0.5, 1.75, 0.5, 1.75], "rotation": 180, "texture": "#1"},
				"down": {"uv": [0.5, 1.75, 0.5, 1.75], "rotation": 180, "texture": "#1"}
			}
		},
		{
			"from": [6.35012, 9.25937, 4.62782],
			"to": [6.49624, 9.39548, 4.769],
			"rotation": {"angle": 22.5, "axis": "x", "origin": [6.40973, 8.91599, 4.69841]},
			"faces": {
				"north": {"uv": [0.5, 1.75, 0.5, 1.75], "rotation": 180, "texture": "#1"},
				"east": {"uv": [0.5, 1.75, 0.5, 1.75], "rotation": 180, "texture": "#1"},
				"south": {"uv": [0.5, 1.75, 0.5, 1.75], "rotation": 180, "texture": "#1"},
				"west": {"uv": [0.5, 1.75, 0.5, 1.75], "rotation": 180, "texture": "#1"},
				"up": {"uv": [0.5, 1.75, 0.5, 1.75], "rotation": 180, "texture": "#1"},
				"down": {"uv": [0.5, 1.75, 0.5, 1.75], "rotation": 180, "texture": "#1"}
			}
		},
		{
			"from": [6.31167, 9.27119, 4.62782],
			"to": [6.50778, 10.23017, 4.769],
			"rotation": {"angle": -22.5, "axis": "x", "origin": [6.40973, 9.75068, 4.69841]},
			"faces": {
				"north": {"uv": [0.625, 0.75, 0.625, 0.75], "texture": "#1"},
				"east": {"uv": [0.625, 0.75, 0.625, 0.75], "texture": "#1"},
				"south": {"uv": [0.625, 0.75, 0.625, 0.75], "texture": "#1"},
				"west": {"uv": [0.625, 0.75, 0.625, 0.75], "texture": "#1"},
				"up": {"uv": [0.625, 0.75, 0.625, 0.75], "texture": "#1"},
				"down": {"uv": [0.625, 0.75, 0.625, 0.75], "texture": "#1"}
			}
		},
		{
			"from": [6.34697, 9.75197, 4.77006],
			"to": [6.47248, 10.36572, 4.86041],
			"rotation": {"angle": 22.5, "axis": "x", "origin": [6.40973, 10.05885, 4.81524]},
			"faces": {
				"north": {"uv": [1.25, 2.5, 1.25, 2.5], "rotation": 180, "texture": "#0"},
				"east": {"uv": [1.25, 2.5, 1.25, 2.5], "rotation": 90, "texture": "#0"},
				"south": {"uv": [1.25, 2.5, 1.25, 2.5], "texture": "#0"},
				"west": {"uv": [1.25, 2.5, 1.25, 2.5], "rotation": 270, "texture": "#0"},
				"up": {"uv": [1.25, 2.5, 1.25, 2.5], "texture": "#0"},
				"down": {"uv": [1.25, 2.5, 1.25, 2.5], "rotation": 180, "texture": "#0"}
			}
		},
		{
			"from": [6.34697, 8.6819, 4.77006],
			"to": [6.47248, 9.07262, 4.86041],
			"rotation": {"angle": -22.5, "axis": "x", "origin": [6.40973, 8.98877, 4.81524]},
			"faces": {
				"north": {"uv": [1.25, 2.5, 1.25, 2.5], "rotation": 180, "texture": "#0"},
				"east": {"uv": [1.25, 2.5, 1.25, 2.5], "rotation": 90, "texture": "#0"},
				"south": {"uv": [1.25, 2.5, 1.25, 2.5], "texture": "#0"},
				"west": {"uv": [1.25, 2.5, 1.25, 2.5], "rotation": 270, "texture": "#0"},
				"up": {"uv": [1.25, 2.5, 1.25, 2.5], "rotation": 180, "texture": "#0"},
				"down": {"uv": [1.25, 2.5, 1.25, 2.5], "texture": "#0"}
			}
		},
		{
			"from": [6.34697, 10.13668, 4.77006],
			"to": [6.47248, 10.75043, 4.86041],
			"rotation": {"angle": -45, "axis": "x", "origin": [6.40973, 10.44355, 4.81524]},
			"faces": {
				"north": {"uv": [1.25, 2.5, 1.25, 2.5], "rotation": 180, "texture": "#0"},
				"east": {"uv": [1.25, 2.5, 1.25, 2.5], "rotation": 90, "texture": "#0"},
				"south": {"uv": [1.25, 2.5, 1.25, 2.5], "texture": "#0"},
				"west": {"uv": [1.25, 2.5, 1.25, 2.5], "rotation": 270, "texture": "#0"},
				"up": {"uv": [1.25, 2.5, 1.25, 2.5], "rotation": 180, "texture": "#0"},
				"down": {"uv": [1.25, 2.5, 1.25, 2.5], "texture": "#0"}
			}
		},
		{
			"from": [6.34697, 8.29719, 4.77006],
			"to": [6.47248, 8.91094, 4.86041],
			"rotation": {"angle": 45, "axis": "x", "origin": [6.40973, 8.60407, 4.81524]},
			"faces": {
				"north": {"uv": [1.25, 2.5, 1.25, 2.5], "rotation": 180, "texture": "#0"},
				"east": {"uv": [1.25, 2.5, 1.25, 2.5], "rotation": 90, "texture": "#0"},
				"south": {"uv": [1.25, 2.5, 1.25, 2.5], "texture": "#0"},
				"west": {"uv": [1.25, 2.5, 1.25, 2.5], "rotation": 270, "texture": "#0"},
				"up": {"uv": [1.25, 2.5, 1.25, 2.5], "texture": "#0"},
				"down": {"uv": [1.25, 2.5, 1.25, 2.5], "rotation": 180, "texture": "#0"}
			}
		},
		{
			"from": [5.98718, 8.58228, 4.2194],
			"to": [6.12836, 9.54126, 4.28478],
			"rotation": {"angle": 22.5, "axis": "z", "origin": [6.40973, 8.91599, 4.31746]},
			"faces": {
				"north": {"uv": [0.5, 1.75, 0.5, 1.75], "rotation": 270, "texture": "#1"},
				"east": {"uv": [0.5, 1.75, 0.5, 1.75], "rotation": 270, "texture": "#1"},
				"south": {"uv": [0.5, 1.75, 0.5, 1.75], "rotation": 270, "texture": "#1"},
				"west": {"uv": [0.5, 1.75, 0.5, 1.75], "rotation": 270, "texture": "#1"},
				"up": {"uv": [0.5, 1.75, 0.5, 1.75], "rotation": 270, "texture": "#1"},
				"down": {"uv": [0.5, 1.75, 0.5, 1.75], "rotation": 270, "texture": "#1"}
			}
		},
		{
			"from": [5.98718, 8.58228, 4.35783],
			"to": [6.12836, 9.54126, 4.41552],
			"rotation": {"angle": 22.5, "axis": "z", "origin": [6.40973, 8.91599, 4.31746]},
			"faces": {
				"north": {"uv": [0.5, 1.75, 0.5, 1.75], "rotation": 270, "texture": "#1"},
				"east": {"uv": [0.5, 1.75, 0.5, 1.75], "rotation": 270, "texture": "#1"},
				"south": {"uv": [0.5, 1.75, 0.5, 1.75], "rotation": 270, "texture": "#1"},
				"west": {"uv": [0.5, 1.75, 0.5, 1.75], "rotation": 270, "texture": "#1"},
				"up": {"uv": [0.5, 1.75, 0.5, 1.75], "rotation": 270, "texture": "#1"},
				"down": {"uv": [0.5, 1.75, 0.5, 1.75], "rotation": 270, "texture": "#1"}
			}
		},
		{
			"from": [5.98718, 9.40516, 4.25785],
			"to": [6.12836, 9.54126, 4.41552],
			"rotation": {"angle": 22.5, "axis": "z", "origin": [6.40973, 8.91599, 4.31746]},
			"faces": {
				"north": {"uv": [0.5, 1.75, 0.5, 1.75], "rotation": 270, "texture": "#1"},
				"east": {"uv": [0.5, 1.75, 0.5, 1.75], "rotation": 270, "texture": "#1"},
				"south": {"uv": [0.5, 1.75, 0.5, 1.75], "rotation": 270, "texture": "#1"},
				"west": {"uv": [0.5, 1.75, 0.5, 1.75], "rotation": 270, "texture": "#1"},
				"up": {"uv": [0.5, 1.75, 0.5, 1.75], "rotation": 270, "texture": "#1"},
				"down": {"uv": [0.5, 1.75, 0.5, 1.75], "rotation": 270, "texture": "#1"}
			}
		},
		{
			"from": [5.98718, 9.1254, 4.2194],
			"to": [6.12836, 10.08438, 4.41552],
			"rotation": {"angle": -22.5, "axis": "z", "origin": [6.40973, 9.75068, 4.31746]},
			"faces": {
				"north": {"uv": [0.625, 0.75, 0.625, 0.75], "rotation": 90, "texture": "#1"},
				"east": {"uv": [0.625, 0.75, 0.625, 0.75], "rotation": 90, "texture": "#1"},
				"south": {"uv": [0.625, 0.75, 0.625, 0.75], "rotation": 90, "texture": "#1"},
				"west": {"uv": [0.625, 0.75, 0.625, 0.75], "rotation": 90, "texture": "#1"},
				"up": {"uv": [0.625, 0.75, 0.625, 0.75], "rotation": 90, "texture": "#1"},
				"down": {"uv": [0.625, 0.75, 0.625, 0.75], "rotation": 90, "texture": "#1"}
			}
		},
		{
			"from": [5.88533, 9.84527, 4.2547],
			"to": [5.97568, 10.45902, 4.38022],
			"rotation": {"angle": 22.5, "axis": "z", "origin": [6.15576, 10.05885, 4.31746]},
			"faces": {
				"north": {"uv": [1.25, 2.5, 1.25, 2.5], "rotation": 270, "texture": "#0"},
				"east": {"uv": [1.25, 2.5, 1.25, 2.5], "rotation": 180, "texture": "#0"},
				"south": {"uv": [1.25, 2.5, 1.25, 2.5], "rotation": 90, "texture": "#0"},
				"west": {"uv": [1.25, 2.5, 1.25, 2.5], "texture": "#0"},
				"up": {"uv": [1.25, 2.5, 1.25, 2.5], "rotation": 90, "texture": "#0"},
				"down": {"uv": [1.25, 2.5, 1.25, 2.5], "rotation": 90, "texture": "#0"}
			}
		},
		{
			"from": [5.88533, 8.5886, 4.2547],
			"to": [5.97568, 8.97932, 4.38022],
			"rotation": {"angle": -22.5, "axis": "z", "origin": [6.15576, 8.98877, 4.31746]},
			"faces": {
				"north": {"uv": [1.25, 2.5, 1.25, 2.5], "rotation": 270, "texture": "#0"},
				"east": {"uv": [1.25, 2.5, 1.25, 2.5], "rotation": 180, "texture": "#0"},
				"south": {"uv": [1.25, 2.5, 1.25, 2.5], "rotation": 90, "texture": "#0"},
				"west": {"uv": [1.25, 2.5, 1.25, 2.5], "texture": "#0"},
				"up": {"uv": [1.25, 2.5, 1.25, 2.5], "rotation": 90, "texture": "#0"},
				"down": {"uv": [1.25, 2.5, 1.25, 2.5], "rotation": 90, "texture": "#0"}
			}
		},
		{
			"from": [5.86677, 10.13668, 4.2547],
			"to": [5.95713, 10.75043, 4.38022],
			"rotation": {"angle": -45, "axis": "z", "origin": [5.91195, 10.44355, 4.31746]},
			"faces": {
				"north": {"uv": [1.25, 2.5, 1.25, 2.5], "rotation": 270, "texture": "#0"},
				"east": {"uv": [1.25, 2.5, 1.25, 2.5], "rotation": 180, "texture": "#0"},
				"south": {"uv": [1.25, 2.5, 1.25, 2.5], "rotation": 90, "texture": "#0"},
				"west": {"uv": [1.25, 2.5, 1.25, 2.5], "texture": "#0"},
				"up": {"uv": [1.25, 2.5, 1.25, 2.5], "rotation": 90, "texture": "#0"},
				"down": {"uv": [1.25, 2.5, 1.25, 2.5], "rotation": 90, "texture": "#0"}
			}
		},
		{
			"from": [5.86677, 8.29719, 4.2547],
			"to": [5.95713, 8.91094, 4.38022],
			"rotation": {"angle": 45, "axis": "z", "origin": [5.91195, 8.60407, 4.31746]},
			"faces": {
				"north": {"uv": [1.25, 2.5, 1.25, 2.5], "rotation": 270, "texture": "#0"},
				"east": {"uv": [1.25, 2.5, 1.25, 2.5], "rotation": 180, "texture": "#0"},
				"south": {"uv": [1.25, 2.5, 1.25, 2.5], "rotation": 90, "texture": "#0"},
				"west": {"uv": [1.25, 2.5, 1.25, 2.5], "texture": "#0"},
				"up": {"uv": [1.25, 2.5, 1.25, 2.5], "rotation": 90, "texture": "#0"},
				"down": {"uv": [1.25, 2.5, 1.25, 2.5], "rotation": 90, "texture": "#0"}
			}
		},
		{
			"from": [6.31167, 8.4365, 3.86592],
			"to": [6.36936, 9.39548, 4.0071],
			"rotation": {"angle": -22.5, "axis": "x", "origin": [6.40973, 8.91599, 3.93651]},
			"faces": {
				"north": {"uv": [0.5, 1.75, 0.5, 1.75], "rotation": 180, "texture": "#1"},
				"east": {"uv": [0.5, 1.75, 0.5, 1.75], "rotation": 180, "texture": "#1"},
				"south": {"uv": [0.5, 1.75, 0.5, 1.75], "rotation": 180, "texture": "#1"},
				"west": {"uv": [0.5, 1.75, 0.5, 1.75], "rotation": 180, "texture": "#1"},
				"up": {"uv": [0.5, 1.75, 0.5, 1.75], "rotation": 180, "texture": "#1"},
				"down": {"uv": [0.5, 1.75, 0.5, 1.75], "rotation": 180, "texture": "#1"}
			}
		},
		{
			"from": [6.31167, 9.25937, 3.86592],
			"to": [6.47702, 9.39548, 4.0071],
			"rotation": {"angle": -22.5, "axis": "x", "origin": [6.40973, 8.91599, 3.93651]},
			"faces": {
				"north": {"uv": [0.5, 1.75, 0.5, 1.75], "rotation": 180, "texture": "#1"},
				"east": {"uv": [0.5, 1.75, 0.5, 1.75], "rotation": 180, "texture": "#1"},
				"south": {"uv": [0.5, 1.75, 0.5, 1.75], "rotation": 180, "texture": "#1"},
				"west": {"uv": [0.5, 1.75, 0.5, 1.75], "rotation": 180, "texture": "#1"},
				"up": {"uv": [0.5, 1.75, 0.5, 1.75], "rotation": 180, "texture": "#1"},
				"down": {"uv": [0.5, 1.75, 0.5, 1.75], "rotation": 180, "texture": "#1"}
			}
		},
		{
			"from": [6.4501, 8.4365, 3.86592],
			"to": [6.50778, 9.39548, 4.0071],
			"rotation": {"angle": -22.5, "axis": "x", "origin": [6.40973, 8.91599, 3.93651]},
			"faces": {
				"north": {"uv": [0.5, 1.75, 0.5, 1.75], "rotation": 180, "texture": "#1"},
				"east": {"uv": [0.5, 1.75, 0.5, 1.75], "rotation": 180, "texture": "#1"},
				"south": {"uv": [0.5, 1.75, 0.5, 1.75], "rotation": 180, "texture": "#1"},
				"west": {"uv": [0.5, 1.75, 0.5, 1.75], "rotation": 180, "texture": "#1"},
				"up": {"uv": [0.5, 1.75, 0.5, 1.75], "rotation": 180, "texture": "#1"},
				"down": {"uv": [0.5, 1.75, 0.5, 1.75], "rotation": 180, "texture": "#1"}
			}
		},
		{
			"from": [6.31167, 9.27119, 3.86592],
			"to": [6.50778, 10.23017, 4.0071],
			"rotation": {"angle": 22.5, "axis": "x", "origin": [6.40973, 9.75068, 3.93651]},
			"faces": {
				"north": {"uv": [0.625, 0.75, 0.625, 0.75], "texture": "#1"},
				"east": {"uv": [0.625, 0.75, 0.625, 0.75], "texture": "#1"},
				"south": {"uv": [0.625, 0.75, 0.625, 0.75], "texture": "#1"},
				"west": {"uv": [0.625, 0.75, 0.625, 0.75], "texture": "#1"},
				"up": {"uv": [0.625, 0.75, 0.625, 0.75], "texture": "#1"},
				"down": {"uv": [0.625, 0.75, 0.625, 0.75], "texture": "#1"}
			}
		},
		{
			"from": [6.34697, 9.75197, 3.77451],
			"to": [6.47248, 10.36572, 3.86486],
			"rotation": {"angle": -22.5, "axis": "x", "origin": [6.40973, 10.05885, 3.81968]},
			"faces": {
				"north": {"uv": [1.25, 2.5, 1.25, 2.5], "rotation": 180, "texture": "#0"},
				"east": {"uv": [1.25, 2.5, 1.25, 2.5], "rotation": 270, "texture": "#0"},
				"south": {"uv": [1.25, 2.5, 1.25, 2.5], "texture": "#0"},
				"west": {"uv": [1.25, 2.5, 1.25, 2.5], "rotation": 90, "texture": "#0"},
				"up": {"uv": [1.25, 2.5, 1.25, 2.5], "rotation": 180, "texture": "#0"},
				"down": {"uv": [1.25, 2.5, 1.25, 2.5], "texture": "#0"}
			}
		},
		{
			"from": [6.34697, 8.6819, 3.77451],
			"to": [6.47248, 9.07262, 3.86486],
			"rotation": {"angle": 22.5, "axis": "x", "origin": [6.40973, 8.98877, 3.81968]},
			"faces": {
				"north": {"uv": [1.25, 2.5, 1.25, 2.5], "rotation": 180, "texture": "#0"},
				"east": {"uv": [1.25, 2.5, 1.25, 2.5], "rotation": 270, "texture": "#0"},
				"south": {"uv": [1.25, 2.5, 1.25, 2.5], "texture": "#0"},
				"west": {"uv": [1.25, 2.5, 1.25, 2.5], "rotation": 90, "texture": "#0"},
				"up": {"uv": [1.25, 2.5, 1.25, 2.5], "texture": "#0"},
				"down": {"uv": [1.25, 2.5, 1.25, 2.5], "rotation": 180, "texture": "#0"}
			}
		},
		{
			"from": [6.34697, 10.13668, 3.77451],
			"to": [6.47248, 10.75043, 3.86486],
			"rotation": {"angle": 45, "axis": "x", "origin": [6.40973, 10.44355, 3.81968]},
			"faces": {
				"north": {"uv": [1.25, 2.5, 1.25, 2.5], "rotation": 180, "texture": "#0"},
				"east": {"uv": [1.25, 2.5, 1.25, 2.5], "rotation": 270, "texture": "#0"},
				"south": {"uv": [1.25, 2.5, 1.25, 2.5], "texture": "#0"},
				"west": {"uv": [1.25, 2.5, 1.25, 2.5], "rotation": 90, "texture": "#0"},
				"up": {"uv": [1.25, 2.5, 1.25, 2.5], "texture": "#0"},
				"down": {"uv": [1.25, 2.5, 1.25, 2.5], "rotation": 180, "texture": "#0"}
			}
		},
		{
			"from": [6.34697, 8.29719, 3.77451],
			"to": [6.47248, 8.91094, 3.86486],
			"rotation": {"angle": -45, "axis": "x", "origin": [6.40973, 8.60407, 3.81968]},
			"faces": {
				"north": {"uv": [1.25, 2.5, 1.25, 2.5], "rotation": 180, "texture": "#0"},
				"east": {"uv": [1.25, 2.5, 1.25, 2.5], "rotation": 270, "texture": "#0"},
				"south": {"uv": [1.25, 2.5, 1.25, 2.5], "texture": "#0"},
				"west": {"uv": [1.25, 2.5, 1.25, 2.5], "rotation": 90, "texture": "#0"},
				"up": {"uv": [1.25, 2.5, 1.25, 2.5], "rotation": 180, "texture": "#0"},
				"down": {"uv": [1.25, 2.5, 1.25, 2.5], "texture": "#0"}
			}
		},
		{
			"from": [6.69109, 8.58228, 4.2194],
			"to": [6.83227, 9.54126, 4.28478],
			"rotation": {"angle": -22.5, "axis": "z", "origin": [6.40973, 8.91599, 4.31746]},
			"faces": {
				"north": {"uv": [0.5, 1.75, 0.5, 1.75], "rotation": 90, "texture": "#1"},
				"east": {"uv": [0.5, 1.75, 0.5, 1.75], "rotation": 90, "texture": "#1"},
				"south": {"uv": [0.5, 1.75, 0.5, 1.75], "rotation": 90, "texture": "#1"},
				"west": {"uv": [0.5, 1.75, 0.5, 1.75], "rotation": 90, "texture": "#1"},
				"up": {"uv": [0.5, 1.75, 0.5, 1.75], "rotation": 90, "texture": "#1"},
				"down": {"uv": [0.5, 1.75, 0.5, 1.75], "rotation": 90, "texture": "#1"}
			}
		},
		{
			"from": [6.69109, 9.40516, 4.24247],
			"to": [6.83227, 9.54126, 4.38476],
			"rotation": {"angle": -22.5, "axis": "z", "origin": [6.40973, 8.91599, 4.31746]},
			"faces": {
				"north": {"uv": [0.5, 1.75, 0.5, 1.75], "rotation": 90, "texture": "#1"},
				"east": {"uv": [0.5, 1.75, 0.5, 1.75], "rotation": 90, "texture": "#1"},
				"south": {"uv": [0.5, 1.75, 0.5, 1.75], "rotation": 90, "texture": "#1"},
				"west": {"uv": [0.5, 1.75, 0.5, 1.75], "rotation": 90, "texture": "#1"},
				"up": {"uv": [0.5, 1.75, 0.5, 1.75], "rotation": 90, "texture": "#1"},
				"down": {"uv": [0.5, 1.75, 0.5, 1.75], "rotation": 90, "texture": "#1"}
			}
		},
		{
			"from": [6.69109, 8.58228, 4.35783],
			"to": [6.83227, 9.54126, 4.41552],
			"rotation": {"angle": -22.5, "axis": "z", "origin": [6.40973, 8.91599, 4.31746]},
			"faces": {
				"north": {"uv": [0.5, 1.75, 0.5, 1.75], "rotation": 90, "texture": "#1"},
				"east": {"uv": [0.5, 1.75, 0.5, 1.75], "rotation": 90, "texture": "#1"},
				"south": {"uv": [0.5, 1.75, 0.5, 1.75], "rotation": 90, "texture": "#1"},
				"west": {"uv": [0.5, 1.75, 0.5, 1.75], "rotation": 90, "texture": "#1"},
				"up": {"uv": [0.5, 1.75, 0.5, 1.75], "rotation": 90, "texture": "#1"},
				"down": {"uv": [0.5, 1.75, 0.5, 1.75], "rotation": 90, "texture": "#1"}
			}
		},
		{
			"from": [6.69109, 9.1254, 4.2194],
			"to": [6.83227, 10.08438, 4.41552],
			"rotation": {"angle": 22.5, "axis": "z", "origin": [6.40973, 9.75068, 4.31746]},
			"faces": {
				"north": {"uv": [0.625, 0.75, 0.625, 0.75], "rotation": 270, "texture": "#1"},
				"east": {"uv": [0.625, 0.75, 0.625, 0.75], "rotation": 270, "texture": "#1"},
				"south": {"uv": [0.625, 0.75, 0.625, 0.75], "rotation": 270, "texture": "#1"},
				"west": {"uv": [0.625, 0.75, 0.625, 0.75], "rotation": 270, "texture": "#1"},
				"up": {"uv": [0.625, 0.75, 0.625, 0.75], "rotation": 270, "texture": "#1"},
				"down": {"uv": [0.625, 0.75, 0.625, 0.75], "rotation": 270, "texture": "#1"}
			}
		},
		{
			"from": [6.84377, 9.84527, 4.2547],
			"to": [6.93412, 10.45902, 4.38022],
			"rotation": {"angle": -22.5, "axis": "z", "origin": [6.66369, 10.05885, 4.31746]},
			"faces": {
				"north": {"uv": [1.25, 2.5, 1.25, 2.5], "rotation": 90, "texture": "#0"},
				"east": {"uv": [1.25, 2.5, 1.25, 2.5], "rotation": 180, "texture": "#0"},
				"south": {"uv": [1.25, 2.5, 1.25, 2.5], "rotation": 270, "texture": "#0"},
				"west": {"uv": [1.25, 2.5, 1.25, 2.5], "texture": "#0"},
				"up": {"uv": [1.25, 2.5, 1.25, 2.5], "rotation": 270, "texture": "#0"},
				"down": {"uv": [1.25, 2.5, 1.25, 2.5], "rotation": 270, "texture": "#0"}
			}
		},
		{
			"from": [6.84377, 8.5886, 4.2547],
			"to": [6.93412, 8.97932, 4.38022],
			"rotation": {"angle": 22.5, "axis": "z", "origin": [6.66369, 8.98877, 4.31746]},
			"faces": {
				"north": {"uv": [1.25, 2.5, 1.25, 2.5], "rotation": 90, "texture": "#0"},
				"east": {"uv": [1.25, 2.5, 1.25, 2.5], "rotation": 180, "texture": "#0"},
				"south": {"uv": [1.25, 2.5, 1.25, 2.5], "rotation": 270, "texture": "#0"},
				"west": {"uv": [1.25, 2.5, 1.25, 2.5], "texture": "#0"},
				"up": {"uv": [1.25, 2.5, 1.25, 2.5], "rotation": 270, "texture": "#0"},
				"down": {"uv": [1.25, 2.5, 1.25, 2.5], "rotation": 270, "texture": "#0"}
			}
		},
		{
			"from": [6.86233, 10.13668, 4.2547],
			"to": [6.95268, 10.75043, 4.38022],
			"rotation": {"angle": 45, "axis": "z", "origin": [6.9075, 10.44355, 4.31746]},
			"faces": {
				"north": {"uv": [1.25, 2.5, 1.25, 2.5], "rotation": 90, "texture": "#0"},
				"east": {"uv": [1.25, 2.5, 1.25, 2.5], "rotation": 180, "texture": "#0"},
				"south": {"uv": [1.25, 2.5, 1.25, 2.5], "rotation": 270, "texture": "#0"},
				"west": {"uv": [1.25, 2.5, 1.25, 2.5], "texture": "#0"},
				"up": {"uv": [1.25, 2.5, 1.25, 2.5], "rotation": 270, "texture": "#0"},
				"down": {"uv": [1.25, 2.5, 1.25, 2.5], "rotation": 270, "texture": "#0"}
			}
		},
		{
			"from": [6.86233, 8.29719, 4.2547],
			"to": [6.95268, 8.91094, 4.38022],
			"rotation": {"angle": -45, "axis": "z", "origin": [6.9075, 8.60407, 4.31746]},
			"faces": {
				"north": {"uv": [1.25, 2.5, 1.25, 2.5], "rotation": 90, "texture": "#0"},
				"east": {"uv": [1.25, 2.5, 1.25, 2.5], "rotation": 180, "texture": "#0"},
				"south": {"uv": [1.25, 2.5, 1.25, 2.5], "rotation": 270, "texture": "#0"},
				"west": {"uv": [1.25, 2.5, 1.25, 2.5], "texture": "#0"},
				"up": {"uv": [1.25, 2.5, 1.25, 2.5], "rotation": 270, "texture": "#0"},
				"down": {"uv": [1.25, 2.5, 1.25, 2.5], "rotation": 270, "texture": "#0"}
			}
		},
		{
			"from": [6.27637, 9.20396, 3.66535],
			"to": [6.54309, 9.26898, 3.82671],
			"rotation": {"angle": 0, "axis": "y", "origin": [8.57793, 13.56412, 6.082]},
			"faces": {
				"north": {"uv": [1.25, 2.5, 1.25, 2.5], "texture": "#0"},
				"east": {"uv": [1.25, 2.5, 1.25, 2.5], "texture": "#0"},
				"south": {"uv": [1.25, 2.5, 1.25, 2.5], "texture": "#0"},
				"west": {"uv": [1.25, 2.5, 1.25, 2.5], "texture": "#0"},
				"up": {"uv": [1.25, 2.5, 1.25, 2.5], "texture": "#0"},
				"down": {"uv": [1.25, 2.5, 1.25, 2.5], "texture": "#0"}
			}
		},
		{
			"from": [6.27637, 9.38084, 3.66535],
			"to": [6.54309, 9.44586, 3.82671],
			"rotation": {"angle": 0, "axis": "y", "origin": [8.57793, 13.741, 6.082]},
			"faces": {
				"north": {"uv": [1.25, 2.5, 1.25, 2.5], "texture": "#0"},
				"east": {"uv": [1.25, 2.5, 1.25, 2.5], "texture": "#0"},
				"south": {"uv": [1.25, 2.5, 1.25, 2.5], "texture": "#0"},
				"west": {"uv": [1.25, 2.5, 1.25, 2.5], "texture": "#0"},
				"up": {"uv": [1.25, 2.5, 1.25, 2.5], "texture": "#0"},
				"down": {"uv": [1.25, 2.5, 1.25, 2.5], "texture": "#0"}
			}
		},
		{
			"from": [6.27637, 9.20396, 4.80821],
			"to": [6.54309, 9.26898, 4.96957],
			"rotation": {"angle": 0, "axis": "y", "origin": [8.57793, 13.56412, 6.082]},
			"faces": {
				"north": {"uv": [1.25, 2.5, 1.25, 2.5], "texture": "#0"},
				"east": {"uv": [1.25, 2.5, 1.25, 2.5], "texture": "#0"},
				"south": {"uv": [1.25, 2.5, 1.25, 2.5], "texture": "#0"},
				"west": {"uv": [1.25, 2.5, 1.25, 2.5], "texture": "#0"},
				"up": {"uv": [1.25, 2.5, 1.25, 2.5], "texture": "#0"},
				"down": {"uv": [1.25, 2.5, 1.25, 2.5], "texture": "#0"}
			}
		},
		{
			"from": [6.27637, 9.38084, 4.80821],
			"to": [6.54309, 9.44586, 4.96957],
			"rotation": {"angle": 0, "axis": "y", "origin": [8.57793, 13.741, 6.082]},
			"faces": {
				"north": {"uv": [1.25, 2.5, 1.25, 2.5], "texture": "#0"},
				"east": {"uv": [1.25, 2.5, 1.25, 2.5], "texture": "#0"},
				"south": {"uv": [1.25, 2.5, 1.25, 2.5], "texture": "#0"},
				"west": {"uv": [1.25, 2.5, 1.25, 2.5], "texture": "#0"},
				"up": {"uv": [1.25, 2.5, 1.25, 2.5], "texture": "#0"},
				"down": {"uv": [1.25, 2.5, 1.25, 2.5], "texture": "#0"}
			}
		},
		{
			"from": [6.34149, 8.21282, 3.98381],
			"to": [6.47796, 9.05702, 4.65111],
			"rotation": {"angle": 0, "axis": "y", "origin": [7.51909, 6.65565, 5.22029]},
			"faces": {
				"north": {"uv": [1.5, 3.625, 1.5, 3.625], "texture": "#0"},
				"east": {"uv": [1.5, 3.625, 1.5, 3.625], "texture": "#0"},
				"south": {"uv": [1.5, 3.625, 1.5, 3.625], "texture": "#0"},
				"west": {"uv": [1.5, 3.625, 1.5, 3.625], "texture": "#0"},
				"up": {"uv": [1.5, 3.625, 1.5, 3.625], "texture": "#0"},
				"down": {"uv": [1.5, 3.625, 1.5, 3.625], "texture": "#0"}
			}
		},
		{
			"from": [6.34149, 9.60964, 3.98381],
			"to": [6.47796, 10.45385, 4.65111],
			"rotation": {"angle": 0, "axis": "y", "origin": [7.51909, 8.05247, 5.22029]},
			"faces": {
				"north": {"uv": [1.125, 1, 14.875, 14.875], "texture": "#4"},
				"east": {"uv": [1.125, 1, 14.875, 14.875], "texture": "#4"},
				"south": {"uv": [1.125, 1, 14.875, 14.875], "texture": "#4"},
				"west": {"uv": [1.125, 1, 14.875, 14.875], "texture": "#4"},
				"up": {"uv": [1.5, 1.75, 1.5, 1.75], "texture": "#4"},
				"down": {"uv": [1.75, 1.75, 1.75, 1.75], "texture": "#4"}
			}
		},
		{
			"from": [6.34792, 0.86728, 4.01524],
			"to": [6.47153, 1.28265, 4.61968],
			"rotation": {"angle": 22.5, "axis": "y", "origin": [6.40972, 0.2071, 4.31746]},
			"faces": {
				"north": {"uv": [1.5, 3.625, 1.5, 3.625], "texture": "#0"},
				"east": {"uv": [1.5, 3.625, 1.5, 3.625], "texture": "#0"},
				"south": {"uv": [1.5, 3.625, 1.5, 3.625], "texture": "#0"},
				"west": {"uv": [1.5, 3.625, 1.5, 3.625], "texture": "#0"},
				"up": {"uv": [1.5, 3.625, 1.5, 3.625], "texture": "#0"},
				"down": {"uv": [1.5, 3.625, 1.5, 3.625], "texture": "#0"}
			}
		},
		{
			"from": [6.36028, 8.08007, 4.07568],
			"to": [6.45917, 9.13219, 4.55924],
			"rotation": {"angle": 22.5, "axis": "y", "origin": [6.40972, 0.77968, 4.31746]},
			"faces": {
				"north": {"uv": [6.75, 1, 6.75, 1], "texture": "#1"},
				"east": {"uv": [6.75, 1, 6.75, 1], "texture": "#1"},
				"south": {"uv": [6.75, 1, 6.75, 1], "texture": "#1"},
				"west": {"uv": [6.75, 1, 6.75, 1], "texture": "#1"},
				"up": {"uv": [6.75, 1, 6.75, 1], "texture": "#1"},
				"down": {"uv": [6.75, 1, 6.75, 1], "texture": "#1"}
			}
		},
		{
			"from": [6.36819, 7.40233, 4.11437],
			"to": [6.45126, 8.28611, 4.52055],
			"rotation": {"angle": 22.5, "axis": "y", "origin": [6.40972, 1.27001, 4.31746]},
			"faces": {
				"north": {"uv": [6.75, 1, 6.75, 1], "texture": "#1"},
				"east": {"uv": [6.75, 1, 6.75, 1], "texture": "#1"},
				"south": {"uv": [6.75, 1, 6.75, 1], "texture": "#1"},
				"west": {"uv": [6.75, 1, 6.75, 1], "texture": "#1"},
				"up": {"uv": [6.75, 1, 6.75, 1], "texture": "#1"},
				"down": {"uv": [6.75, 1, 6.75, 1], "texture": "#1"}
			}
		},
		{
			"from": [6.37401, 0.96896, 4.1428],
			"to": [6.44544, 8.2433, 4.49212],
			"rotation": {"angle": 22.5, "axis": "y", "origin": [6.40972, 1.70151, 4.31746]},
			"faces": {
				"north": {"uv": [6.75, 1, 6.75, 1], "texture": "#1"},
				"east": {"uv": [6.75, 1, 6.75, 1], "texture": "#1"},
				"south": {"uv": [6.75, 1, 6.75, 1], "texture": "#1"},
				"west": {"uv": [6.75, 1, 6.75, 1], "texture": "#1"},
				"up": {"uv": [6.75, 1, 6.75, 1], "texture": "#1"},
				"down": {"uv": [6.75, 1, 6.75, 1], "texture": "#1"}
			}
		},
		{
			"from": [6.36028, 9.47689, 4.07568],
			"to": [6.45917, 10.52901, 4.55924],
			"rotation": {"angle": 22.5, "axis": "y", "origin": [6.40972, 10.55746, 4.31746]},
			"faces": {
				"north": {"uv": [1.125, 1, 14.875, 14.875], "texture": "#4"},
				"east": {"uv": [1.125, 1, 14.875, 14.875], "texture": "#4"},
				"south": {"uv": [1.125, 1, 14.875, 14.875], "texture": "#4"},
				"west": {"uv": [1.125, 1, 14.875, 14.875], "texture": "#4"},
				"up": {"uv": [2.5, 4.5, 2.5, 4.5], "texture": "#4"},
				"down": {"uv": [1.75, 4.75, 1.75, 4.75], "texture": "#4"}
			}
		},
		{
			"from": [6.36028, 0.79546, 4.07568],
			"to": [6.45917, 1.38616, 4.55924],
			"rotation": {"angle": 22.5, "axis": "y", "origin": [6.40972, 1.41461, 4.31746]},
			"faces": {
				"north": {"uv": [1.5, 3.625, 1.5, 3.625], "texture": "#0"},
				"east": {"uv": [1.5, 3.625, 1.5, 3.625], "texture": "#0"},
				"south": {"uv": [1.5, 3.625, 1.5, 3.625], "texture": "#0"},
				"west": {"uv": [1.5, 3.625, 1.5, 3.625], "texture": "#0"},
				"up": {"uv": [1.5, 3.625, 1.5, 3.625], "texture": "#0"},
				"down": {"uv": [1.5, 3.625, 1.5, 3.625], "texture": "#0"}
			}
		},
		{
			"from": [6.31167, 8.46445, 3.83797],
			"to": [6.50778, 8.60563, 4.79695],
			"rotation": {"angle": 22.5, "axis": "y", "origin": [6.40972, 9.90761, 4.31746]},
			"faces": {
				"north": {"uv": [1, 3.625, 1, 3.625], "texture": "#0"},
				"east": {"uv": [1, 3.625, 1, 3.625], "texture": "#0"},
				"south": {"uv": [1, 3.625, 1, 3.625], "texture": "#0"},
				"west": {"uv": [1, 3.625, 1, 3.625], "texture": "#0"},
				"up": {"uv": [1, 3.625, 1, 3.625], "texture": "#0"},
				"down": {"uv": [1, 3.625, 1, 3.625], "texture": "#0"}
			}
		},
		{
			"from": [6.32736, 8.0025, 3.91469],
			"to": [6.49209, 8.13647, 4.72023],
			"rotation": {"angle": 22.5, "axis": "y", "origin": [6.40972, 9.21476, 4.31746]},
			"faces": {
				"north": {"uv": [1, 3.625, 1, 3.625], "texture": "#0"},
				"east": {"uv": [1, 3.625, 1, 3.625], "texture": "#0"},
				"south": {"uv": [1, 3.625, 1, 3.625], "texture": "#0"},
				"west": {"uv": [1, 3.625, 1, 3.625], "texture": "#0"},
				"up": {"uv": [1, 3.625, 1, 3.625], "texture": "#0"},
				"down": {"uv": [1, 3.625, 1, 3.625], "texture": "#0"}
			}
		},
		{
			"from": [6.27637, 9.20396, 3.66535],
			"to": [6.54309, 9.26898, 3.82671],
			"rotation": {"angle": 22.5, "axis": "y", "origin": [6.40972, 11.16665, 4.31746]},
			"faces": {
				"north": {"uv": [1.25, 2.5, 1.25, 2.5], "texture": "#0"},
				"east": {"uv": [1.25, 2.5, 1.25, 2.5], "texture": "#0"},
				"south": {"uv": [1.25, 2.5, 1.25, 2.5], "texture": "#0"},
				"west": {"uv": [1.25, 2.5, 1.25, 2.5], "texture": "#0"},
				"up": {"uv": [1.25, 2.5, 1.25, 2.5], "texture": "#0"},
				"down": {"uv": [1.25, 2.5, 1.25, 2.5], "texture": "#0"}
			}
		},
		{
			"from": [6.27637, 9.38084, 3.66535],
			"to": [6.54309, 9.44586, 3.82671],
			"rotation": {"angle": 22.5, "axis": "y", "origin": [6.40972, 11.34353, 4.31746]},
			"faces": {
				"north": {"uv": [1.25, 2.5, 1.25, 2.5], "texture": "#0"},
				"east": {"uv": [1.25, 2.5, 1.25, 2.5], "texture": "#0"},
				"south": {"uv": [1.25, 2.5, 1.25, 2.5], "texture": "#0"},
				"west": {"uv": [1.25, 2.5, 1.25, 2.5], "texture": "#0"},
				"up": {"uv": [1.25, 2.5, 1.25, 2.5], "texture": "#0"},
				"down": {"uv": [1.25, 2.5, 1.25, 2.5], "texture": "#0"}
			}
		},
		{
			"from": [6.27637, 9.20396, 4.80821],
			"to": [6.54309, 9.26898, 4.96957],
			"rotation": {"angle": 22.5, "axis": "y", "origin": [6.40972, 11.16665, 4.31746]},
			"faces": {
				"north": {"uv": [1.25, 2.5, 1.25, 2.5], "texture": "#0"},
				"east": {"uv": [1.25, 2.5, 1.25, 2.5], "texture": "#0"},
				"south": {"uv": [1.25, 2.5, 1.25, 2.5], "texture": "#0"},
				"west": {"uv": [1.25, 2.5, 1.25, 2.5], "texture": "#0"},
				"up": {"uv": [1.25, 2.5, 1.25, 2.5], "texture": "#0"},
				"down": {"uv": [1.25, 2.5, 1.25, 2.5], "texture": "#0"}
			}
		},
		{
			"from": [6.27637, 9.38084, 4.80821],
			"to": [6.54309, 9.44586, 4.96957],
			"rotation": {"angle": 22.5, "axis": "y", "origin": [6.40972, 11.34353, 4.31746]},
			"faces": {
				"north": {"uv": [1.25, 2.5, 1.25, 2.5], "texture": "#0"},
				"east": {"uv": [1.25, 2.5, 1.25, 2.5], "texture": "#0"},
				"south": {"uv": [1.25, 2.5, 1.25, 2.5], "texture": "#0"},
				"west": {"uv": [1.25, 2.5, 1.25, 2.5], "texture": "#0"},
				"up": {"uv": [1.25, 2.5, 1.25, 2.5], "texture": "#0"},
				"down": {"uv": [1.25, 2.5, 1.25, 2.5], "texture": "#0"}
			}
		},
		{
			"from": [6.34149, 8.21282, 3.98381],
			"to": [6.47796, 9.05702, 4.65111],
			"rotation": {"angle": 22.5, "axis": "y", "origin": [6.40972, 5.42898, 4.31746]},
			"faces": {
				"north": {"uv": [1.5, 3.625, 1.5, 3.625], "texture": "#0"},
				"east": {"uv": [1.5, 3.625, 1.5, 3.625], "texture": "#0"},
				"south": {"uv": [1.5, 3.625, 1.5, 3.625], "texture": "#0"},
				"west": {"uv": [1.5, 3.625, 1.5, 3.625], "texture": "#0"},
				"up": {"uv": [1.5, 3.625, 1.5, 3.625], "texture": "#0"},
				"down": {"uv": [1.5, 3.625, 1.5, 3.625], "texture": "#0"}
			}
		},
		{
			"from": [6.34149, 9.60964, 3.98381],
			"to": [6.47796, 10.45385, 4.65111],
			"rotation": {"angle": 22.5, "axis": "y", "origin": [6.40972, 6.82581, 4.31746]},
			"faces": {
				"north": {"uv": [1.125, 1, 14.875, 14.875], "texture": "#4"},
				"east": {"uv": [1.125, 1, 14.875, 14.875], "texture": "#4"},
				"south": {"uv": [1.125, 1, 14.875, 14.875], "texture": "#4"},
				"west": {"uv": [1.125, 1, 14.875, 14.875], "texture": "#4"},
				"up": {"uv": [1.5, 1.75, 1.5, 1.75], "texture": "#4"},
				"down": {"uv": [1.75, 1.75, 1.75, 1.75], "texture": "#4"}
			}
		},
		{
			"from": [6.34792, 0.86728, 4.01524],
			"to": [6.47153, 1.28265, 4.61968],
			"rotation": {"angle": -22.5, "axis": "y", "origin": [6.40972, 0.2071, 4.31746]},
			"faces": {
				"north": {"uv": [1.5, 3.625, 1.5, 3.625], "texture": "#0"},
				"east": {"uv": [1.5, 3.625, 1.5, 3.625], "texture": "#0"},
				"south": {"uv": [1.5, 3.625, 1.5, 3.625], "texture": "#0"},
				"west": {"uv": [1.5, 3.625, 1.5, 3.625], "texture": "#0"},
				"up": {"uv": [1.5, 3.625, 1.5, 3.625], "texture": "#0"},
				"down": {"uv": [1.5, 3.625, 1.5, 3.625], "texture": "#0"}
			}
		},
		{
			"from": [6.36028, 8.08007, 4.07568],
			"to": [6.45917, 9.13219, 4.55924],
			"rotation": {"angle": -22.5, "axis": "y", "origin": [6.40972, 0.77968, 4.31746]},
			"faces": {
				"north": {"uv": [6.75, 1, 6.75, 1], "texture": "#1"},
				"east": {"uv": [6.75, 1, 6.75, 1], "texture": "#1"},
				"south": {"uv": [6.75, 1, 6.75, 1], "texture": "#1"},
				"west": {"uv": [6.75, 1, 6.75, 1], "texture": "#1"},
				"up": {"uv": [6.75, 1, 6.75, 1], "texture": "#1"},
				"down": {"uv": [6.75, 1, 6.75, 1], "texture": "#1"}
			}
		},
		{
			"from": [6.36819, 7.40233, 4.11437],
			"to": [6.45126, 8.28611, 4.52055],
			"rotation": {"angle": -22.5, "axis": "y", "origin": [6.40972, 1.27001, 4.31746]},
			"faces": {
				"north": {"uv": [6.75, 1, 6.75, 1], "texture": "#1"},
				"east": {"uv": [6.75, 1, 6.75, 1], "texture": "#1"},
				"south": {"uv": [6.75, 1, 6.75, 1], "texture": "#1"},
				"west": {"uv": [6.75, 1, 6.75, 1], "texture": "#1"},
				"up": {"uv": [6.75, 1, 6.75, 1], "texture": "#1"},
				"down": {"uv": [6.75, 1, 6.75, 1], "texture": "#1"}
			}
		},
		{
			"from": [6.37401, 0.96896, 4.1428],
			"to": [6.44544, 8.2433, 4.49212],
			"rotation": {"angle": -22.5, "axis": "y", "origin": [6.40972, 1.70151, 4.31746]},
			"faces": {
				"north": {"uv": [6.75, 1, 6.75, 1], "texture": "#1"},
				"east": {"uv": [6.75, 1, 6.75, 1], "texture": "#1"},
				"south": {"uv": [6.75, 1, 6.75, 1], "texture": "#1"},
				"west": {"uv": [6.75, 1, 6.75, 1], "texture": "#1"},
				"up": {"uv": [6.75, 1, 6.75, 1], "texture": "#1"},
				"down": {"uv": [6.75, 1, 6.75, 1], "texture": "#1"}
			}
		},
		{
			"from": [6.36028, 9.47689, 4.07568],
			"to": [6.45917, 10.52901, 4.55924],
			"rotation": {"angle": -22.5, "axis": "y", "origin": [6.40972, 10.55746, 4.31746]},
			"faces": {
				"north": {"uv": [1.125, 1, 14.875, 14.875], "texture": "#4"},
				"east": {"uv": [1.125, 1, 14.875, 14.875], "texture": "#4"},
				"south": {"uv": [1.125, 1, 14.875, 14.875], "texture": "#4"},
				"west": {"uv": [1.125, 1, 14.875, 14.875], "texture": "#4"},
				"up": {"uv": [2.5, 4.5, 2.5, 4.5], "texture": "#4"},
				"down": {"uv": [1.75, 4.75, 1.75, 4.75], "texture": "#4"}
			}
		},
		{
			"from": [6.36028, 0.79546, 4.07568],
			"to": [6.45917, 1.38616, 4.55924],
			"rotation": {"angle": -22.5, "axis": "y", "origin": [6.40972, 1.41461, 4.31746]},
			"faces": {
				"north": {"uv": [1.5, 3.625, 1.5, 3.625], "texture": "#0"},
				"east": {"uv": [1.5, 3.625, 1.5, 3.625], "texture": "#0"},
				"south": {"uv": [1.5, 3.625, 1.5, 3.625], "texture": "#0"},
				"west": {"uv": [1.5, 3.625, 1.5, 3.625], "texture": "#0"},
				"up": {"uv": [1.5, 3.625, 1.5, 3.625], "texture": "#0"},
				"down": {"uv": [1.5, 3.625, 1.5, 3.625], "texture": "#0"}
			}
		},
		{
			"from": [6.31167, 8.46445, 3.83797],
			"to": [6.50778, 8.60563, 4.79695],
			"rotation": {"angle": -22.5, "axis": "y", "origin": [6.40972, 9.90761, 4.31746]},
			"faces": {
				"north": {"uv": [1, 3.625, 1, 3.625], "texture": "#0"},
				"east": {"uv": [1, 3.625, 1, 3.625], "texture": "#0"},
				"south": {"uv": [1, 3.625, 1, 3.625], "texture": "#0"},
				"west": {"uv": [1, 3.625, 1, 3.625], "texture": "#0"},
				"up": {"uv": [1, 3.625, 1, 3.625], "texture": "#0"},
				"down": {"uv": [1, 3.625, 1, 3.625], "texture": "#0"}
			}
		},
		{
			"from": [6.32736, 8.0025, 3.91469],
			"to": [6.49209, 8.13647, 4.72023],
			"rotation": {"angle": -22.5, "axis": "y", "origin": [6.40972, 9.21476, 4.31746]},
			"faces": {
				"north": {"uv": [1, 3.625, 1, 3.625], "texture": "#0"},
				"east": {"uv": [1, 3.625, 1, 3.625], "texture": "#0"},
				"south": {"uv": [1, 3.625, 1, 3.625], "texture": "#0"},
				"west": {"uv": [1, 3.625, 1, 3.625], "texture": "#0"},
				"up": {"uv": [1, 3.625, 1, 3.625], "texture": "#0"},
				"down": {"uv": [1, 3.625, 1, 3.625], "texture": "#0"}
			}
		},
		{
			"from": [6.27637, 9.20396, 4.80821],
			"to": [6.54309, 9.26898, 4.96957],
			"rotation": {"angle": -22.5, "axis": "y", "origin": [6.40972, 11.16665, 4.31746]},
			"faces": {
				"north": {"uv": [1.25, 2.5, 1.25, 2.5], "texture": "#0"},
				"east": {"uv": [1.25, 2.5, 1.25, 2.5], "texture": "#0"},
				"south": {"uv": [1.25, 2.5, 1.25, 2.5], "texture": "#0"},
				"west": {"uv": [1.25, 2.5, 1.25, 2.5], "texture": "#0"},
				"up": {"uv": [1.25, 2.5, 1.25, 2.5], "texture": "#0"},
				"down": {"uv": [1.25, 2.5, 1.25, 2.5], "texture": "#0"}
			}
		},
		{
			"from": [6.27637, 9.38084, 4.80821],
			"to": [6.54309, 9.44586, 4.96957],
			"rotation": {"angle": -22.5, "axis": "y", "origin": [6.40972, 11.34353, 4.31746]},
			"faces": {
				"north": {"uv": [1.25, 2.5, 1.25, 2.5], "texture": "#0"},
				"east": {"uv": [1.25, 2.5, 1.25, 2.5], "texture": "#0"},
				"south": {"uv": [1.25, 2.5, 1.25, 2.5], "texture": "#0"},
				"west": {"uv": [1.25, 2.5, 1.25, 2.5], "texture": "#0"},
				"up": {"uv": [1.25, 2.5, 1.25, 2.5], "texture": "#0"},
				"down": {"uv": [1.25, 2.5, 1.25, 2.5], "texture": "#0"}
			}
		},
		{
			"from": [6.27637, 9.20396, 3.66535],
			"to": [6.54309, 9.26898, 3.82671],
			"rotation": {"angle": -22.5, "axis": "y", "origin": [6.40972, 11.16665, 4.31746]},
			"faces": {
				"north": {"uv": [1.25, 2.5, 1.25, 2.5], "texture": "#0"},
				"east": {"uv": [1.25, 2.5, 1.25, 2.5], "texture": "#0"},
				"south": {"uv": [1.25, 2.5, 1.25, 2.5], "texture": "#0"},
				"west": {"uv": [1.25, 2.5, 1.25, 2.5], "texture": "#0"},
				"up": {"uv": [1.25, 2.5, 1.25, 2.5], "texture": "#0"},
				"down": {"uv": [1.25, 2.5, 1.25, 2.5], "texture": "#0"}
			}
		},
		{
			"from": [6.27637, 9.38084, 3.66535],
			"to": [6.54309, 9.44586, 3.82671],
			"rotation": {"angle": -22.5, "axis": "y", "origin": [6.40972, 11.34353, 4.31746]},
			"faces": {
				"north": {"uv": [1.25, 2.5, 1.25, 2.5], "texture": "#0"},
				"east": {"uv": [1.25, 2.5, 1.25, 2.5], "texture": "#0"},
				"south": {"uv": [1.25, 2.5, 1.25, 2.5], "texture": "#0"},
				"west": {"uv": [1.25, 2.5, 1.25, 2.5], "texture": "#0"},
				"up": {"uv": [1.25, 2.5, 1.25, 2.5], "texture": "#0"},
				"down": {"uv": [1.25, 2.5, 1.25, 2.5], "texture": "#0"}
			}
		},
		{
			"from": [6.34149, 8.21282, 3.98381],
			"to": [6.47796, 9.05702, 4.65111],
			"rotation": {"angle": -22.5, "axis": "y", "origin": [6.40972, 5.42898, 4.31746]},
			"faces": {
				"north": {"uv": [1.5, 3.625, 1.5, 3.625], "texture": "#0"},
				"east": {"uv": [1.5, 3.625, 1.5, 3.625], "texture": "#0"},
				"south": {"uv": [1.5, 3.625, 1.5, 3.625], "texture": "#0"},
				"west": {"uv": [1.5, 3.625, 1.5, 3.625], "texture": "#0"},
				"up": {"uv": [1.5, 3.625, 1.5, 3.625], "texture": "#0"},
				"down": {"uv": [1.5, 3.625, 1.5, 3.625], "texture": "#0"}
			}
		},
		{
			"from": [6.34149, 9.60964, 3.98381],
			"to": [6.47796, 10.45385, 4.65111],
			"rotation": {"angle": -22.5, "axis": "y", "origin": [6.40972, 6.82581, 4.31746]},
			"faces": {
				"north": {"uv": [1.125, 1, 14.875, 14.875], "texture": "#4"},
				"east": {"uv": [1.125, 1, 14.875, 14.875], "texture": "#4"},
				"south": {"uv": [1.125, 1, 14.875, 14.875], "texture": "#4"},
				"west": {"uv": [1.125, 1, 14.875, 14.875], "texture": "#4"},
				"up": {"uv": [1.5, 1.75, 1.5, 1.75], "texture": "#4"},
				"down": {"uv": [1.75, 1.75, 1.75, 1.75], "texture": "#4"}
			}
		},
		{
			"from": [6.34792, 0.86728, 4.01524],
			"to": [6.47153, 1.28265, 4.61968],
			"rotation": {"angle": -45, "axis": "y", "origin": [6.40972, 0.2071, 4.31746]},
			"faces": {
				"north": {"uv": [1.5, 3.625, 1.5, 3.625], "texture": "#0"},
				"east": {"uv": [1.5, 3.625, 1.5, 3.625], "texture": "#0"},
				"south": {"uv": [1.5, 3.625, 1.5, 3.625], "texture": "#0"},
				"west": {"uv": [1.5, 3.625, 1.5, 3.625], "texture": "#0"},
				"up": {"uv": [1.5, 3.625, 1.5, 3.625], "texture": "#0"},
				"down": {"uv": [1.5, 3.625, 1.5, 3.625], "texture": "#0"}
			}
		},
		{
			"from": [6.36028, 8.08007, 4.07568],
			"to": [6.45917, 9.13219, 4.55924],
			"rotation": {"angle": -45, "axis": "y", "origin": [6.40972, 0.77968, 4.31746]},
			"faces": {
				"north": {"uv": [6.75, 1, 6.75, 1], "texture": "#1"},
				"east": {"uv": [6.75, 1, 6.75, 1], "texture": "#1"},
				"south": {"uv": [6.75, 1, 6.75, 1], "texture": "#1"},
				"west": {"uv": [6.75, 1, 6.75, 1], "texture": "#1"},
				"up": {"uv": [6.75, 1, 6.75, 1], "texture": "#1"},
				"down": {"uv": [6.75, 1, 6.75, 1], "texture": "#1"}
			}
		},
		{
			"from": [6.36819, 7.40233, 4.11437],
			"to": [6.45126, 8.28611, 4.52055],
			"rotation": {"angle": -45, "axis": "y", "origin": [6.40972, 1.27001, 4.31746]},
			"faces": {
				"north": {"uv": [6.75, 1, 6.75, 1], "texture": "#1"},
				"east": {"uv": [6.75, 1, 6.75, 1], "texture": "#1"},
				"south": {"uv": [6.75, 1, 6.75, 1], "texture": "#1"},
				"west": {"uv": [6.75, 1, 6.75, 1], "texture": "#1"},
				"up": {"uv": [6.75, 1, 6.75, 1], "texture": "#1"},
				"down": {"uv": [6.75, 1, 6.75, 1], "texture": "#1"}
			}
		},
		{
			"from": [6.37401, 0.96896, 4.1428],
			"to": [6.44544, 8.2433, 4.49212],
			"rotation": {"angle": -45, "axis": "y", "origin": [6.40972, 1.70151, 4.31746]},
			"faces": {
				"north": {"uv": [6.75, 1, 6.75, 1], "texture": "#1"},
				"east": {"uv": [6.75, 1, 6.75, 1], "texture": "#1"},
				"south": {"uv": [6.75, 1, 6.75, 1], "texture": "#1"},
				"west": {"uv": [6.75, 1, 6.75, 1], "texture": "#1"},
				"up": {"uv": [6.75, 1, 6.75, 1], "texture": "#1"},
				"down": {"uv": [6.75, 1, 6.75, 1], "texture": "#1"}
			}
		},
		{
			"from": [6.36028, 9.47689, 4.07568],
			"to": [6.45917, 10.52901, 4.55924],
			"rotation": {"angle": -45, "axis": "y", "origin": [6.40972, 10.55746, 4.31746]},
			"faces": {
				"north": {"uv": [1.125, 1, 14.875, 14.875], "texture": "#4"},
				"east": {"uv": [1.125, 1, 14.875, 14.875], "texture": "#4"},
				"south": {"uv": [1.125, 1, 14.875, 14.875], "texture": "#4"},
				"west": {"uv": [1.125, 1, 14.875, 14.875], "texture": "#4"},
				"up": {"uv": [2.5, 4.5, 2.5, 4.5], "texture": "#4"},
				"down": {"uv": [1.75, 4.75, 1.75, 4.75], "texture": "#4"}
			}
		},
		{
			"from": [6.36028, 0.79546, 4.07568],
			"to": [6.45917, 1.38616, 4.55924],
			"rotation": {"angle": -45, "axis": "y", "origin": [6.40972, 1.41461, 4.31746]},
			"faces": {
				"north": {"uv": [1.5, 3.625, 1.5, 3.625], "texture": "#0"},
				"east": {"uv": [1.5, 3.625, 1.5, 3.625], "texture": "#0"},
				"south": {"uv": [1.5, 3.625, 1.5, 3.625], "texture": "#0"},
				"west": {"uv": [1.5, 3.625, 1.5, 3.625], "texture": "#0"},
				"up": {"uv": [1.5, 3.625, 1.5, 3.625], "texture": "#0"},
				"down": {"uv": [1.5, 3.625, 1.5, 3.625], "texture": "#0"}
			}
		},
		{
			"from": [6.31167, 8.46445, 3.83797],
			"to": [6.50778, 8.60563, 4.79695],
			"rotation": {"angle": -45, "axis": "y", "origin": [6.40972, 9.90761, 4.31746]},
			"faces": {
				"north": {"uv": [1, 3.625, 1, 3.625], "texture": "#0"},
				"east": {"uv": [1, 3.625, 1, 3.625], "texture": "#0"},
				"south": {"uv": [1, 3.625, 1, 3.625], "texture": "#0"},
				"west": {"uv": [1, 3.625, 1, 3.625], "texture": "#0"},
				"up": {"uv": [1, 3.625, 1, 3.625], "texture": "#0"},
				"down": {"uv": [1, 3.625, 1, 3.625], "texture": "#0"}
			}
		},
		{
			"from": [6.32736, 8.0025, 3.91469],
			"to": [6.49209, 8.13647, 4.72023],
			"rotation": {"angle": -45, "axis": "y", "origin": [6.40972, 9.21476, 4.31746]},
			"faces": {
				"north": {"uv": [1, 3.625, 1, 3.625], "texture": "#0"},
				"east": {"uv": [1, 3.625, 1, 3.625], "texture": "#0"},
				"south": {"uv": [1, 3.625, 1, 3.625], "texture": "#0"},
				"west": {"uv": [1, 3.625, 1, 3.625], "texture": "#0"},
				"up": {"uv": [1, 3.625, 1, 3.625], "texture": "#0"},
				"down": {"uv": [1, 3.625, 1, 3.625], "texture": "#0"}
			}
		},
		{
			"from": [6.27637, 9.20396, 4.80821],
			"to": [6.54309, 9.26898, 4.96957],
			"rotation": {"angle": -45, "axis": "y", "origin": [6.40972, 11.16665, 4.31746]},
			"faces": {
				"north": {"uv": [1.25, 2.5, 1.25, 2.5], "texture": "#0"},
				"east": {"uv": [1.25, 2.5, 1.25, 2.5], "texture": "#0"},
				"south": {"uv": [1.25, 2.5, 1.25, 2.5], "texture": "#0"},
				"west": {"uv": [1.25, 2.5, 1.25, 2.5], "texture": "#0"},
				"up": {"uv": [1.25, 2.5, 1.25, 2.5], "texture": "#0"},
				"down": {"uv": [1.25, 2.5, 1.25, 2.5], "texture": "#0"}
			}
		},
		{
			"from": [6.27637, 9.38084, 4.80821],
			"to": [6.54309, 9.44586, 4.96957],
			"rotation": {"angle": -45, "axis": "y", "origin": [6.40972, 11.34353, 4.31746]},
			"faces": {
				"north": {"uv": [1.25, 2.5, 1.25, 2.5], "texture": "#0"},
				"east": {"uv": [1.25, 2.5, 1.25, 2.5], "texture": "#0"},
				"south": {"uv": [1.25, 2.5, 1.25, 2.5], "texture": "#0"},
				"west": {"uv": [1.25, 2.5, 1.25, 2.5], "texture": "#0"},
				"up": {"uv": [1.25, 2.5, 1.25, 2.5], "texture": "#0"},
				"down": {"uv": [1.25, 2.5, 1.25, 2.5], "texture": "#0"}
			}
		},
		{
			"from": [6.27637, 9.20396, 3.66535],
			"to": [6.54309, 9.26898, 3.82671],
			"rotation": {"angle": -45, "axis": "y", "origin": [6.40972, 11.16665, 4.31746]},
			"faces": {
				"north": {"uv": [1.25, 2.5, 1.25, 2.5], "texture": "#0"},
				"east": {"uv": [1.25, 2.5, 1.25, 2.5], "texture": "#0"},
				"south": {"uv": [1.25, 2.5, 1.25, 2.5], "texture": "#0"},
				"west": {"uv": [1.25, 2.5, 1.25, 2.5], "texture": "#0"},
				"up": {"uv": [1.25, 2.5, 1.25, 2.5], "texture": "#0"},
				"down": {"uv": [1.25, 2.5, 1.25, 2.5], "texture": "#0"}
			}
		},
		{
			"from": [6.27637, 9.38084, 3.66535],
			"to": [6.54309, 9.44586, 3.82671],
			"rotation": {"angle": -45, "axis": "y", "origin": [6.40972, 11.34353, 4.31746]},
			"faces": {
				"north": {"uv": [1.25, 2.5, 1.25, 2.5], "texture": "#0"},
				"east": {"uv": [1.25, 2.5, 1.25, 2.5], "texture": "#0"},
				"south": {"uv": [1.25, 2.5, 1.25, 2.5], "texture": "#0"},
				"west": {"uv": [1.25, 2.5, 1.25, 2.5], "texture": "#0"},
				"up": {"uv": [1.25, 2.5, 1.25, 2.5], "texture": "#0"},
				"down": {"uv": [1.25, 2.5, 1.25, 2.5], "texture": "#0"}
			}
		},
		{
			"from": [6.34149, 8.21282, 3.98381],
			"to": [6.47796, 9.05702, 4.65111],
			"rotation": {"angle": -45, "axis": "y", "origin": [6.40972, 5.42898, 4.31746]},
			"faces": {
				"north": {"uv": [1.5, 3.625, 1.5, 3.625], "texture": "#0"},
				"east": {"uv": [1.5, 3.625, 1.5, 3.625], "texture": "#0"},
				"south": {"uv": [1.5, 3.625, 1.5, 3.625], "texture": "#0"},
				"west": {"uv": [1.5, 3.625, 1.5, 3.625], "texture": "#0"},
				"up": {"uv": [1.5, 3.625, 1.5, 3.625], "texture": "#0"},
				"down": {"uv": [1.5, 3.625, 1.5, 3.625], "texture": "#0"}
			}
		},
		{
			"from": [6.34149, 9.60964, 3.98381],
			"to": [6.47796, 10.45385, 4.65111],
			"rotation": {"angle": -45, "axis": "y", "origin": [6.40972, 6.82581, 4.31746]},
			"faces": {
				"north": {"uv": [1.125, 1, 14.875, 14.875], "texture": "#4"},
				"east": {"uv": [1.125, 1, 14.875, 14.875], "texture": "#4"},
				"south": {"uv": [1.125, 1, 14.875, 14.875], "texture": "#4"},
				"west": {"uv": [1.125, 1, 14.875, 14.875], "texture": "#4"},
				"up": {"uv": [1.5, 1.75, 1.5, 1.75], "texture": "#4"},
				"down": {"uv": [1.75, 1.75, 1.75, 1.75], "texture": "#4"}
			}
		}
	],
	"gui_light": "front",
	"display": {
		"thirdperson_righthand": {
			"rotation": [0, 90, 0],
			"translation": [10.5, 4.75, -4],
			"scale": [3, 3, 3]
		},
		"thirdperson_lefthand": {
			"rotation": [0, 90, 0],
			"translation": [10.5, 4.75, 6],
			"scale": [3, 3, 3]
		},
		"firstperson_righthand": {
			"rotation": [-23, 90, 0],
			"translation": [7, 5.25, -1.25],
			"scale": [2.5, 2.5, 2.5]
		},
		"firstperson_lefthand": {
			"rotation": [-23, -90, 0],
			"translation": [-9, 7.5, -1.75],
			"scale": [2.5, 2.5, 2.5]
		},
		"ground": {
			"translation": [6.5, 35.25, 15.5],
			"scale": [4, 4, 4]
		},
		"gui": {
			"rotation": [6, -180, -45],
			"translation": [-3.5, 2.25, 0],
			"scale": [1.7, 1.7, 1.7]
		},
		"head": {
			"translation": [6.25, 5.5, 15],
			"scale": [4, 4, 4]
		},
		"fixed": {
			"translation": [0, 3.25, 0]
		}
	},
	"groups": [
		{
			"name": "group",
			"origin": [6.02877, 0.06349, 4.31746],
			"children": [0, 1, 2, 3, 4, 5, 6, 7, 8, 9, 10, 11, 12, 13, 14, 15, 16, 17, 18, 19, 20, 21, 22, 23, 24, 25, 26, 27, 28, 29, 30, 31, 32, 33, 34, 35, 36, 37, 38, 39, 40, 41, 42, 43, 44, 45, 46, 47, 48, 49, 50, 51, 52, 53, 54, 55, 56, 57, 58, 59, 60, 61, 62, 63, 64, 65, 66, 67, 68, 69, 70, 71, 72, 73, 74, 75, 76, 77, 78, 79, 80, 81, 82, 83, 84, 85, 86, 87, 88, 89, 90, 91, 92, 93, 94, 95, 96, 97, 98, 99, 100, 101,
				{
					"name": "group",
					"origin": [6.40972, 10.09866, 4.31746],
					"children": []
				}, 102, 103, 104, 105, 106, 107, 108, 109, 110, 111, 112, 113, 114, 115, 116, 117, 118, 119, 120, 121, 122, 123, 124, 125, 126, 127, 128, 129, 130, 131, 132, 133, 134, 135, 136, 137, 138, 139, 140, 141, 142, 143]
		}
	]
}