{
	"credit": "Made with Blockbench",
	"textures": {
		"layer0": "block/redstone_block",
		"particle": "block/redstone_lamp_on"
	},
	"elements": [
		{
			"from": [6.5, 30.5, 7.5],
			"to": [9.5, 31.5, 8.5],
			"rotation": {"angle": 0, "axis": "y", "origin": [8, 31, 8]},
			"faces": {
				"north": {"uv": [7, 5, 8, 6], "texture": "#layer0"},
				"east": {"uv": [7, 5, 8, 6], "texture": "#layer0"},
				"south": {"uv": [7, 5, 8, 6], "texture": "#layer0"},
				"west": {"uv": [7, 5, 8, 6], "texture": "#layer0"},
				"up": {"uv": [7, 5, 8, 6], "texture": "#layer0"},
				"down": {"uv": [7, 5, 8, 6], "texture": "#layer0"}
			}
		},
		{
			"from": [6, 25.5, 7.5],
			"to": [7, 31, 8.5],
			"rotation": {"angle": 0, "axis": "y", "origin": [8, 26.5, 8]},
			"faces": {
				"north": {"uv": [7, 5, 8, 6], "texture": "#layer0"},
				"east": {"uv": [7, 5, 8, 6], "texture": "#layer0"},
				"south": {"uv": [7, 5, 8, 6], "texture": "#layer0"},
				"west": {"uv": [7, 5, 8, 6], "texture": "#layer0"},
				"up": {"uv": [7, 5, 8, 6], "texture": "#layer0"},
				"down": {"uv": [7, 5, 8, 6], "texture": "#layer0"}
			}
		},
		{
			"from": [9, 25.5, 7.5],
			"to": [10, 31, 8.5],
			"rotation": {"angle": 0, "axis": "y", "origin": [8, 26.5, 8]},
			"faces": {
				"north": {"uv": [7, 5, 8, 6], "texture": "#layer0"},
				"east": {"uv": [7, 5, 8, 6], "texture": "#layer0"},
				"south": {"uv": [7, 5, 8, 6], "texture": "#layer0"},
				"west": {"uv": [7, 5, 8, 6], "texture": "#layer0"},
				"up": {"uv": [7, 5, 8, 6], "texture": "#layer0"},
				"down": {"uv": [7, 5, 8, 6], "texture": "#layer0"}
			}
		},
		{
			"from": [6.5, 25, 7.5],
			"to": [9.5, 26, 8.5],
			"rotation": {"angle": 0, "axis": "y", "origin": [8, 25.5, 8]},
			"faces": {
				"north": {"uv": [7, 5, 8, 6], "texture": "#layer0"},
				"east": {"uv": [7, 5, 8, 6], "texture": "#layer0"},
				"south": {"uv": [7, 5, 8, 6], "texture": "#layer0"},
				"west": {"uv": [7, 5, 8, 6], "texture": "#layer0"},
				"up": {"uv": [7, 5, 8, 6], "texture": "#layer0"},
				"down": {"uv": [7, 5, 8, 6], "texture": "#layer0"}
			}
		},
		{
			"from": [7.5, 26, 6.5],
			"to": [8.5, 27, 9.5],
			"rotation": {"angle": 0, "axis": "y", "origin": [8, 26.5, 8]},
			"faces": {
				"north": {"uv": [7, 5, 8, 6], "texture": "#layer0"},
				"east": {"uv": [7, 5, 8, 6], "texture": "#layer0"},
				"south": {"uv": [7, 5, 8, 6], "texture": "#layer0"},
				"west": {"uv": [7, 5, 8, 6], "texture": "#layer0"},
				"up": {"uv": [7, 5, 8, 6], "rotation": 270, "texture": "#layer0"},
				"down": {"uv": [7, 5, 8, 6], "rotation": 90, "texture": "#layer0"}
			}
		},
		{
			"from": [7.5, 21, 9],
			"to": [8.5, 26.5, 10],
			"rotation": {"angle": 0, "axis": "y", "origin": [8, 22, 8]},
			"faces": {
				"north": {"uv": [7, 5, 8, 6], "texture": "#layer0"},
				"east": {"uv": [7, 5, 8, 6], "texture": "#layer0"},
				"south": {"uv": [7, 5, 8, 6], "texture": "#layer0"},
				"west": {"uv": [7, 5, 8, 6], "texture": "#layer0"},
				"up": {"uv": [7, 5, 8, 6], "rotation": 270, "texture": "#layer0"},
				"down": {"uv": [7, 5, 8, 6], "rotation": 90, "texture": "#layer0"}
			}
		},
		{
			"from": [7.5, 21, 6],
			"to": [8.5, 26.5, 7],
			"rotation": {"angle": 0, "axis": "y", "origin": [8, 22, 8]},
			"faces": {
				"north": {"uv": [7, 5, 8, 6], "texture": "#layer0"},
				"east": {"uv": [7, 5, 8, 6], "texture": "#layer0"},
				"south": {"uv": [7, 5, 8, 6], "texture": "#layer0"},
				"west": {"uv": [7, 5, 8, 6], "texture": "#layer0"},
				"up": {"uv": [7, 5, 8, 6], "rotation": 270, "texture": "#layer0"},
				"down": {"uv": [7, 5, 8, 6], "rotation": 90, "texture": "#layer0"}
			}
		},
		{
			"from": [7.5, 20.5, 6.5],
			"to": [8.5, 21.5, 9.5],
			"rotation": {"angle": 0, "axis": "y", "origin": [8, 21, 8]},
			"faces": {
				"north": {"uv": [7, 5, 8, 6], "texture": "#layer0"},
				"east": {"uv": [7, 5, 8, 6], "texture": "#layer0"},
				"south": {"uv": [7, 5, 8, 6], "texture": "#layer0"},
				"west": {"uv": [7, 5, 8, 6], "texture": "#layer0"},
				"up": {"uv": [7, 5, 8, 6], "rotation": 270, "texture": "#layer0"},
				"down": {"uv": [7, 5, 8, 6], "rotation": 90, "texture": "#layer0"}
			}
		},
		{
			"from": [6.5, 21.5, 7.5],
			"to": [9.5, 22.5, 8.5],
			"rotation": {"angle": 0, "axis": "y", "origin": [8, 22, 8]},
			"faces": {
				"north": {"uv": [7, 5, 8, 6], "texture": "#layer0"},
				"east": {"uv": [7, 5, 8, 6], "texture": "#layer0"},
				"south": {"uv": [7, 5, 8, 6], "texture": "#layer0"},
				"west": {"uv": [7, 5, 8, 6], "texture": "#layer0"},
				"up": {"uv": [7, 5, 8, 6], "texture": "#layer0"},
				"down": {"uv": [7, 5, 8, 6], "texture": "#layer0"}
			}
		},
		{
			"from": [6, 16.5, 7.5],
			"to": [7, 22, 8.5],
			"rotation": {"angle": 0, "axis": "y", "origin": [8, 17.5, 8]},
			"faces": {
				"north": {"uv": [7, 5, 8, 6], "texture": "#layer0"},
				"east": {"uv": [7, 5, 8, 6], "texture": "#layer0"},
				"south": {"uv": [7, 5, 8, 6], "texture": "#layer0"},
				"west": {"uv": [7, 5, 8, 6], "texture": "#layer0"},
				"up": {"uv": [7, 5, 8, 6], "texture": "#layer0"},
				"down": {"uv": [7, 5, 8, 6], "texture": "#layer0"}
			}
		},
		{
			"from": [9, 16.5, 7.5],
			"to": [10, 22, 8.5],
			"rotation": {"angle": 0, "axis": "y", "origin": [8, 17.5, 8]},
			"faces": {
				"north": {"uv": [7, 5, 8, 6], "texture": "#layer0"},
				"east": {"uv": [7, 5, 8, 6], "texture": "#layer0"},
				"south": {"uv": [7, 5, 8, 6], "texture": "#layer0"},
				"west": {"uv": [7, 5, 8, 6], "texture": "#layer0"},
				"up": {"uv": [7, 5, 8, 6], "texture": "#layer0"},
				"down": {"uv": [7, 5, 8, 6], "texture": "#layer0"}
			}
		},
		{
			"from": [6.5, 16, 7.5],
			"to": [9.5, 17, 8.5],
			"rotation": {"angle": 0, "axis": "y", "origin": [8, 16.5, 8]},
			"faces": {
				"north": {"uv": [7, 5, 8, 6], "texture": "#layer0"},
				"east": {"uv": [7, 5, 8, 6], "texture": "#layer0"},
				"south": {"uv": [7, 5, 8, 6], "texture": "#layer0"},
				"west": {"uv": [7, 5, 8, 6], "texture": "#layer0"},
				"up": {"uv": [7, 5, 8, 6], "texture": "#layer0"},
				"down": {"uv": [7, 5, 8, 6], "texture": "#layer0"}
			}
		},
		{
			"from": [7.5, 17, 6.5],
			"to": [8.5, 18, 9.5],
			"rotation": {"angle": 0, "axis": "y", "origin": [8, 17.5, 8]},
			"faces": {
				"north": {"uv": [7, 5, 8, 6], "texture": "#layer0"},
				"east": {"uv": [7, 5, 8, 6], "texture": "#layer0"},
				"south": {"uv": [7, 5, 8, 6], "texture": "#layer0"},
				"west": {"uv": [7, 5, 8, 6], "texture": "#layer0"},
				"up": {"uv": [7, 5, 8, 6], "rotation": 270, "texture": "#layer0"},
				"down": {"uv": [7, 5, 8, 6], "rotation": 90, "texture": "#layer0"}
			}
		},
		{
			"from": [7.5, 12, 9],
			"to": [8.5, 17.5, 10],
			"rotation": {"angle": 0, "axis": "y", "origin": [8, 13, 8]},
			"faces": {
				"north": {"uv": [7, 5, 8, 6], "texture": "#layer0"},
				"east": {"uv": [7, 5, 8, 6], "texture": "#layer0"},
				"south": {"uv": [7, 5, 8, 6], "texture": "#layer0"},
				"west": {"uv": [7, 5, 8, 6], "texture": "#layer0"},
				"up": {"uv": [7, 5, 8, 6], "rotation": 270, "texture": "#layer0"},
				"down": {"uv": [7, 5, 8, 6], "rotation": 90, "texture": "#layer0"}
			}
		},
		{
			"from": [7.5, 12, 6],
			"to": [8.5, 17.5, 7],
			"rotation": {"angle": 0, "axis": "y", "origin": [8, 13, 8]},
			"faces": {
				"north": {"uv": [7, 5, 8, 6], "texture": "#layer0"},
				"east": {"uv": [7, 5, 8, 6], "texture": "#layer0"},
				"south": {"uv": [7, 5, 8, 6], "texture": "#layer0"},
				"west": {"uv": [7, 5, 8, 6], "texture": "#layer0"},
				"up": {"uv": [7, 5, 8, 6], "rotation": 270, "texture": "#layer0"},
				"down": {"uv": [7, 5, 8, 6], "rotation": 90, "texture": "#layer0"}
			}
		},
		{
			"from": [7.5, 11.5, 6.5],
			"to": [8.5, 12.5, 9.5],
			"rotation": {"angle": 0, "axis": "y", "origin": [8, 12, 8]},
			"faces": {
				"north": {"uv": [7, 5, 8, 6], "texture": "#layer0"},
				"east": {"uv": [7, 5, 8, 6], "texture": "#layer0"},
				"south": {"uv": [7, 5, 8, 6], "texture": "#layer0"},
				"west": {"uv": [7, 5, 8, 6], "texture": "#layer0"},
				"up": {"uv": [7, 5, 8, 6], "rotation": 270, "texture": "#layer0"},
				"down": {"uv": [7, 5, 8, 6], "rotation": 90, "texture": "#layer0"}
			}
		},
		{
			"from": [6.5, 12.5, 7.5],
			"to": [9.5, 13.5, 8.5],
			"rotation": {"angle": 0, "axis": "y", "origin": [8, 13, 8]},
			"faces": {
				"north": {"uv": [7, 5, 8, 6], "texture": "#layer0"},
				"east": {"uv": [7, 5, 8, 6], "texture": "#layer0"},
				"south": {"uv": [7, 5, 8, 6], "texture": "#layer0"},
				"west": {"uv": [7, 5, 8, 6], "texture": "#layer0"},
				"up": {"uv": [7, 5, 8, 6], "texture": "#layer0"},
				"down": {"uv": [7, 5, 8, 6], "texture": "#layer0"}
			}
		},
		{
			"from": [6, 7.5, 7.5],
			"to": [7, 13, 8.5],
			"rotation": {"angle": 0, "axis": "y", "origin": [8, 8.5, 8]},
			"faces": {
				"north": {"uv": [7, 5, 8, 6], "texture": "#layer0"},
				"east": {"uv": [7, 5, 8, 6], "texture": "#layer0"},
				"south": {"uv": [7, 5, 8, 6], "texture": "#layer0"},
				"west": {"uv": [7, 5, 8, 6], "texture": "#layer0"},
				"up": {"uv": [7, 5, 8, 6], "texture": "#layer0"},
				"down": {"uv": [7, 5, 8, 6], "texture": "#layer0"}
			}
		},
		{
			"from": [9, 7.5, 7.5],
			"to": [10, 13, 8.5],
			"rotation": {"angle": 0, "axis": "y", "origin": [8, 8.5, 8]},
			"faces": {
				"north": {"uv": [7, 5, 8, 6], "texture": "#layer0"},
				"east": {"uv": [7, 5, 8, 6], "texture": "#layer0"},
				"south": {"uv": [7, 5, 8, 6], "texture": "#layer0"},
				"west": {"uv": [7, 5, 8, 6], "texture": "#layer0"},
				"up": {"uv": [7, 5, 8, 6], "texture": "#layer0"},
				"down": {"uv": [7, 5, 8, 6], "texture": "#layer0"}
			}
		},
		{
			"from": [6.5, 7, 7.5],
			"to": [9.5, 8, 8.5],
			"rotation": {"angle": 0, "axis": "y", "origin": [8, 7.5, 8]},
			"faces": {
				"north": {"uv": [7, 5, 8, 6], "texture": "#layer0"},
				"east": {"uv": [7, 5, 8, 6], "texture": "#layer0"},
				"south": {"uv": [7, 5, 8, 6], "texture": "#layer0"},
				"west": {"uv": [7, 5, 8, 6], "texture": "#layer0"},
				"up": {"uv": [7, 5, 8, 6], "texture": "#layer0"},
				"down": {"uv": [7, 5, 8, 6], "texture": "#layer0"}
			}
		},
		{
			"from": [7.5, 8, 6.5],
			"to": [8.5, 9, 9.5],
			"rotation": {"angle": 0, "axis": "y", "origin": [8, 8.5, 8]},
			"faces": {
				"north": {"uv": [7, 5, 8, 6], "texture": "#layer0"},
				"east": {"uv": [7, 5, 8, 6], "texture": "#layer0"},
				"south": {"uv": [7, 5, 8, 6], "texture": "#layer0"},
				"west": {"uv": [7, 5, 8, 6], "texture": "#layer0"},
				"up": {"uv": [7, 5, 8, 6], "rotation": 270, "texture": "#layer0"},
				"down": {"uv": [7, 5, 8, 6], "rotation": 90, "texture": "#layer0"}
			}
		},
		{
			"from": [7.5, 3, 9],
			"to": [8.5, 8.5, 10],
			"rotation": {"angle": 0, "axis": "y", "origin": [8, 4, 8]},
			"faces": {
				"north": {"uv": [7, 5, 8, 6], "texture": "#layer0"},
				"east": {"uv": [7, 5, 8, 6], "texture": "#layer0"},
				"south": {"uv": [7, 5, 8, 6], "texture": "#layer0"},
				"west": {"uv": [7, 5, 8, 6], "texture": "#layer0"},
				"up": {"uv": [7, 5, 8, 6], "rotation": 270, "texture": "#layer0"},
				"down": {"uv": [7, 5, 8, 6], "rotation": 90, "texture": "#layer0"}
			}
		},
		{
			"from": [7.5, 3, 6],
			"to": [8.5, 8.5, 7],
			"rotation": {"angle": 0, "axis": "y", "origin": [8, 4, 8]},
			"faces": {
				"north": {"uv": [7, 5, 8, 6], "texture": "#layer0"},
				"east": {"uv": [7, 5, 8, 6], "texture": "#layer0"},
				"south": {"uv": [7, 5, 8, 6], "texture": "#layer0"},
				"west": {"uv": [7, 5, 8, 6], "texture": "#layer0"},
				"up": {"uv": [7, 5, 8, 6], "rotation": 270, "texture": "#layer0"},
				"down": {"uv": [7, 5, 8, 6], "rotation": 90, "texture": "#layer0"}
			}
		},
		{
			"from": [7.5, 2.5, 6.5],
			"to": [8.5, 3.5, 9.5],
			"rotation": {"angle": 0, "axis": "y", "origin": [8, 3, 8]},
			"faces": {
				"north": {"uv": [7, 5, 8, 6], "texture": "#layer0"},
				"east": {"uv": [7, 5, 8, 6], "texture": "#layer0"},
				"south": {"uv": [7, 5, 8, 6], "texture": "#layer0"},
				"west": {"uv": [7, 5, 8, 6], "texture": "#layer0"},
				"up": {"uv": [7, 5, 8, 6], "rotation": 270, "texture": "#layer0"},
				"down": {"uv": [7, 5, 8, 6], "rotation": 90, "texture": "#layer0"}
			}
		},
		{
			"from": [6.5, 3.5, 7.5],
			"to": [9.5, 4.5, 8.5],
			"rotation": {"angle": 0, "axis": "y", "origin": [8, 4, 8]},
			"faces": {
				"north": {"uv": [7, 5, 8, 6], "texture": "#layer0"},
				"east": {"uv": [7, 5, 8, 6], "texture": "#layer0"},
				"south": {"uv": [7, 5, 8, 6], "texture": "#layer0"},
				"west": {"uv": [7, 5, 8, 6], "texture": "#layer0"},
				"up": {"uv": [7, 5, 8, 6], "texture": "#layer0"},
				"down": {"uv": [7, 5, 8, 6], "texture": "#layer0"}
			}
		},
		{
			"from": [6, -1.5, 7.5],
			"to": [7, 4, 8.5],
			"rotation": {"angle": 0, "axis": "y", "origin": [8, -0.5, 8]},
			"faces": {
				"north": {"uv": [7, 5, 8, 6], "texture": "#layer0"},
				"east": {"uv": [7, 5, 8, 6], "texture": "#layer0"},
				"south": {"uv": [7, 5, 8, 6], "texture": "#layer0"},
				"west": {"uv": [7, 5, 8, 6], "texture": "#layer0"},
				"up": {"uv": [7, 5, 8, 6], "texture": "#layer0"},
				"down": {"uv": [7, 5, 8, 6], "texture": "#layer0"}
			}
		},
		{
			"from": [9, -1.5, 7.5],
			"to": [10, 4, 8.5],
			"rotation": {"angle": 0, "axis": "y", "origin": [8, -0.5, 8]},
			"faces": {
				"north": {"uv": [7, 5, 8, 6], "texture": "#layer0"},
				"east": {"uv": [7, 5, 8, 6], "texture": "#layer0"},
				"south": {"uv": [7, 5, 8, 6], "texture": "#layer0"},
				"west": {"uv": [7, 5, 8, 6], "texture": "#layer0"},
				"up": {"uv": [7, 5, 8, 6], "texture": "#layer0"},
				"down": {"uv": [7, 5, 8, 6], "texture": "#layer0"}
			}
		},
		{
			"from": [6.5, -2, 7.5],
			"to": [9.5, -1, 8.5],
			"rotation": {"angle": 0, "axis": "y", "origin": [8, -1.5, 8]},
			"faces": {
				"north": {"uv": [7, 5, 8, 6], "texture": "#layer0"},
				"east": {"uv": [7, 5, 8, 6], "texture": "#layer0"},
				"south": {"uv": [7, 5, 8, 6], "texture": "#layer0"},
				"west": {"uv": [7, 5, 8, 6], "texture": "#layer0"},
				"up": {"uv": [7, 5, 8, 6], "texture": "#layer0"},
				"down": {"uv": [7, 5, 8, 6], "texture": "#layer0"}
			}
		}
	],
	"display": {
		"thirdperson_righthand": {
			"translation": [0, -2, 0],
			"scale": [0.5, 0.5, 0.5]
		},
		"thirdperson_lefthand": {
			"translation": [0, -2, 0],
			"scale": [-0.5, 0.5, 0.5]
		},
		"firstperson_righthand": {
			"rotation": [-28, -20, 4],
			"translation": [3, -2, 0],
			"scale": [0.5, 0.5, 0.5]
		},
		"firstperson_lefthand": {
			"rotation": [-28, -20, 4],
			"translation": [3, -2, 0],
			"scale": [0.5, 0.5, 0.5]
		},
		"ground": {
			"translation": [0, -2, 0],
			"scale": [0.5, 0.5, 0.5]
		},
		"gui": {
			"rotation": [-37, 7, 35],
			"translation": [2, -3, 0],
			"scale": [0.6, 0.6, 0.6]
		},
		"head": {
			"scale": [4, 4, 4]
		},
		"fixed": {
			"translation": [0, -2, 0],
			"scale": [0.5, 0.5, 0.5]
		}
	},
	"groups": [
		{
			"name": "group",
			"origin": [8, 7.5, 8],
			"children": [0, 1, 2, 3]
		},
		{
			"name": "group",
			"origin": [8, 7.5, 8],
			"children": [4, 5, 6, 7]
		},
		{
			"name": "group",
			"origin": [8, 7.5, 8],
			"children": [8, 9, 10, 11]
		},
		{
			"name": "group",
			"origin": [8, 7.5, 8],
			"children": [12, 13, 14, 15]
		},
		{
			"name": "group",
			"origin": [8, 7.5, 8],
			"children": [16, 17, 18, 19]
		},
		{
			"name": "group",
			"origin": [8, 7.5, 8],
			"children": [20, 21, 22, 23]
		},
		{
			"name": "group",
			"origin": [8, 7.5, 8],
			"children": [24, 25, 26, 27]
		}
	]
}