{
  "type": "minecraft:entity",
  "pools": [
    {
      "rolls": 1,
      "entries": [
        {
          "type": "minecraft:item",
          "name": "minecraft:carrot_on_a_stick",
          "functions": [
            {
                "function": "minecraft:set_name",
                "name": {"text": "アンタレス","color":"#FF6B63","bold":true,"italic":false}
            },
            {
                "function": "minecraft:set_lore",
                "lore": [
                  {"text":"--------------------------------","italic":false,"color":"gray"},
                  {"text":"MP:17 / Cooldown:15","italic":false,"color":"aqua"},
                  {"text":"15秒間、自身の周囲を回転する魔法弾を展開。","italic":false,"color":"white"},
                  {"text":"魔法を使う事で魔法弾が追加で飛んでいく。","italic":false,"color":"white"},
                  {"text":"--------------------------------","italic":false,"color":"gray"}
                ]
            },
            {
                "function": "minecraft:set_nbt",
                "tag": "{CustomModelData:19,Soulbound:1b,Unbreakable:1b,HideFlags:4,magic_assist:1b,star_magic:1b}"
            }
          ]
        }
      ]
    }
  ]
}