{
  "type": "minecraft:entity",
  "pools": [
    {
      "rolls": 1,
      "entries": [
        {
          "type": "minecraft:item",
          "name": "minecraft:carrot_on_a_stick",
          "functions": [
            {
                "function": "minecraft:set_name",
                "name": {"text": "守の彗星","color":"yellow","bold":true,"italic":false}
            },
            {
                "function": "minecraft:set_lore",
                "lore": [
                  {"text":"--------------------------------","italic":false,"color":"gray"},
                  {"text":"MP:10 / Cooldown:12","italic":false,"color":"aqua"},
                  {"text":"守護の力を持った彗星を降らす。","italic":false,"color":"white"},
                  {"text":"次のダメージを無効化するバフを与える。","italic":false,"color":"white"},
                  {"text":"--------------------------------","italic":false,"color":"gray"}
                ]
            },
            {
                "function": "minecraft:set_nbt",
                "tag": "{CustomModelData:93,Soulbound:1b,Unbreakable:1b,HideFlags:4,magic_assist:1b,star_magic:1b}"
            }
          ]
        }
      ]
    }
  ]
}