{
  "type": "minecraft:entity",
  "pools": [
    {
      "rolls": 1,
      "entries": [
        {
          "type": "minecraft:item",
          "name": "minecraft:carrot_on_a_stick",
          "functions": [
            {
                "function": "minecraft:set_name",
                "name": {"text": "転移門","color":"light_purple","italic":false}
            },
            {
                "function": "minecraft:set_lore",
                "lore": [
                  {"text":"--------------------------------","italic":false,"color":"gray"},
                  {"text":"MP:10 / Cooldown:60","italic":false,"color":"aqua"},
                  {"text":"ゲートを開くエンダーパールを投擲し、","italic":false,"color":"white"},
                  {"text":"投擲者の地点と着弾地点を繋ぐポータルを展開する。","italic":false,"color":"white"},
                  {"text":"--------------------------------","italic":false,"color":"gray"},
                  {"text":"ポータルは全チームのプレイヤーが利用でき、","italic":false,"color":"white"},
                  {"text":"触れると対応するポータルにテレポートする。","italic":false,"color":"white"},
                  {"text":"ポータルは素手または加護を持って殴ると破壊される。","italic":false,"color":"white"}
                ]
            },
            {
                "function": "minecraft:set_nbt",
                "tag": "{CustomModelData:56,Soulbound:1b,Unbreakable:1b,HideFlags:4,magic_assist:1b}"
            }
          ]
        }
      ]
    }
  ]
}