{
  "type": "minecraft:entity",
  "pools": [
    {
      "rolls": 1,
      "entries": [
        {
          "type": "minecraft:item",
          "name": "minecraft:carrot_on_a_stick",
          "functions": [
            {
                "function": "minecraft:set_name",
                "name": {"text": "プロキオン","color":"#E059FF","bold":true,"italic":false}
            },
            {
                "function": "minecraft:set_lore",
                "lore": [
                  {"text":"--------------------------------","italic":false,"color":"gray"},
                  {"text":"MP:0 / Cooldown:18","italic":false,"color":"aqua"},
                  {"text":"恒星に全てのMPを注ぎ込み、","italic":false,"color":"white"},
                  {"text":"全ての味方にMPを分配する。","italic":false,"color":"white"},
                  {"text":"--------------------------------","italic":false,"color":"gray"}
                ]
            },
            {
                "function": "minecraft:set_nbt",
                "tag": "{CustomModelData:10,Soulbound:1b,Unbreakable:1b,HideFlags:4,magic_assist:1b,star_magic:1b}"
            }
          ]
        }
      ]
    }
  ]
}