{
  "type": "minecraft:entity",
  "pools": [
    {
      "rolls": 1,
      "entries": [
        {
          "type": "minecraft:item",
          "name": "minecraft:carrot_on_a_stick",
          "functions": [
            {
                "function": "minecraft:set_name",
                "name": {"text": "煙幕","color":"gray","italic":false}
            },
            {
                "function": "minecraft:set_lore",
                "lore": [
                  {"text":"--------------------------------","italic":false,"color":"gray"},
                  {"text":"MP:10 / Cooldown:20","italic":false,"color":"aqua"},
                  {"text":"前方に一定時間で起爆する煙幕を投擲。","italic":false,"color":"white"},
                  {"text":"付近の敵を盲目と鈍足の状態にする。","italic":false,"color":"white"},
                  {"text":"--------------------------------","italic":false,"color":"gray"}
                ]
            },
            {
                "function": "minecraft:set_nbt",
                "tag": "{CustomModelData:74,Soulbound:1b,Unbreakable:1b,HideFlags:4,magic_assist:1b}"
            }
          ]
        }
      ]
    }
  ]
}