{
  "type": "minecraft:entity",
  "pools": [
    {
      "rolls": 1,
      "entries": [
        {
          "type": "minecraft:item",
          "name": "minecraft:carrot_on_a_stick",
          "functions": [
            {
                "function": "minecraft:set_name",
                "name": {"text": "光玉","color":"white","italic":false}
            },
            {
                "function": "minecraft:set_lore",
                "lore": [
                  {"text":"--------------------------------","italic":false,"color":"gray"},
                  {"text":"MP:5 / Cooldown:8","italic":false,"color":"aqua"},
                  {"text":"前方に発光した玉を発射し、","italic":false,"color":"white"},
                  {"text":"周囲の敵を発光させる。","italic":false,"color":"white"},
                  {"text":"--------------------------------","italic":false,"color":"gray"}
                ]
            },
            {
                "function": "minecraft:set_nbt",
                "tag": "{CustomModelData:51,Soulbound:1b,Unbreakable:1b,HideFlags:4,magic_assist:1b}"
            }
          ]
        }
      ]
    }
  ]
}