{
  "type": "minecraft:entity",
  "pools": [
    {
      "rolls": 1,
      "entries": [
        {
          "type": "minecraft:item",
          "name": "minecraft:carrot_on_a_stick",
          "functions": [
            {
                "function": "minecraft:set_name",
                "name": {"text": "スピカ","color":"#77ffdd","bold":true,"italic":false}
            },
            {
                "function": "minecraft:set_lore",
                "lore": [
                  {"text":"--------------------------------","italic":false,"color":"gray"},
                  {"text":"MP:5 / Cooldown:15","italic":false,"color":"aqua"},
                  {"text":"周囲の味方にスピカの特殊バフを付与する。","italic":false,"color":"white"},
                  {"text":"次にMPを消費するまでMPが追加回復する。","italic":false,"color":"white"},
                  {"text":"--------------------------------","italic":false,"color":"gray"}
                ]
            },
            {
                "function": "minecraft:set_nbt",
                "tag": "{CustomModelData:94,Soulbound:1b,Unbreakable:1b,HideFlags:4,magic_assist:1b,star_magic:1b}"
            }
          ]
        }
      ]
    }
  ]
}