{
  "type": "minecraft:entity",
  "pools": [
    {
      "rolls": 1,
      "entries": [
        {
          "type": "minecraft:item",
          "name": "minecraft:carrot_on_a_stick",
          "functions": [
            {
                "function": "minecraft:set_name",
                "name": {"text": "天祈結界","color":"white","bold":true,"italic":false}
            },
            {
                "function": "minecraft:set_lore",
                "lore": [
                  {"text":"--------------------------------","italic":false,"color":"gray"},
                  {"text":"MP:20 / Cooldown:60 / 継続MP消費:2/秒","italic":false,"color":"aqua"},
                  {"text":"癒しの聖杖に天命を捧げ、","italic":false,"color":"white"},
                  {"text":"周囲50mの味方を癒し続ける結界を展開。","italic":false,"color":"white"},
                  {"text":"杖を手放すまで展開し続ける。","italic":false,"color":"white"},
                  {"text":"--------------------------------","italic":false,"color":"gray"}
                ]
            },
            {
                "function": "minecraft:set_nbt",
                "tag": "{CustomModelData:42,Soulbound:1b,Unbreakable:1b,HideFlags:4,magic_assist:1b}"
            }
          ]
        }
      ]
    }
  ]
}