{
  "type": "minecraft:entity",
  "pools": [
    {
      "rolls": 1,
      "entries": [
        {
          "type": "minecraft:item",
          "name": "minecraft:carrot_on_a_stick",
          "functions": [
            {
                "function": "minecraft:set_name",
                "name": {"text": "水球","color":"blue","italic":false}
            },
            {
                "function": "minecraft:set_lore",
                "lore": [
                  {"text":"--------------------------------","italic":false,"color":"gray"},
                  {"text":"MP:5 / Cooldown:8","italic":false,"color":"aqua"},
                  {"text":"その場に一定時間持続する水球を生成する。","italic":false,"color":"white"},
                  {"text":"発動には十分な空間を必要とする。","italic":false,"color":"white"},
                  {"text":"--------------------------------","italic":false,"color":"gray"}
                ]
            },
            {
                "function": "minecraft:set_nbt",
                "tag": "{CustomModelData:36,Soulbound:1b,Unbreakable:1b,HideFlags:4,magic_assist:1b}"
            }
          ]
        }
      ]
    }
  ]
}