{
	"credit": "Made with Blockbench",
	"textures": {
		"0": "block/birch_planks",
		"1": "block/white_wool"
	},
	"elements": [
		{
			"from": [7.7, 5, 4],
			"to": [8.3, 11, 5],
			"rotation": {"angle": 0, "axis": "y", "origin": [8, 8, 4.5]},
			"faces": {
				"north": {"uv": [2, 0, 0, 12], "texture": "#0"},
				"east": {"uv": [2, 0, 0, 12], "texture": "#0"},
				"south": {"uv": [2, 0, 0, 12], "texture": "#0"},
				"west": {"uv": [2, 0, 0, 12], "texture": "#0"},
				"up": {"uv": [2, 0, 0, 12], "texture": "#0"},
				"down": {"uv": [2, 0, 0, 12], "texture": "#0"}
			}
		},
		{
			"from": [7.70625, 11, 4],
			"to": [8.29375, 14, 5],
			"rotation": {"angle": 22.5, "axis": "x", "origin": [8, 11, 4]},
			"faces": {
				"north": {"uv": [2, 0, 0, 12], "texture": "#0"},
				"east": {"uv": [1, 0, 0, 6], "texture": "#0"},
				"south": {"uv": [1, 0, 0, 6], "texture": "#0"},
				"west": {"uv": [1, 0, 0, 6], "texture": "#0"},
				"up": {"uv": [1, 0, 0, 1], "texture": "#0"},
				"down": {"uv": [1, 0, 0, 1], "texture": "#0"}
			}
		},
		{
			"from": [7.7, 13.7716, 5.1481],
			"to": [8.3, 16.7716, 6.1481],
			"rotation": {"angle": 45, "axis": "x", "origin": [8, 13.77164, 5.1481]},
			"faces": {
				"north": {"uv": [2, 0, 0, 12], "texture": "#0"},
				"east": {"uv": [1, 0, 0, 6], "texture": "#0"},
				"south": {"uv": [1, 0, 0, 6], "texture": "#0"},
				"west": {"uv": [1, 0, 0, 6], "texture": "#0"},
				"up": {"uv": [1, 0, 0, 1], "texture": "#0"},
				"down": {"uv": [1, 0, 0, 1], "texture": "#0"}
			}
		},
		{
			"from": [7.71875, 2, 4],
			"to": [8.29375, 5, 5],
			"rotation": {"angle": -22.5, "axis": "x", "origin": [8, 5, 4]},
			"faces": {
				"north": {"uv": [1, 0, 0, 6], "texture": "#0"},
				"east": {"uv": [1, 0, 0, 6], "texture": "#0"},
				"south": {"uv": [1, 0, 0, 6], "texture": "#0"},
				"west": {"uv": [1, 0, 0, 6], "texture": "#0"},
				"up": {"uv": [1, 0, 0, 6], "texture": "#0"},
				"down": {"uv": [1, 0, 0, 6], "texture": "#0"}
			}
		},
		{
			"from": [7.7, -0.77164, 5.1481],
			"to": [8.3, 2.22836, 6.1481],
			"rotation": {"angle": -45, "axis": "x", "origin": [8, 2.22836, 5.1481]},
			"faces": {
				"north": {"uv": [1, 0, 0, 6], "texture": "#0"},
				"east": {"uv": [1, 0, 0, 6], "texture": "#0"},
				"south": {"uv": [1, 0, 0, 6], "texture": "#0"},
				"west": {"uv": [1, 0, 0, 6], "texture": "#0"},
				"up": {"uv": [1, 0, 0, 6], "texture": "#0"},
				"down": {"uv": [1, 0, 0, 6], "texture": "#0"}
			}
		},
		{
			"from": [7.7, 14.89292, 7.2694],
			"to": [8.29375, 15.89292, 8.2694],
			"rotation": {"angle": 0, "axis": "y", "origin": [8.5, 15.89292, 7.2694]},
			"faces": {
				"north": {"uv": [0, 2, 2, 0], "rotation": 90, "texture": "#0"},
				"east": {"uv": [0, 2, 2, 0], "rotation": 90, "texture": "#0"},
				"south": {"uv": [0, 2, 2, 0], "rotation": 90, "texture": "#0"},
				"west": {"uv": [0, 2, 2, 0], "rotation": 90, "texture": "#0"},
				"up": {"uv": [0, 2, 2, 0], "rotation": 90, "texture": "#0"},
				"down": {"uv": [0, 2, 2, 0], "rotation": 90, "texture": "#0"}
			}
		},
		{
			"from": [7.70625, 0.1071, 7.2694],
			"to": [8.29375, 1.1071, 8.2694],
			"rotation": {"angle": 0, "axis": "y", "origin": [8.5, 0.1071, 7.2694]},
			"faces": {
				"north": {"uv": [0, 2, 2, 0], "rotation": 90, "texture": "#0"},
				"east": {"uv": [0, 2, 2, 0], "rotation": 90, "texture": "#0"},
				"south": {"uv": [0, 2, 2, 0], "rotation": 90, "texture": "#0"},
				"west": {"uv": [0, 2, 2, 0], "rotation": 90, "texture": "#0"},
				"up": {"uv": [0, 2, 2, 0], "rotation": 90, "texture": "#0"},
				"down": {"uv": [0, 2, 2, 0], "rotation": 90, "texture": "#0"}
			}
		},
		{
			"from": [7.9, 7.39, 7.9],
			"to": [8.1, 15.28, 8.1],
			"rotation": {"angle": 0, "axis": "x", "origin": [8, 14.892, 8]},
			"faces": {
				"north": {"uv": [1, 0, 0, 8], "texture": "#1"},
				"east": {"uv": [1, 0, 0, 8], "texture": "#1"},
				"south": {"uv": [1, 0, 0, 8], "texture": "#1"},
				"west": {"uv": [1, 0, 0, 8], "texture": "#1"},
				"up": {"uv": [1, 0, 0, 8], "texture": "#1"},
				"down": {"uv": [1, 0, 0, 8], "texture": "#1"}
			}
		},
		{
			"from": [7.9, 0.8, 7.9],
			"to": [8.1, 8.61, 8.1],
			"rotation": {"angle": 0, "axis": "x", "origin": [8, 1.1071, 8]},
			"faces": {
				"north": {"uv": [1, 8, 0, 16], "texture": "#1"},
				"east": {"uv": [1, 8, 0, 16], "texture": "#1"},
				"south": {"uv": [1, 8, 0, 16], "texture": "#1"},
				"west": {"uv": [1, 8, 0, 16], "texture": "#1"},
				"up": {"uv": [1, 8, 0, 16], "texture": "#1"},
				"down": {"uv": [1, 8, 0, 16], "texture": "#1"}
			}
		},
		{
			"from": [7.6, 6.7, 3.9],
			"to": [8.4, 6.9, 5.1],
			"faces": {
				"north": {"uv": [12, 0, 0, 2], "texture": "#1"},
				"east": {"uv": [12, 0, 0, 2], "texture": "#1"},
				"south": {"uv": [12, 0, 0, 2], "texture": "#1"},
				"west": {"uv": [12, 0, 0, 2], "texture": "#1"},
				"up": {"uv": [12, 0, 0, 2], "texture": "#1"},
				"down": {"uv": [12, 0, 0, 2], "texture": "#1"}
			}
		},
		{
			"from": [7.6, 7.1, 3.9],
			"to": [8.4, 7.3, 5.1],
			"faces": {
				"north": {"uv": [12, 0, 0, 2], "texture": "#1"},
				"east": {"uv": [12, 0, 0, 2], "texture": "#1"},
				"south": {"uv": [12, 0, 0, 2], "texture": "#1"},
				"west": {"uv": [12, 0, 0, 2], "texture": "#1"},
				"up": {"uv": [12, 0, 0, 2], "texture": "#1"},
				"down": {"uv": [12, 0, 0, 2], "texture": "#1"}
			}
		},
		{
			"from": [7.6, 7.5, 3.9],
			"to": [8.4, 7.7, 5.1],
			"faces": {
				"north": {"uv": [12, 0, 0, 2], "texture": "#1"},
				"east": {"uv": [12, 0, 0, 2], "texture": "#1"},
				"south": {"uv": [12, 0, 0, 2], "texture": "#1"},
				"west": {"uv": [12, 0, 0, 2], "texture": "#1"},
				"up": {"uv": [12, 0, 0, 2], "texture": "#1"},
				"down": {"uv": [12, 0, 0, 2], "texture": "#1"}
			}
		},
		{
			"from": [7.6, 7.9, 3.9],
			"to": [8.4, 8.1, 5.1],
			"faces": {
				"north": {"uv": [12, 0, 0, 2], "texture": "#1"},
				"east": {"uv": [12, 0, 0, 2], "texture": "#1"},
				"south": {"uv": [12, 0, 0, 2], "texture": "#1"},
				"west": {"uv": [12, 0, 0, 2], "texture": "#1"},
				"up": {"uv": [12, 0, 0, 2], "texture": "#1"},
				"down": {"uv": [12, 0, 0, 2], "texture": "#1"}
			}
		},
		{
			"from": [7.6, 8.3, 3.9],
			"to": [8.4, 8.5, 5.1],
			"faces": {
				"north": {"uv": [12, 0, 0, 2], "texture": "#1"},
				"east": {"uv": [12, 0, 0, 2], "texture": "#1"},
				"south": {"uv": [12, 0, 0, 2], "texture": "#1"},
				"west": {"uv": [12, 0, 0, 2], "texture": "#1"},
				"up": {"uv": [12, 0, 0, 2], "texture": "#1"},
				"down": {"uv": [12, 0, 0, 2], "texture": "#1"}
			}
		},
		{
			"from": [7.6, 8.7, 3.9],
			"to": [8.4, 8.9, 5.1],
			"faces": {
				"north": {"uv": [12, 0, 0, 2], "texture": "#1"},
				"east": {"uv": [12, 0, 0, 2], "texture": "#1"},
				"south": {"uv": [12, 0, 0, 2], "texture": "#1"},
				"west": {"uv": [12, 0, 0, 2], "texture": "#1"},
				"up": {"uv": [12, 0, 0, 2], "texture": "#1"},
				"down": {"uv": [12, 0, 0, 2], "texture": "#1"}
			}
		},
		{
			"from": [7.6, 9.1, 3.9],
			"to": [8.4, 9.3, 5.1],
			"faces": {
				"north": {"uv": [12, 0, 0, 2], "texture": "#1"},
				"east": {"uv": [12, 0, 0, 2], "texture": "#1"},
				"south": {"uv": [12, 0, 0, 2], "texture": "#1"},
				"west": {"uv": [12, 0, 0, 2], "texture": "#1"},
				"up": {"uv": [12, 0, 0, 2], "texture": "#1"},
				"down": {"uv": [12, 0, 0, 2], "texture": "#1"}
			}
		}
	],
	"gui_light": "front",
	"display": {
		"thirdperson_righthand": {
			"translation": [-2, 0, 5],
			"scale": [1.875, 1.5, 1.6875]
		},
		"thirdperson_lefthand": {
			"translation": [-2, 0, 5],
			"scale": [1.875, 1.5, 1.6875]
		},
		"firstperson_righthand": {
			"rotation": [16, -15, 0],
			"translation": [2.75, 5, 0.5],
			"scale": [1.25, 1, 1.125]
		},
		"firstperson_lefthand": {
			"rotation": [16, -15, 0],
			"translation": [2.75, 5, 0.5],
			"scale": [1.25, 1, 1.125]
		},
		"ground": {
			"rotation": [90, 45, 90],
			"translation": [1, -1, 0],
			"scale": [1, 1.2, 1.35]
		},
		"gui": {
			"rotation": [90, 45, 90],
			"translation": [0.5, -0.5, 0],
			"scale": [1, 1.2, 1.35]
		},
		"head": {
			"rotation": [-90, 0, 90],
			"translation": [0, -4.75, -6.5],
			"scale": [1.25, 1, 1.125]
		},
		"fixed": {
			"rotation": [90, -45, 90],
			"translation": [0.5, -0.5, 0],
			"scale": [1, 1.2, 1.35]
		}
	},
	"groups": [
		{
			"name": "弦",
			"origin": [8, 8, 8],
			"children": [0, 1, 2, 3, 4, 5, 6]
		}, 7, 8,
		{
			"name": "持ち手",
			"origin": [8, 8, 8],
			"children": [9, 10, 11, 12, 13, 14, 15]
		}
	]
}