{
	"credit": "Made with Blockbench",
	"textures": {
		"0": "block/light_gray_wool",
		"2": "block/cyan_glazed_terracotta",
		"particle": "block/cyan_glazed_terracotta"
	},
	"elements": [
		{
			"from": [7.95, 8.00888, 9.47075],
			"to": [8.05, 12.15888, 9.57075],
			"rotation": {"angle": 0, "axis": "y", "origin": [8, 8.00888, 9.44575]},
			"faces": {
				"north": {"uv": [0, 0, 1, 8], "texture": "#0"},
				"east": {"uv": [0, 0, 1, 8], "texture": "#0"},
				"south": {"uv": [0, 0, 1, 8], "texture": "#0"},
				"west": {"uv": [0, 0, 1, 8], "texture": "#0"},
				"up": {"uv": [0, 0, 1, 1], "rotation": 270, "texture": "#0"},
				"down": {"uv": [0, 0, 1, 1], "rotation": 90, "texture": "#0"}
			}
		},
		{
			"from": [7.95, 3.85888, 9.47075],
			"to": [8.05, 8.00888, 9.57075],
			"rotation": {"angle": 0, "axis": "y", "origin": [8, 8.00888, 9.44575]},
			"faces": {
				"north": {"uv": [0, 8, 1, 16], "texture": "#0"},
				"east": {"uv": [0, 8, 1, 16], "texture": "#0"},
				"south": {"uv": [0, 8, 1, 16], "texture": "#0"},
				"west": {"uv": [0, 8, 1, 16], "texture": "#0"},
				"up": {"uv": [0, 15, 1, 16], "rotation": 270, "texture": "#0"},
				"down": {"uv": [0, 15, 1, 16], "rotation": 90, "texture": "#0"}
			}
		},
		{
			"from": [7.82188, 13.04746, 9.78534],
			"to": [8.17813, 13.09746, 9.81034],
			"rotation": {"angle": 0, "axis": "x", "origin": [8, 13.10058, 9.79784]},
			"faces": {
				"north": {"uv": [0, 0, 1, 1], "texture": "#2"},
				"east": {"uv": [0, 0, 1, 1], "texture": "#2"},
				"south": {"uv": [0, 0, 1, 1], "texture": "#2"},
				"west": {"uv": [0, 0, 1, 1], "texture": "#2"},
				"up": {"uv": [0, 0, 1, 1], "texture": "#2"},
				"down": {"uv": [0, 0, 1, 1], "texture": "#2"}
			}
		},
		{
			"from": [7.82188, 13.13635, 9.75099],
			"to": [8.17813, 13.1926, 9.86974],
			"rotation": {"angle": -22.5, "axis": "x", "origin": [8, 12.9426, 10.06349]},
			"faces": {
				"north": {"uv": [0, 0, 1, 1], "texture": "#2"},
				"east": {"uv": [0, 0, 1, 1], "texture": "#2"},
				"south": {"uv": [0, 0, 1, 1], "texture": "#2"},
				"west": {"uv": [0, 0, 1, 1], "texture": "#2"},
				"up": {"uv": [0, 0, 1, 1], "texture": "#2"},
				"down": {"uv": [0, 0, 1, 1], "texture": "#2"}
			}
		},
		{
			"from": [7.82188, 12.72631, 9.68066],
			"to": [8.17813, 13.05131, 9.81191],
			"rotation": {"angle": 0, "axis": "x", "origin": [8, 12.82631, 9.76816]},
			"faces": {
				"north": {"uv": [0, 0, 1, 1], "texture": "#2"},
				"east": {"uv": [0, 0, 1, 1], "texture": "#2"},
				"south": {"uv": [0, 0, 1, 1], "texture": "#2"},
				"west": {"uv": [0, 0, 1, 1], "texture": "#2"},
				"up": {"uv": [0, 0, 1, 1], "texture": "#2"},
				"down": {"uv": [0, 0, 1, 1], "texture": "#2"}
			}
		},
		{
			"from": [7.82188, 12.70627, 9.42185],
			"to": [8.17813, 13.05627, 9.7781],
			"rotation": {"angle": -22.5, "axis": "x", "origin": [8, 12.80627, 9.73435]},
			"faces": {
				"north": {"uv": [0, 0, 1, 1], "texture": "#2"},
				"east": {"uv": [0, 0, 1, 1], "texture": "#2"},
				"south": {"uv": [0, 0, 1, 1], "texture": "#2"},
				"west": {"uv": [0, 0, 1, 1], "texture": "#2"},
				"up": {"uv": [0, 0, 1, 1], "texture": "#2"},
				"down": {"uv": [0, 0, 1, 1], "texture": "#2"}
			}
		},
		{
			"from": [7.82188, 12.22077, 9.21135],
			"to": [8.17813, 12.84577, 9.71135],
			"rotation": {"angle": 22.5, "axis": "x", "origin": [8, 12.53327, 9.46135]},
			"faces": {
				"north": {"uv": [0, 0, 1, 1], "rotation": 180, "texture": "#2"},
				"east": {"uv": [0, 0, 1, 1], "rotation": 90, "texture": "#2"},
				"south": {"uv": [0, 0, 1, 1], "texture": "#2"},
				"west": {"uv": [0, 0, 1, 1], "rotation": 270, "texture": "#2"},
				"up": {"uv": [0, 0, 1, 1], "texture": "#2"},
				"down": {"uv": [0, 0, 1, 1], "rotation": 180, "texture": "#2"}
			}
		},
		{
			"from": [7.82188, 12.01027, 8.87585],
			"to": [8.17813, 12.51027, 9.50085],
			"rotation": {"angle": -22.5, "axis": "x", "origin": [8, 12.26027, 9.18835]},
			"faces": {
				"north": {"uv": [0, 0, 1, 1], "texture": "#2"},
				"east": {"uv": [0, 0, 1, 1], "texture": "#2"},
				"south": {"uv": [0, 0, 1, 1], "texture": "#2"},
				"west": {"uv": [0, 0, 1, 1], "texture": "#2"},
				"up": {"uv": [0, 0, 1, 1], "texture": "#2"},
				"down": {"uv": [0, 0, 1, 1], "texture": "#2"}
			}
		},
		{
			"from": [7.82188, 11.2252, 9.05397],
			"to": [8.17813, 12.4752, 9.55397],
			"rotation": {"angle": 45, "axis": "x", "origin": [8, 12.7252, 8.80397]},
			"faces": {
				"north": {"uv": [0, 0, 1, 1], "rotation": 270, "texture": "#2"},
				"east": {"uv": [0, 0, 1, 1], "rotation": 270, "texture": "#2"},
				"south": {"uv": [0, 0, 1, 1], "rotation": 270, "texture": "#2"},
				"west": {"uv": [0, 0, 1, 1], "rotation": 270, "texture": "#2"},
				"up": {"uv": [0, 0, 1, 1], "rotation": 270, "texture": "#2"},
				"down": {"uv": [0, 0, 1, 1], "rotation": 270, "texture": "#2"}
			}
		},
		{
			"from": [7.82188, 9.50888, 8.57075],
			"to": [8.17813, 11.25888, 9.07075],
			"rotation": {"angle": 22.5, "axis": "x", "origin": [8, 13.00888, 8.82075]},
			"faces": {
				"north": {"uv": [0, 0, 1, 1], "rotation": 270, "texture": "#2"},
				"east": {"uv": [0, 0, 1, 1], "rotation": 270, "texture": "#2"},
				"south": {"uv": [0, 0, 1, 1], "rotation": 270, "texture": "#2"},
				"west": {"uv": [0, 0, 1, 1], "rotation": 270, "texture": "#2"},
				"up": {"uv": [0, 0, 1, 1], "rotation": 270, "texture": "#2"},
				"down": {"uv": [0, 0, 1, 1], "rotation": 270, "texture": "#2"}
			}
		},
		{
			"from": [7.82188, 9.12098, 7.25039],
			"to": [8.17813, 9.87098, 7.75039],
			"rotation": {"angle": 0, "axis": "z", "origin": [8, 10.37098, 7.50039]},
			"faces": {
				"north": {"uv": [0, 0, 1, 1], "rotation": 270, "texture": "#2"},
				"east": {"uv": [0, 0, 1, 1], "rotation": 270, "texture": "#2"},
				"south": {"uv": [0, 0, 1, 1], "rotation": 270, "texture": "#2"},
				"west": {"uv": [0, 0, 1, 1], "rotation": 270, "texture": "#2"},
				"up": {"uv": [0, 0, 1, 1], "rotation": 270, "texture": "#2"},
				"down": {"uv": [0, 0, 1, 1], "rotation": 270, "texture": "#2"}
			}
		},
		{
			"from": [7.82188, 8.68348, 7.18789],
			"to": [8.17813, 9.43348, 7.68789],
			"rotation": {"angle": 0, "axis": "z", "origin": [8, 9.93348, 7.43789]},
			"faces": {
				"north": {"uv": [0, 0, 1, 1], "rotation": 270, "texture": "#2"},
				"east": {"uv": [0, 0, 1, 1], "rotation": 270, "texture": "#2"},
				"south": {"uv": [0, 0, 1, 1], "rotation": 270, "texture": "#2"},
				"west": {"uv": [0, 0, 1, 1], "rotation": 270, "texture": "#2"},
				"up": {"uv": [0, 0, 1, 1], "rotation": 270, "texture": "#2"},
				"down": {"uv": [0, 0, 1, 1], "rotation": 270, "texture": "#2"}
			}
		},
		{
			"from": [7.78437, 8.99598, 7.16289],
			"to": [8.21563, 9.68348, 7.81289],
			"rotation": {"angle": 0, "axis": "z", "origin": [8, 9.18348, 7.48789]},
			"faces": {
				"north": {"uv": [4, 5, 5, 6], "rotation": 270, "texture": "#2"},
				"east": {"uv": [4, 5, 5, 6], "rotation": 270, "texture": "#2"},
				"south": {"uv": [4, 5, 5, 6], "rotation": 270, "texture": "#2"},
				"west": {"uv": [4, 5, 5, 6], "rotation": 270, "texture": "#2"},
				"up": {"uv": [4, 5, 5, 6], "rotation": 270, "texture": "#2"},
				"down": {"uv": [4, 5, 5, 6], "rotation": 270, "texture": "#2"}
			}
		},
		{
			"from": [7.78437, 8.78531, 7.17247],
			"to": [8.21563, 8.82281, 7.23497],
			"rotation": {"angle": -22.5, "axis": "x", "origin": [8, 8.79156, 7.20372]},
			"faces": {
				"north": {"uv": [4, 5, 5, 6], "rotation": 90, "texture": "#2"},
				"east": {"uv": [4, 5, 5, 6], "rotation": 180, "texture": "#2"},
				"south": {"uv": [4, 5, 5, 6], "rotation": 270, "texture": "#2"},
				"west": {"uv": [4, 5, 5, 6], "texture": "#2"},
				"up": {"uv": [4, 5, 5, 6], "rotation": 90, "texture": "#2"},
				"down": {"uv": [4, 5, 5, 6], "rotation": 270, "texture": "#2"}
			}
		},
		{
			"from": [7.78437, 8.76468, 7.19934],
			"to": [8.21563, 8.82718, 7.21834],
			"rotation": {"angle": 45, "axis": "x", "origin": [8, 8.79593, 7.19934]},
			"faces": {
				"north": {"uv": [4, 5, 5, 6], "rotation": 270, "texture": "#2"},
				"east": {"uv": [4, 5, 5, 6], "rotation": 270, "texture": "#2"},
				"south": {"uv": [4, 5, 5, 6], "rotation": 270, "texture": "#2"},
				"west": {"uv": [4, 5, 5, 6], "rotation": 270, "texture": "#2"},
				"up": {"uv": [4, 5, 5, 6], "rotation": 270, "texture": "#2"},
				"down": {"uv": [4, 5, 5, 6], "rotation": 270, "texture": "#2"}
			}
		},
		{
			"from": [7.78437, 8.75556, 7.20223],
			"to": [8.21563, 8.81806, 7.23973],
			"rotation": {"angle": 22.5, "axis": "x", "origin": [8, 8.78681, 7.20848]},
			"faces": {
				"north": {"uv": [4, 5, 5, 6], "rotation": 270, "texture": "#2"},
				"east": {"uv": [4, 5, 5, 6], "rotation": 270, "texture": "#2"},
				"south": {"uv": [4, 5, 5, 6], "rotation": 270, "texture": "#2"},
				"west": {"uv": [4, 5, 5, 6], "rotation": 270, "texture": "#2"},
				"up": {"uv": [4, 5, 5, 6], "rotation": 270, "texture": "#2"},
				"down": {"uv": [4, 5, 5, 6], "rotation": 270, "texture": "#2"}
			}
		},
		{
			"from": [7.78437, 8.80848, 7.16289],
			"to": [8.21563, 9.00848, 7.26289],
			"rotation": {"angle": 0, "axis": "x", "origin": [8, 9.24598, 7.55039]},
			"faces": {
				"north": {"uv": [4, 5, 5, 6], "rotation": 270, "texture": "#2"},
				"east": {"uv": [4, 5, 5, 6], "rotation": 270, "texture": "#2"},
				"south": {"uv": [4, 5, 5, 6], "rotation": 270, "texture": "#2"},
				"west": {"uv": [4, 5, 5, 6], "rotation": 270, "texture": "#2"},
				"up": {"uv": [4, 5, 5, 6], "rotation": 270, "texture": "#2"},
				"down": {"uv": [4, 5, 5, 6], "rotation": 270, "texture": "#2"}
			}
		},
		{
			"from": [7.78437, 8.74598, 7.22539],
			"to": [8.21563, 9.00848, 7.70039],
			"rotation": {"angle": 0, "axis": "x", "origin": [8, 9.24598, 7.55039]},
			"faces": {
				"north": {"uv": [4, 5, 5, 6], "rotation": 270, "texture": "#2"},
				"east": {"uv": [4, 5, 5, 6], "rotation": 270, "texture": "#2"},
				"south": {"uv": [4, 5, 5, 6], "rotation": 270, "texture": "#2"},
				"west": {"uv": [4, 5, 5, 6], "rotation": 270, "texture": "#2"},
				"up": {"uv": [4, 5, 5, 6], "rotation": 270, "texture": "#2"},
				"down": {"uv": [4, 5, 5, 6], "rotation": 270, "texture": "#2"}
			}
		},
		{
			"from": [7.78437, 8.8753, 7.67867],
			"to": [8.21563, 8.9628, 7.71617],
			"rotation": {"angle": 22.5, "axis": "x", "origin": [8, 8.9128, 7.69742]},
			"faces": {
				"north": {"uv": [4, 5, 5, 6], "rotation": 270, "texture": "#2"},
				"east": {"uv": [4, 5, 5, 6], "rotation": 270, "texture": "#2"},
				"south": {"uv": [4, 5, 5, 6], "rotation": 270, "texture": "#2"},
				"west": {"uv": [4, 5, 5, 6], "rotation": 270, "texture": "#2"},
				"up": {"uv": [4, 5, 5, 6], "rotation": 270, "texture": "#2"},
				"down": {"uv": [4, 5, 5, 6], "rotation": 270, "texture": "#2"}
			}
		},
		{
			"from": [7.78437, 8.93439, 7.71754],
			"to": [8.21563, 9.01564, 7.77535],
			"rotation": {"angle": 45, "axis": "x", "origin": [8, 9.00314, 7.75191]},
			"faces": {
				"north": {"uv": [4, 5, 5, 6], "rotation": 270, "texture": "#2"},
				"east": {"uv": [4, 5, 5, 6], "rotation": 270, "texture": "#2"},
				"south": {"uv": [4, 5, 5, 6], "rotation": 270, "texture": "#2"},
				"west": {"uv": [4, 5, 5, 6], "rotation": 270, "texture": "#2"},
				"up": {"uv": [4, 5, 5, 6], "rotation": 270, "texture": "#2"},
				"down": {"uv": [4, 5, 5, 6], "rotation": 270, "texture": "#2"}
			}
		},
		{
			"from": [7.78437, 8.98941, 7.72362],
			"to": [8.21563, 9.04722, 7.80487],
			"rotation": {"angle": -22.5, "axis": "x", "origin": [8, 9.01285, 7.79237]},
			"faces": {
				"north": {"uv": [4, 5, 5, 6], "rotation": 90, "texture": "#2"},
				"east": {"uv": [4, 5, 5, 6], "rotation": 180, "texture": "#2"},
				"south": {"uv": [4, 5, 5, 6], "rotation": 270, "texture": "#2"},
				"west": {"uv": [4, 5, 5, 6], "texture": "#2"},
				"up": {"uv": [4, 5, 5, 6], "rotation": 90, "texture": "#2"},
				"down": {"uv": [4, 5, 5, 6], "rotation": 270, "texture": "#2"}
			}
		},
		{
			"from": [7.78437, 9.64424, 7.56684],
			"to": [8.21563, 9.85674, 7.94184],
			"rotation": {"angle": 22.5, "axis": "x", "origin": [8, 10.09424, 7.44184]},
			"faces": {
				"north": {"uv": [4, 5, 5, 6], "rotation": 90, "texture": "#2"},
				"east": {"uv": [4, 5, 5, 6], "texture": "#2"},
				"south": {"uv": [4, 5, 5, 6], "rotation": 270, "texture": "#2"},
				"west": {"uv": [4, 5, 5, 6], "rotation": 180, "texture": "#2"},
				"up": {"uv": [4, 5, 5, 6], "rotation": 270, "texture": "#2"},
				"down": {"uv": [4, 5, 5, 6], "rotation": 90, "texture": "#2"}
			}
		},
		{
			"from": [7.78437, 9.89847, 7.65582],
			"to": [8.21563, 10.11097, 7.86832],
			"rotation": {"angle": 45, "axis": "x", "origin": [8, 10.34847, 7.28082]},
			"faces": {
				"north": {"uv": [4, 5, 5, 6], "rotation": 90, "texture": "#2"},
				"east": {"uv": [4, 5, 5, 6], "texture": "#2"},
				"south": {"uv": [4, 5, 5, 6], "rotation": 270, "texture": "#2"},
				"west": {"uv": [4, 5, 5, 6], "rotation": 180, "texture": "#2"},
				"up": {"uv": [4, 5, 5, 6], "rotation": 270, "texture": "#2"},
				"down": {"uv": [4, 5, 5, 6], "rotation": 90, "texture": "#2"}
			}
		},
		{
			"from": [7.78437, 9.71154, 6.98514],
			"to": [8.21563, 10.16154, 7.13514],
			"rotation": {"angle": -22.5, "axis": "x", "origin": [8, 10.54904, 7.37264]},
			"faces": {
				"north": {"uv": [4, 5, 5, 6], "rotation": 270, "texture": "#2"},
				"east": {"uv": [4, 5, 5, 6], "rotation": 270, "texture": "#2"},
				"south": {"uv": [4, 5, 5, 6], "rotation": 270, "texture": "#2"},
				"west": {"uv": [4, 5, 5, 6], "rotation": 270, "texture": "#2"},
				"up": {"uv": [4, 5, 5, 6], "rotation": 270, "texture": "#2"},
				"down": {"uv": [4, 5, 5, 6], "rotation": 270, "texture": "#2"}
			}
		},
		{
			"from": [7.78437, 9.71154, 7.09764],
			"to": [8.21563, 10.37404, 7.13514],
			"rotation": {"angle": -22.5, "axis": "x", "origin": [8, 10.54904, 7.37264]},
			"faces": {
				"north": {"uv": [4, 5, 5, 6], "rotation": 270, "texture": "#2"},
				"east": {"uv": [4, 5, 5, 6], "rotation": 270, "texture": "#2"},
				"south": {"uv": [4, 5, 5, 6], "rotation": 270, "texture": "#2"},
				"west": {"uv": [4, 5, 5, 6], "rotation": 270, "texture": "#2"},
				"up": {"uv": [4, 5, 5, 6], "rotation": 270, "texture": "#2"},
				"down": {"uv": [4, 5, 5, 6], "rotation": 270, "texture": "#2"}
			}
		},
		{
			"from": [7.78437, 9.68348, 7.16289],
			"to": [8.21563, 10.07723, 7.30664],
			"rotation": {"angle": 0, "axis": "z", "origin": [8, 9.93348, 7.43789]},
			"faces": {
				"north": {"uv": [4, 5, 5, 6], "rotation": 270, "texture": "#2"},
				"east": {"uv": [4, 5, 5, 6], "rotation": 270, "texture": "#2"},
				"south": {"uv": [4, 5, 5, 6], "rotation": 270, "texture": "#2"},
				"west": {"uv": [4, 5, 5, 6], "rotation": 270, "texture": "#2"},
				"up": {"uv": [4, 5, 5, 6], "rotation": 270, "texture": "#2"},
				"down": {"uv": [4, 5, 5, 6], "rotation": 270, "texture": "#2"}
			}
		},
		{
			"from": [7.78437, 10.05848, 7.16289],
			"to": [8.21563, 10.17098, 7.26914],
			"rotation": {"angle": 0, "axis": "z", "origin": [8, 9.93348, 7.43789]},
			"faces": {
				"north": {"uv": [4, 5, 5, 6], "rotation": 270, "texture": "#2"},
				"east": {"uv": [4, 5, 5, 6], "rotation": 270, "texture": "#2"},
				"south": {"uv": [4, 5, 5, 6], "rotation": 270, "texture": "#2"},
				"west": {"uv": [4, 5, 5, 6], "rotation": 270, "texture": "#2"},
				"up": {"uv": [4, 5, 5, 6], "rotation": 270, "texture": "#2"},
				"down": {"uv": [4, 5, 5, 6], "rotation": 270, "texture": "#2"}
			}
		},
		{
			"from": [7.78437, 10.05848, 7.16289],
			"to": [8.21563, 10.32723, 7.22226],
			"rotation": {"angle": 0, "axis": "z", "origin": [8, 9.93348, 7.43789]},
			"faces": {
				"north": {"uv": [4, 5, 5, 6], "rotation": 270, "texture": "#2"},
				"east": {"uv": [4, 5, 5, 6], "rotation": 270, "texture": "#2"},
				"south": {"uv": [4, 5, 5, 6], "rotation": 270, "texture": "#2"},
				"west": {"uv": [4, 5, 5, 6], "rotation": 270, "texture": "#2"},
				"up": {"uv": [4, 5, 5, 6], "rotation": 270, "texture": "#2"},
				"down": {"uv": [4, 5, 5, 6], "rotation": 270, "texture": "#2"}
			}
		},
		{
			"from": [7.82188, 2.89364, 9.78534],
			"to": [8.17813, 2.94364, 9.81034],
			"rotation": {"angle": 0, "axis": "x", "origin": [8, 2.89051, 9.79784]},
			"faces": {
				"north": {"uv": [0, 1, 1, 0], "texture": "#2"},
				"east": {"uv": [0, 1, 1, 0], "texture": "#2"},
				"south": {"uv": [0, 1, 1, 0], "texture": "#2"},
				"west": {"uv": [0, 1, 1, 0], "texture": "#2"},
				"up": {"uv": [0, 1, 1, 0], "texture": "#2"},
				"down": {"uv": [0, 1, 1, 0], "texture": "#2"}
			}
		},
		{
			"from": [7.82188, 2.79849, 9.75099],
			"to": [8.17813, 2.85474, 9.86974],
			"rotation": {"angle": 22.5, "axis": "x", "origin": [8, 3.04849, 10.06349]},
			"faces": {
				"north": {"uv": [0, 1, 1, 0], "texture": "#2"},
				"east": {"uv": [0, 1, 1, 0], "texture": "#2"},
				"south": {"uv": [0, 1, 1, 0], "texture": "#2"},
				"west": {"uv": [0, 1, 1, 0], "texture": "#2"},
				"up": {"uv": [0, 1, 1, 0], "texture": "#2"},
				"down": {"uv": [0, 1, 1, 0], "texture": "#2"}
			}
		},
		{
			"from": [7.82188, 2.93978, 9.68066],
			"to": [8.17813, 3.26478, 9.81191],
			"rotation": {"angle": 0, "axis": "x", "origin": [8, 3.16478, 9.76816]},
			"faces": {
				"north": {"uv": [0, 1, 1, 0], "texture": "#2"},
				"east": {"uv": [0, 1, 1, 0], "texture": "#2"},
				"south": {"uv": [0, 1, 1, 0], "texture": "#2"},
				"west": {"uv": [0, 1, 1, 0], "texture": "#2"},
				"up": {"uv": [0, 1, 1, 0], "texture": "#2"},
				"down": {"uv": [0, 1, 1, 0], "texture": "#2"}
			}
		},
		{
			"from": [7.82188, 2.93482, 9.42185],
			"to": [8.17813, 3.28482, 9.7781],
			"rotation": {"angle": 22.5, "axis": "x", "origin": [8, 3.18482, 9.73435]},
			"faces": {
				"north": {"uv": [0, 1, 1, 0], "texture": "#2"},
				"east": {"uv": [0, 1, 1, 0], "texture": "#2"},
				"south": {"uv": [0, 1, 1, 0], "texture": "#2"},
				"west": {"uv": [0, 1, 1, 0], "texture": "#2"},
				"up": {"uv": [0, 1, 1, 0], "texture": "#2"},
				"down": {"uv": [0, 1, 1, 0], "texture": "#2"}
			}
		},
		{
			"from": [7.82188, 3.14533, 9.21135],
			"to": [8.17813, 3.77033, 9.71135],
			"rotation": {"angle": -22.5, "axis": "x", "origin": [8, 3.45783, 9.46135]},
			"faces": {
				"north": {"uv": [0, 1, 1, 0], "rotation": 180, "texture": "#2"},
				"east": {"uv": [1, 0, 0, 1], "rotation": 90, "texture": "#2"},
				"south": {"uv": [0, 1, 1, 0], "texture": "#2"},
				"west": {"uv": [1, 0, 0, 1], "rotation": 270, "texture": "#2"},
				"up": {"uv": [0, 1, 1, 0], "rotation": 180, "texture": "#2"},
				"down": {"uv": [0, 1, 1, 0], "texture": "#2"}
			}
		},
		{
			"from": [7.82188, 3.48083, 8.87585],
			"to": [8.17813, 3.98083, 9.50085],
			"rotation": {"angle": 22.5, "axis": "x", "origin": [8, 3.73083, 9.18835]},
			"faces": {
				"north": {"uv": [0, 1, 1, 0], "texture": "#2"},
				"east": {"uv": [0, 1, 1, 0], "texture": "#2"},
				"south": {"uv": [0, 1, 1, 0], "texture": "#2"},
				"west": {"uv": [0, 1, 1, 0], "texture": "#2"},
				"up": {"uv": [0, 1, 1, 0], "texture": "#2"},
				"down": {"uv": [0, 1, 1, 0], "texture": "#2"}
			}
		},
		{
			"from": [7.82188, 3.51589, 9.05397],
			"to": [8.17813, 4.76589, 9.55397],
			"rotation": {"angle": -45, "axis": "x", "origin": [8, 3.26589, 8.80397]},
			"faces": {
				"north": {"uv": [1, 0, 0, 1], "rotation": 270, "texture": "#2"},
				"east": {"uv": [1, 0, 0, 1], "rotation": 270, "texture": "#2"},
				"south": {"uv": [1, 0, 0, 1], "rotation": 270, "texture": "#2"},
				"west": {"uv": [1, 0, 0, 1], "rotation": 270, "texture": "#2"},
				"up": {"uv": [1, 0, 0, 1], "rotation": 270, "texture": "#2"},
				"down": {"uv": [1, 0, 0, 1], "rotation": 270, "texture": "#2"}
			}
		},
		{
			"from": [7.82188, 4.73221, 8.57075],
			"to": [8.17813, 6.48221, 9.07075],
			"rotation": {"angle": -22.5, "axis": "x", "origin": [8, 2.98221, 8.82075]},
			"faces": {
				"north": {"uv": [1, 0, 0, 1], "rotation": 270, "texture": "#2"},
				"east": {"uv": [1, 0, 0, 1], "rotation": 270, "texture": "#2"},
				"south": {"uv": [1, 0, 0, 1], "rotation": 270, "texture": "#2"},
				"west": {"uv": [1, 0, 0, 1], "rotation": 270, "texture": "#2"},
				"up": {"uv": [1, 0, 0, 1], "rotation": 270, "texture": "#2"},
				"down": {"uv": [1, 0, 0, 1], "rotation": 270, "texture": "#2"}
			}
		},
		{
			"from": [7.82188, 6.12012, 7.25039],
			"to": [8.17813, 6.87012, 7.75039],
			"rotation": {"angle": 0, "axis": "z", "origin": [8, 5.62012, 7.50039]},
			"faces": {
				"north": {"uv": [1, 0, 0, 1], "rotation": 270, "texture": "#2"},
				"east": {"uv": [1, 0, 0, 1], "rotation": 270, "texture": "#2"},
				"south": {"uv": [1, 0, 0, 1], "rotation": 270, "texture": "#2"},
				"west": {"uv": [1, 0, 0, 1], "rotation": 270, "texture": "#2"},
				"up": {"uv": [1, 0, 0, 1], "rotation": 270, "texture": "#2"},
				"down": {"uv": [1, 0, 0, 1], "rotation": 270, "texture": "#2"}
			}
		},
		{
			"from": [7.82188, 6.55762, 7.18789],
			"to": [8.17813, 7.30762, 7.68789],
			"rotation": {"angle": 0, "axis": "z", "origin": [8, 6.05762, 7.43789]},
			"faces": {
				"north": {"uv": [1, 0, 0, 1], "rotation": 270, "texture": "#2"},
				"east": {"uv": [1, 0, 0, 1], "rotation": 270, "texture": "#2"},
				"south": {"uv": [1, 0, 0, 1], "rotation": 270, "texture": "#2"},
				"west": {"uv": [1, 0, 0, 1], "rotation": 270, "texture": "#2"},
				"up": {"uv": [1, 0, 0, 1], "rotation": 270, "texture": "#2"},
				"down": {"uv": [1, 0, 0, 1], "rotation": 270, "texture": "#2"}
			}
		},
		{
			"from": [7.78437, 6.30762, 7.16289],
			"to": [8.21563, 6.99512, 7.81289],
			"rotation": {"angle": 0, "axis": "z", "origin": [8, 6.80762, 7.48789]},
			"faces": {
				"north": {"uv": [5, 5, 4, 6], "rotation": 270, "texture": "#2"},
				"east": {"uv": [5, 5, 4, 6], "rotation": 270, "texture": "#2"},
				"south": {"uv": [5, 5, 4, 6], "rotation": 270, "texture": "#2"},
				"west": {"uv": [5, 5, 4, 6], "rotation": 270, "texture": "#2"},
				"up": {"uv": [5, 5, 4, 6], "rotation": 270, "texture": "#2"},
				"down": {"uv": [5, 5, 4, 6], "rotation": 270, "texture": "#2"}
			}
		},
		{
			"from": [7.78437, 7.16828, 7.17247],
			"to": [8.21563, 7.20578, 7.23497],
			"rotation": {"angle": 22.5, "axis": "x", "origin": [8, 7.19953, 7.20372]},
			"faces": {
				"north": {"uv": [5, 5, 4, 6], "rotation": 90, "texture": "#2"},
				"east": {"uv": [4, 6, 5, 5], "rotation": 180, "texture": "#2"},
				"south": {"uv": [5, 5, 4, 6], "rotation": 270, "texture": "#2"},
				"west": {"uv": [4, 6, 5, 5], "texture": "#2"},
				"up": {"uv": [5, 5, 4, 6], "rotation": 270, "texture": "#2"},
				"down": {"uv": [5, 5, 4, 6], "rotation": 90, "texture": "#2"}
			}
		},
		{
			"from": [7.78437, 7.16392, 7.19934],
			"to": [8.21563, 7.22642, 7.21834],
			"rotation": {"angle": -45, "axis": "x", "origin": [8, 7.19517, 7.19934]},
			"faces": {
				"north": {"uv": [5, 5, 4, 6], "rotation": 270, "texture": "#2"},
				"east": {"uv": [5, 5, 4, 6], "rotation": 270, "texture": "#2"},
				"south": {"uv": [5, 5, 4, 6], "rotation": 270, "texture": "#2"},
				"west": {"uv": [5, 5, 4, 6], "rotation": 270, "texture": "#2"},
				"up": {"uv": [5, 5, 4, 6], "rotation": 270, "texture": "#2"},
				"down": {"uv": [5, 5, 4, 6], "rotation": 270, "texture": "#2"}
			}
		},
		{
			"from": [7.78437, 7.17304, 7.20223],
			"to": [8.21563, 7.23554, 7.23973],
			"rotation": {"angle": -22.5, "axis": "x", "origin": [8, 7.20429, 7.20848]},
			"faces": {
				"north": {"uv": [5, 5, 4, 6], "rotation": 270, "texture": "#2"},
				"east": {"uv": [5, 5, 4, 6], "rotation": 270, "texture": "#2"},
				"south": {"uv": [5, 5, 4, 6], "rotation": 270, "texture": "#2"},
				"west": {"uv": [5, 5, 4, 6], "rotation": 270, "texture": "#2"},
				"up": {"uv": [5, 5, 4, 6], "rotation": 270, "texture": "#2"},
				"down": {"uv": [5, 5, 4, 6], "rotation": 270, "texture": "#2"}
			}
		},
		{
			"from": [7.78437, 6.98262, 7.16289],
			"to": [8.21563, 7.18262, 7.26289],
			"rotation": {"angle": 0, "axis": "x", "origin": [8, 6.74512, 7.55039]},
			"faces": {
				"north": {"uv": [5, 5, 4, 6], "rotation": 270, "texture": "#2"},
				"east": {"uv": [5, 5, 4, 6], "rotation": 270, "texture": "#2"},
				"south": {"uv": [5, 5, 4, 6], "rotation": 270, "texture": "#2"},
				"west": {"uv": [5, 5, 4, 6], "rotation": 270, "texture": "#2"},
				"up": {"uv": [5, 5, 4, 6], "rotation": 270, "texture": "#2"},
				"down": {"uv": [5, 5, 4, 6], "rotation": 270, "texture": "#2"}
			}
		},
		{
			"from": [7.78437, 6.98262, 7.22539],
			"to": [8.21563, 7.24512, 7.70039],
			"rotation": {"angle": 0, "axis": "x", "origin": [8, 6.74512, 7.55039]},
			"faces": {
				"north": {"uv": [5, 5, 4, 6], "rotation": 270, "texture": "#2"},
				"east": {"uv": [5, 5, 4, 6], "rotation": 270, "texture": "#2"},
				"south": {"uv": [5, 5, 4, 6], "rotation": 270, "texture": "#2"},
				"west": {"uv": [5, 5, 4, 6], "rotation": 270, "texture": "#2"},
				"up": {"uv": [5, 5, 4, 6], "rotation": 270, "texture": "#2"},
				"down": {"uv": [5, 5, 4, 6], "rotation": 270, "texture": "#2"}
			}
		},
		{
			"from": [7.78437, 7.0283, 7.67867],
			"to": [8.21563, 7.1158, 7.71617],
			"rotation": {"angle": -22.5, "axis": "x", "origin": [8, 7.0783, 7.69742]},
			"faces": {
				"north": {"uv": [5, 5, 4, 6], "rotation": 270, "texture": "#2"},
				"east": {"uv": [5, 5, 4, 6], "rotation": 270, "texture": "#2"},
				"south": {"uv": [5, 5, 4, 6], "rotation": 270, "texture": "#2"},
				"west": {"uv": [5, 5, 4, 6], "rotation": 270, "texture": "#2"},
				"up": {"uv": [5, 5, 4, 6], "rotation": 270, "texture": "#2"},
				"down": {"uv": [5, 5, 4, 6], "rotation": 270, "texture": "#2"}
			}
		},
		{
			"from": [7.78437, 6.97546, 7.71754],
			"to": [8.21563, 7.05671, 7.77535],
			"rotation": {"angle": -45, "axis": "x", "origin": [8, 6.98796, 7.75191]},
			"faces": {
				"north": {"uv": [5, 5, 4, 6], "rotation": 270, "texture": "#2"},
				"east": {"uv": [5, 5, 4, 6], "rotation": 270, "texture": "#2"},
				"south": {"uv": [5, 5, 4, 6], "rotation": 270, "texture": "#2"},
				"west": {"uv": [5, 5, 4, 6], "rotation": 270, "texture": "#2"},
				"up": {"uv": [5, 5, 4, 6], "rotation": 270, "texture": "#2"},
				"down": {"uv": [5, 5, 4, 6], "rotation": 270, "texture": "#2"}
			}
		},
		{
			"from": [7.78437, 6.94387, 7.72362],
			"to": [8.21563, 7.00169, 7.80487],
			"rotation": {"angle": 22.5, "axis": "x", "origin": [8, 6.97825, 7.79237]},
			"faces": {
				"north": {"uv": [5, 5, 4, 6], "rotation": 90, "texture": "#2"},
				"east": {"uv": [4, 6, 5, 5], "rotation": 180, "texture": "#2"},
				"south": {"uv": [5, 5, 4, 6], "rotation": 270, "texture": "#2"},
				"west": {"uv": [4, 6, 5, 5], "texture": "#2"},
				"up": {"uv": [5, 5, 4, 6], "rotation": 270, "texture": "#2"},
				"down": {"uv": [5, 5, 4, 6], "rotation": 90, "texture": "#2"}
			}
		},
		{
			"from": [7.78437, 6.13436, 7.56684],
			"to": [8.21563, 6.34686, 7.94184],
			"rotation": {"angle": -22.5, "axis": "x", "origin": [8, 5.89686, 7.44184]},
			"faces": {
				"north": {"uv": [5, 5, 4, 6], "rotation": 90, "texture": "#2"},
				"east": {"uv": [4, 6, 5, 5], "texture": "#2"},
				"south": {"uv": [5, 5, 4, 6], "rotation": 270, "texture": "#2"},
				"west": {"uv": [4, 6, 5, 5], "rotation": 180, "texture": "#2"},
				"up": {"uv": [5, 5, 4, 6], "rotation": 90, "texture": "#2"},
				"down": {"uv": [5, 5, 4, 6], "rotation": 270, "texture": "#2"}
			}
		},
		{
			"from": [7.78437, 5.88012, 7.65582],
			"to": [8.21563, 6.09262, 7.86832],
			"rotation": {"angle": -45, "axis": "x", "origin": [8, 5.64262, 7.28082]},
			"faces": {
				"north": {"uv": [5, 5, 4, 6], "rotation": 90, "texture": "#2"},
				"east": {"uv": [4, 6, 5, 5], "texture": "#2"},
				"south": {"uv": [5, 5, 4, 6], "rotation": 270, "texture": "#2"},
				"west": {"uv": [4, 6, 5, 5], "rotation": 180, "texture": "#2"},
				"up": {"uv": [5, 5, 4, 6], "rotation": 90, "texture": "#2"},
				"down": {"uv": [5, 5, 4, 6], "rotation": 270, "texture": "#2"}
			}
		},
		{
			"from": [7.78437, 5.82956, 6.98514],
			"to": [8.21563, 6.27956, 7.13514],
			"rotation": {"angle": 22.5, "axis": "x", "origin": [8, 5.44206, 7.37264]},
			"faces": {
				"north": {"uv": [5, 5, 4, 6], "rotation": 270, "texture": "#2"},
				"east": {"uv": [5, 5, 4, 6], "rotation": 270, "texture": "#2"},
				"south": {"uv": [5, 5, 4, 6], "rotation": 270, "texture": "#2"},
				"west": {"uv": [5, 5, 4, 6], "rotation": 270, "texture": "#2"},
				"up": {"uv": [5, 5, 4, 6], "rotation": 270, "texture": "#2"},
				"down": {"uv": [5, 5, 4, 6], "rotation": 270, "texture": "#2"}
			}
		},
		{
			"from": [7.78437, 5.61706, 7.09764],
			"to": [8.21563, 6.27956, 7.13514],
			"rotation": {"angle": 22.5, "axis": "x", "origin": [8, 5.44206, 7.37264]},
			"faces": {
				"north": {"uv": [5, 5, 4, 6], "rotation": 270, "texture": "#2"},
				"east": {"uv": [5, 5, 4, 6], "rotation": 270, "texture": "#2"},
				"south": {"uv": [5, 5, 4, 6], "rotation": 270, "texture": "#2"},
				"west": {"uv": [5, 5, 4, 6], "rotation": 270, "texture": "#2"},
				"up": {"uv": [5, 5, 4, 6], "rotation": 270, "texture": "#2"},
				"down": {"uv": [5, 5, 4, 6], "rotation": 270, "texture": "#2"}
			}
		},
		{
			"from": [7.78437, 5.91387, 7.16289],
			"to": [8.21563, 6.30762, 7.30664],
			"rotation": {"angle": 0, "axis": "z", "origin": [8, 6.05762, 7.43789]},
			"faces": {
				"north": {"uv": [5, 5, 4, 6], "rotation": 270, "texture": "#2"},
				"east": {"uv": [5, 5, 4, 6], "rotation": 270, "texture": "#2"},
				"south": {"uv": [5, 5, 4, 6], "rotation": 270, "texture": "#2"},
				"west": {"uv": [5, 5, 4, 6], "rotation": 270, "texture": "#2"},
				"up": {"uv": [5, 5, 4, 6], "rotation": 270, "texture": "#2"},
				"down": {"uv": [5, 5, 4, 6], "rotation": 270, "texture": "#2"}
			}
		},
		{
			"from": [7.78437, 5.82012, 7.16289],
			"to": [8.21563, 5.93262, 7.26914],
			"rotation": {"angle": 0, "axis": "z", "origin": [8, 6.05762, 7.43789]},
			"faces": {
				"north": {"uv": [5, 5, 4, 6], "rotation": 270, "texture": "#2"},
				"east": {"uv": [5, 5, 4, 6], "rotation": 270, "texture": "#2"},
				"south": {"uv": [5, 5, 4, 6], "rotation": 270, "texture": "#2"},
				"west": {"uv": [5, 5, 4, 6], "rotation": 270, "texture": "#2"},
				"up": {"uv": [5, 5, 4, 6], "rotation": 270, "texture": "#2"},
				"down": {"uv": [5, 5, 4, 6], "rotation": 270, "texture": "#2"}
			}
		},
		{
			"from": [7.78437, 5.66387, 7.16289],
			"to": [8.21563, 5.93262, 7.22226],
			"rotation": {"angle": 0, "axis": "z", "origin": [8, 6.05762, 7.43789]},
			"faces": {
				"north": {"uv": [5, 5, 4, 6], "rotation": 270, "texture": "#2"},
				"east": {"uv": [5, 5, 4, 6], "rotation": 270, "texture": "#2"},
				"south": {"uv": [5, 5, 4, 6], "rotation": 270, "texture": "#2"},
				"west": {"uv": [5, 5, 4, 6], "rotation": 270, "texture": "#2"},
				"up": {"uv": [5, 5, 4, 6], "rotation": 270, "texture": "#2"},
				"down": {"uv": [5, 5, 4, 6], "rotation": 270, "texture": "#2"}
			}
		},
		{
			"from": [7.83125, 7.24598, 7.25039],
			"to": [8.16875, 8.74598, 7.62539],
			"rotation": {"angle": 0, "axis": "z", "origin": [8, 9.55848, 7.37539]},
			"faces": {
				"north": {"uv": [5.5, 0.5, 5.5, 0.5], "rotation": 270, "texture": "#2"},
				"east": {"uv": [5.5, 0.5, 5.5, 0.5], "rotation": 270, "texture": "#2"},
				"south": {"uv": [5.5, 0.5, 5.5, 0.5], "rotation": 270, "texture": "#2"},
				"west": {"uv": [5.5, 0.5, 5.5, 0.5], "rotation": 270, "texture": "#2"},
				"up": {"uv": [5.5, 0.5, 5.5, 0.5], "rotation": 270, "texture": "#2"},
				"down": {"uv": [5.5, 0.5, 5.5, 0.5], "rotation": 270, "texture": "#2"}
			}
		},
		{
			"from": [7.79375, 8.43348, 7.22539],
			"to": [8.20625, 8.49598, 7.65039],
			"rotation": {"angle": 0, "axis": "z", "origin": [8, 9.55848, 7.37539]},
			"faces": {
				"north": {"uv": [4.5, 0.5, 4.5, 0.5], "rotation": 270, "texture": "#2"},
				"east": {"uv": [4.5, 0.5, 4.5, 0.5], "rotation": 270, "texture": "#2"},
				"south": {"uv": [4.5, 0.5, 4.5, 0.5], "rotation": 270, "texture": "#2"},
				"west": {"uv": [4.5, 0.5, 4.5, 0.5], "rotation": 270, "texture": "#2"},
				"up": {"uv": [4.5, 0.5, 4.5, 0.5], "rotation": 270, "texture": "#2"},
				"down": {"uv": [4.5, 0.5, 4.5, 0.5], "rotation": 270, "texture": "#2"}
			}
		},
		{
			"from": [7.79375, 8.30848, 7.22539],
			"to": [8.20625, 8.37098, 7.65039],
			"rotation": {"angle": 0, "axis": "z", "origin": [8, 9.43348, 7.37539]},
			"faces": {
				"north": {"uv": [4.5, 0.5, 4.5, 0.5], "rotation": 270, "texture": "#2"},
				"east": {"uv": [4.5, 0.5, 4.5, 0.5], "rotation": 270, "texture": "#2"},
				"south": {"uv": [4.5, 0.5, 4.5, 0.5], "rotation": 270, "texture": "#2"},
				"west": {"uv": [4.5, 0.5, 4.5, 0.5], "rotation": 270, "texture": "#2"},
				"up": {"uv": [4.5, 0.5, 4.5, 0.5], "rotation": 270, "texture": "#2"},
				"down": {"uv": [4.5, 0.5, 4.5, 0.5], "rotation": 270, "texture": "#2"}
			}
		},
		{
			"from": [7.79375, 8.18348, 7.22539],
			"to": [8.20625, 8.24598, 7.65039],
			"rotation": {"angle": 0, "axis": "z", "origin": [8, 9.30848, 7.37539]},
			"faces": {
				"north": {"uv": [4.5, 0.5, 4.5, 0.5], "rotation": 270, "texture": "#2"},
				"east": {"uv": [4.5, 0.5, 4.5, 0.5], "rotation": 270, "texture": "#2"},
				"south": {"uv": [4.5, 0.5, 4.5, 0.5], "rotation": 270, "texture": "#2"},
				"west": {"uv": [4.5, 0.5, 4.5, 0.5], "rotation": 270, "texture": "#2"},
				"up": {"uv": [4.5, 0.5, 4.5, 0.5], "rotation": 270, "texture": "#2"},
				"down": {"uv": [4.5, 0.5, 4.5, 0.5], "rotation": 270, "texture": "#2"}
			}
		},
		{
			"from": [7.79375, 8.05848, 7.22539],
			"to": [8.20625, 8.12098, 7.65039],
			"rotation": {"angle": 0, "axis": "z", "origin": [8, 9.18348, 7.37539]},
			"faces": {
				"north": {"uv": [4.5, 0.5, 4.5, 0.5], "rotation": 270, "texture": "#2"},
				"east": {"uv": [4.5, 0.5, 4.5, 0.5], "rotation": 270, "texture": "#2"},
				"south": {"uv": [4.5, 0.5, 4.5, 0.5], "rotation": 270, "texture": "#2"},
				"west": {"uv": [4.5, 0.5, 4.5, 0.5], "rotation": 270, "texture": "#2"},
				"up": {"uv": [4.5, 0.5, 4.5, 0.5], "rotation": 270, "texture": "#2"},
				"down": {"uv": [4.5, 0.5, 4.5, 0.5], "rotation": 270, "texture": "#2"}
			}
		},
		{
			"from": [7.79375, 7.93348, 7.22539],
			"to": [8.20625, 7.99598, 7.65039],
			"rotation": {"angle": 0, "axis": "z", "origin": [8, 9.05848, 7.37539]},
			"faces": {
				"north": {"uv": [4.5, 0.5, 4.5, 0.5], "rotation": 270, "texture": "#2"},
				"east": {"uv": [4.5, 0.5, 4.5, 0.5], "rotation": 270, "texture": "#2"},
				"south": {"uv": [4.5, 0.5, 4.5, 0.5], "rotation": 270, "texture": "#2"},
				"west": {"uv": [4.5, 0.5, 4.5, 0.5], "rotation": 270, "texture": "#2"},
				"up": {"uv": [4.5, 0.5, 4.5, 0.5], "rotation": 270, "texture": "#2"},
				"down": {"uv": [4.5, 0.5, 4.5, 0.5], "rotation": 270, "texture": "#2"}
			}
		},
		{
			"from": [7.79375, 7.80848, 7.22539],
			"to": [8.20625, 7.87098, 7.65039],
			"rotation": {"angle": 0, "axis": "z", "origin": [8, 8.93348, 7.37539]},
			"faces": {
				"north": {"uv": [4.5, 0.5, 4.5, 0.5], "rotation": 270, "texture": "#2"},
				"east": {"uv": [4.5, 0.5, 4.5, 0.5], "rotation": 270, "texture": "#2"},
				"south": {"uv": [4.5, 0.5, 4.5, 0.5], "rotation": 270, "texture": "#2"},
				"west": {"uv": [4.5, 0.5, 4.5, 0.5], "rotation": 270, "texture": "#2"},
				"up": {"uv": [4.5, 0.5, 4.5, 0.5], "rotation": 270, "texture": "#2"},
				"down": {"uv": [4.5, 0.5, 4.5, 0.5], "rotation": 270, "texture": "#2"}
			}
		},
		{
			"from": [7.79375, 7.68348, 7.22539],
			"to": [8.20625, 7.74598, 7.65039],
			"rotation": {"angle": 0, "axis": "z", "origin": [8, 8.80848, 7.37539]},
			"faces": {
				"north": {"uv": [4.5, 0.5, 4.5, 0.5], "rotation": 270, "texture": "#2"},
				"east": {"uv": [4.5, 0.5, 4.5, 0.5], "rotation": 270, "texture": "#2"},
				"south": {"uv": [4.5, 0.5, 4.5, 0.5], "rotation": 270, "texture": "#2"},
				"west": {"uv": [4.5, 0.5, 4.5, 0.5], "rotation": 270, "texture": "#2"},
				"up": {"uv": [4.5, 0.5, 4.5, 0.5], "rotation": 270, "texture": "#2"},
				"down": {"uv": [4.5, 0.5, 4.5, 0.5], "rotation": 270, "texture": "#2"}
			}
		},
		{
			"from": [7.79375, 7.55848, 7.22539],
			"to": [8.20625, 7.62098, 7.65039],
			"rotation": {"angle": 0, "axis": "z", "origin": [8, 8.68348, 7.37539]},
			"faces": {
				"north": {"uv": [4.5, 0.5, 4.5, 0.5], "rotation": 270, "texture": "#2"},
				"east": {"uv": [4.5, 0.5, 4.5, 0.5], "rotation": 270, "texture": "#2"},
				"south": {"uv": [4.5, 0.5, 4.5, 0.5], "rotation": 270, "texture": "#2"},
				"west": {"uv": [4.5, 0.5, 4.5, 0.5], "rotation": 270, "texture": "#2"},
				"up": {"uv": [4.5, 0.5, 4.5, 0.5], "rotation": 270, "texture": "#2"},
				"down": {"uv": [4.5, 0.5, 4.5, 0.5], "rotation": 270, "texture": "#2"}
			}
		}
	],
	"gui_light": "front",
	"display": {
		"thirdperson_righthand": {
			"translation": [-1.75, 0, 0.5],
			"scale": [1.7, 1.4, 1.7]
		},
		"thirdperson_lefthand": {
			"translation": [-1.75, 0, 0.5],
			"scale": [1.7, 1.4, 1.7]
		},
		"firstperson_righthand": {
			"rotation": [16, 0, 0],
			"translation": [2, 4, 0],
			"scale": [1.21, 1, 1.21]
		},
		"firstperson_lefthand": {
			"rotation": [16, 0, 0],
			"translation": [2, 4, 0],
			"scale": [1.21, 1, 1.21]
		},
		"ground": {
			"rotation": [90, -45, 90],
			"translation": [1.5, 1.5, -0.5],
			"scale": [1.7, 1.4, 1.7]
		},
		"gui": {
			"rotation": [90, 45, 90],
			"translation": [-1.5, 1.75, -2.5],
			"scale": [2, 1.652, 2]
		},
		"head": {
			"rotation": [-90, 0, 90],
			"translation": [0, -6.75, -6.5],
			"scale": [1.21, 1, 1.21]
		},
		"fixed": {
			"rotation": [90, -45, 90],
			"translation": [1.5, 1.5, -0.5],
			"scale": [1.7, 1.4, 1.7]
		}
	},
	"groups": [
		{
			"name": "弦",
			"origin": [6.625, 8, 8],
			"children": [0, 1]
		},
		{
			"name": "上半分",
			"origin": [6.75, 12.75, 8],
			"children": [2, 3, 4, 5, 6, 7, 8, 9, 10, 11, 12, 13, 14, 15, 16, 17, 18, 19, 20, 21, 22, 23, 24, 25, 26, 27]
		},
		{
			"name": "下半分",
			"origin": [6.75, 12.75, 8],
			"children": [28, 29, 30, 31, 32, 33, 34, 35, 36, 37, 38, 39, 40, 41, 42, 43, 44, 45, 46, 47, 48, 49, 50, 51, 52, 53]
		},
		{
			"name": "持ち手",
			"origin": [8, 8, 8],
			"children": [54,
				{
					"name": "ぐるぐる",
					"origin": [6.625, 9.54959, 5.92964],
					"children": [55, 56, 57, 58, 59, 60, 61, 62]
				}
			]
		}
	]
}