{
  "type": "minecraft:entity",
  "pools": [
    {
      "rolls": 1,
      "entries": [
        {
          "type": "minecraft:item",
          "name": "minecraft:leather_chestplate",
          "functions": [
            {
                "function": "minecraft:set_name",
                "name": {"text": "耐魔の革鎧","color":"dark_purple","italic":false}
            },
            {
                "function": "minecraft:set_lore",
                "lore": [
                  {"text":"魔法に大きな耐性を持つ革鎧。","italic":false,"color":"gold"},
                  {"text":"自身の魔力も阻害してしまう。","italic":false,"color":"gold"},
                  {"text":"--------------------------------","italic":false,"color":"gray"},
                  {"text":"最大MP -30","italic":false,"color":"dark_aqua"},
                  {"text":"物理耐性 +6%","italic":false,"color":"blue"},
                  {"text":"魔法耐性 +30%","italic":false,"color":"light_purple"}
                ]
            },
            {
                "function": "minecraft:set_nbt",
                "tag": "{display:{color:5374097},maxMP:-30,armorResist:6,magicResist:30,Enchantments:[{}],AttributeModifiers:[{}],Soulbound:1b,HideFlags:4,Unbreakable:1b}"
            }
          ]
        }
      ]
    }
  ]
}