{
  "type": "minecraft:entity",
  "pools": [
    {
      "rolls": 1,
      "entries": [
        {
          "type": "minecraft:item",
          "name": "minecraft:leather_leggings",
          "functions": [
            {
                "function": "minecraft:set_name",
                "name": {"text": "水廻の腰蓑","color":"blue","italic":false}
            },
            {
                "function": "minecraft:set_lore",
                "lore": [
                  {"text":"魔力回路の調律を補助する防具。","italic":false,"color":"gold"},
                  {"text":"--------------------------------","italic":false,"color":"gray"},
                  {"text":"物理耐性 +6%","italic":false,"color":"blue"},
                  {"text":"魔法耐性 +6%","italic":false,"color":"light_purple"},
                  {"text":"クールダウン短縮:8%","italic":false,"color":"green"}
                ]
            },
            {
                "function": "minecraft:set_nbt",
                "tag": "{display:{color:3847130},armorResist:6,magicResist:6,CTCut:80,Enchantments:[{}],AttributeModifiers:[{}],Soulbound:1b,HideFlags:4,Unbreakable:1b}"
            }
          ]
        }
      ]
    }
  ]
}