{
  "type": "minecraft:entity",
  "pools": [
    {
      "rolls": 1,
      "entries": [
        {
          "type": "minecraft:item",
          "name": "minecraft:leather_boots",
          "functions": [
            {
                "function": "minecraft:set_name",
                "name": {"text": "水渡の靴","color":"blue","italic":false}
            },
            {
                "function": "minecraft:set_lore",
                "lore": [
                  {"text":"水中で動きやすくなる効果を持つ。","italic":false,"color":"gold"},
                  {"text":"--------------------------------","italic":false,"color":"gray"},
                  {"text":"物理耐性 +10%","italic":false,"color":"blue"}
                ]
            },
            {
                "function": "minecraft:set_nbt",
                "tag": "{display:{color:3847130},armorResist:10,Enchantments:[{id:\"respiration\",lvl:2s},{id:\"depth_strider\",lvl:3s}],AttributeModifiers:[{}],Soulbound:1b,HideFlags:4,Unbreakable:1b}"
            }
          ]
        }
      ]
    }
  ]
}