{
  "type": "minecraft:entity",
  "pools": [
    {
      "rolls": 1,
      "entries": [
        {
          "type": "minecraft:item",
          "name": "minecraft:leather_chestplate",
          "functions": [
            {
                "function": "minecraft:set_name",
                "name": {"text": "軽革のバトルアーム","color":"gold","italic":false}
            },
            {
                "function": "minecraft:set_lore",
                "lore": [
                  {"text":"機動力を重視して戦える革の防具。","italic":false,"color":"gold"},
                  {"text":"移動速度低下の効果時間を半減する効果を持つ。","italic":false,"color":"gold"},
                  {"text":"--------------------------------","italic":false,"color":"gray"},
                  {"text":"物理耐性 +10%","italic":false,"color":"blue"}
                ]
            },
            {
              "function": "minecraft:set_attributes",
              "modifiers": [
                  {
                    "name": "generic.attack_damage",
                    "attribute": "generic.attack_damage",
                    "operation": "multiply_base",
                    "amount": 0.10,
                    "slot": "chest"
                  }
              ]
            },
            {
                "function": "minecraft:set_nbt",
                "tag": "{lightarm:1b,armorResist:10,Soulbound:1b,HideFlags:4,Unbreakable:1b}"
            }
          ]
        }
      ]
    }
  ]
}