{
  "type": "minecraft:entity",
  "pools": [
    {
      "rolls": 1,
      "entries": [
        {
          "type": "minecraft:item",
          "name": "minecraft:leather_leggings",
          "functions": [
            {
                "function": "minecraft:set_name",
                "name": {"text": "白熊の腰蓑","color":"white","italic":false}
            },
            {
                "function": "minecraft:set_lore",
                "lore": [
                  {"text":"白熊の毛皮を用いた腰蓑。","italic":false,"color":"gold"},
                  {"text":"移動速度低下の効果レベルを1段階下げる効果を持つ。","italic":false,"color":"gold"},
                  {"text":"--------------------------------","italic":false,"color":"gray"},
                  {"text":"最大HP +9","italic":false,"color":"green"}
                ]
            },
            {
                "function": "minecraft:set_nbt",
                "tag": "{display:{color:15659226},maxHP:9,bear_legs:1b,AttributeModifiers:[{}],Soulbound:1b,HideFlags:4,Unbreakable:1b}"
            }
          ]
        }
      ]
    }
  ]
}