{
  "type": "minecraft:entity",
  "pools": [
    {
      "rolls": 1,
      "entries": [
        {
          "type": "minecraft:item",
          "name": "minecraft:elytra",
          "functions": [
            {
                "function": "minecraft:set_name",
                "name": {"text": "エリトラ","color":"yellow","italic":false}
            },
            {
                "function": "minecraft:set_lore",
                "lore": [
                  {"text":"大空を滑空出来る羽。","italic":false,"color":"gold"},
                  {"text":"滑空するとMP回復が停止する。","italic":false,"color":"gold"}
                ]
            },
            {
                "function": "minecraft:set_nbt",
                "tag": "{Soulbound:1b,HideFlags:4,Unbreakable:1b}"
            }
          ]
        }
      ]
    }
  ]
}