{
  "type": "minecraft:entity",
  "pools": [
    {
      "rolls": 1,
      "entries": [
        {
          "type": "minecraft:item",
          "name": "minecraft:leather_boots",
          "functions": [
            {
                "function": "minecraft:set_name",
                "name": {"text": "飛翔の靴","color":"yellow","italic":false}
            },
            {
                "function": "minecraft:set_lore",
                "lore": [
                  {"text":"--------------------------------","italic":false,"color":"gray"},
                  {"text":"-浮遊飛翔- MP:7 / 連続発動可能:3回","italic":false,"color":"aqua"},
                  {"text":"空中でスニークする事で発動。","italic":false,"color":"white"},
                  {"text":"1秒間隔で自身に浮遊を付与する。","italic":false,"color":"white"},
                  {"text":"--------------------------------","italic":false,"color":"gray"},
                  {"text":"物理耐性 +10%","italic":false,"color":"blue"}
                ]
            },
            {
                "function": "minecraft:set_nbt",
                "tag": "{display:{color:16701501},armorResist:10,floatboots:1b,AttributeModifiers:[{}],Soulbound:1b,HideFlags:4,Unbreakable:1b}"
            }
          ]
        }
      ]
    }
  ]
}