{
  "type": "minecraft:entity",
  "pools": [
    {
      "rolls": 1,
      "entries": [
        {
          "type": "minecraft:item",
          "name": "minecraft:golden_boots",
          "functions": [
            {
                "function": "minecraft:set_name",
                "name": {"text": "ヘルスブーツ","color":"yellow","italic":false}
            },
            {
                "function": "minecraft:set_lore",
                "lore": [
                  {"text":"最大体力が増加する靴。","italic":false,"color":"gold"},
                  {"text":"--------------------------------","italic":false,"color":"gray"},
                  {"text":"最大HP +8","italic":false,"color":"green"},
                  {"text":"物理耐性 +5%","italic":false,"color":"blue"},
                  {"text":"魔法耐性 +5%","italic":false,"color":"light_purple"}
                ]
            },
            {
                "function": "minecraft:set_nbt",
                "tag": "{maxHP:8,armorResist:5,magicResist:5,AttributeModifiers:[{}],Soulbound:1b,HideFlags:4,Unbreakable:1b}"
            }
          ]
        }
      ]
    }
  ]
}