{
  "type": "minecraft:entity",
  "pools": [
    {
      "rolls": 1,
      "entries": [
        {
          "type": "minecraft:item",
          "name": "minecraft:leather_leggings",
          "functions": [
            {
                "function": "minecraft:set_name",
                "name": {"text": "氷銀のローブ(下)","color":"aqua","italic":false}
            },
            {
                "function": "minecraft:set_lore",
                "lore": [
                  {"text":"魔力の出力を補助するローブ。","italic":false,"color":"gold"},
                  {"text":"炎に弱い弱点を持つ。","italic":false,"color":"gold"},
                  {"text":"--------------------------------","italic":false,"color":"gray"},
                  {"text":"炎上時:被ダメ +40%","italic":false,"color":"red"},
                  {"text":"魔法攻撃力 +10%","italic":false,"color":"light_purple"},
                  {"text":"魔法耐性 +6%","italic":false,"color":"light_purple"}
                ]
            },
            {
                "function": "minecraft:set_nbt",
                "tag": "{display:{color:11592447},ice_legs:1b,magicBoost:10,magicResist:6,AttributeModifiers:[{}],Enchantments:[{}],Soulbound:1b,HideFlags:4,Unbreakable:1b}"
            }
          ]
        }
      ]
    }
  ]
}