{
  "type": "minecraft:entity",
  "pools": [
    {
      "rolls": 1,
      "entries": [
        {
          "type": "minecraft:item",
          "name": "minecraft:leather_boots",
          "functions": [
            {
                "function": "minecraft:set_name",
                "name": {"text": "宵闇のブーツ","color":"dark_gray","bold":true,"italic":false}
            },
            {
                "function": "minecraft:set_lore",
                "lore": [
                  {"text":"闇夜を駆け回る剣士の愛靴。","italic":false,"color":"gold"},
                  {"text":"--------------------------------","italic":false,"color":"gray"},
                  {"text":"魔法攻撃力 -30%","italic":false,"color":"dark_aqua"}
                ]
            },
            {
              "function": "minecraft:set_attributes",
              "modifiers": [
                  {
                    "name": "generic.attack_damage",
                    "attribute": "generic.attack_damage",
                    "operation": "multiply_base",
                    "amount": 0.05,
                    "slot": "feet"
                  }
              ]
            },
            {
              "function": "minecraft:set_attributes",
              "modifiers": [
                  {
                    "name": "generic.attack_damage",
                    "attribute": "generic.movement_speed",
                    "operation": "multiply_base",
                    "amount": 0.10,
                    "slot": "feet"
                  }
              ]
            },
            {
                "function": "minecraft:set_nbt",
                "tag": "{display:{color:0},armorResist:6,magicBoost:-30,Soulbound:1b,HideFlags:4,Unbreakable:1b}"
            }
          ]
        }
      ]
    }
  ]
}