{
  "type": "minecraft:entity",
  "pools": [
    {
      "rolls": 1,
      "entries": [
        {
          "type": "minecraft:item",
          "name": "minecraft:leather_leggings",
          "functions": [
            {
                "function": "minecraft:set_name",
                "name": {"text": "ラビットフット","color":"yellow","italic":false}
            },
            {
                "function": "minecraft:set_lore",
                "lore": [
                  {"text":"装備している間、跳躍力上昇Lv2を得る。","italic":false,"color":"gold"},
                  {"text":"スニーク中は跳躍力上昇Lv4を得る。","italic":false,"color":"gold"},
                  {"text":"--------------------------------","italic":false,"color":"gray"},
                  {"text":"物理耐性 +5%","italic":false,"color":"blue"}
                ]
            },
            {
                "function": "minecraft:set_nbt",
                "tag": "{display:{color:16701501},armorResist:5,rabbitfoot:1b,AttributeModifiers:[{}],Soulbound:1b,HideFlags:4,Unbreakable:1b}"
            }
          ]
        }
      ]
    }
  ]
}