{
  "type": "minecraft:entity",
  "pools": [
    {
      "rolls": 1,
      "entries": [
        {
          "type": "minecraft:item",
          "name": "minecraft:diamond_boots",
          "functions": [
            {
                "function": "minecraft:set_name",
                "name": {"text": "抵抗の靴","color":"aqua","italic":false}
            },
            {
                "function": "minecraft:set_lore",
                "lore": [
                  {"text":"装備時のスニーク中、ノックバック耐性を得る。","italic":false,"color":"gold"},
                  {"text":"--------------------------------","italic":false,"color":"gray"},
                  {"text":"物理耐性 +16%","italic":false,"color":"blue"}
                ]
            },
            {
                "function": "minecraft:set_nbt",
                "tag": "{resistboots:1b,armorResist:16,AttributeModifiers:[{}],Soulbound:1b,HideFlags:4,Unbreakable:1b}"
            }
          ]
        }
      ]
    }
  ]
}