{
  "type": "minecraft:entity",
  "pools": [
    {
      "rolls": 1,
      "entries": [
        {
          "type": "minecraft:item",
          "name": "minecraft:stone_hoe",
          "functions": [
            {
                "function": "minecraft:set_name",
                "name": {"text": "宝具:ダブルキャスト","color":"aqua","italic":false}
            },
            {
                "function": "minecraft:set_lore",
                "lore": [
                  {"text":"左隣の装備のスキルが2回連続で放てるようになるが、","italic":false,"color":"white"},
                  {"text":"その装備のCooldownが1.5倍になる。","italic":false,"color":"white"}
                ]
            },
            {
                "function": "minecraft:set_nbt",
                "tag": "{CustomModelData:108,double_cast_available:1b,Soulbound:1b,Unbreakable:1b,HideFlags:6,AttributeModifiers:[{}]}"
            }
          ]
        }
      ]
    }
  ]
}