{
  "type": "minecraft:entity",
  "pools": [
    {
      "rolls": 1,
      "entries": [
        {
          "type": "minecraft:item",
          "name": "minecraft:stone",
          "functions": [
            {
              "function": "minecraft:set_attributes",
              "modifiers": [
                {
                  "name": "rand.1-100",
                  "attribute": "generic.attack_speed",
                  "operation": "addition",
                  "amount": {
                    "min": 1,
                    "max": 100
                  },
                  "slot": "mainhand"
                }
              ]
            },
            {
                "function": "minecraft:set_nbt",
                "tag": "{randomItem:1b}"
            }
          ]
        }
      ]
    }
  ]
}