{
    "criteria": {
      "deflected_projectile": {
        "trigger": "minecraft:player_hurt_entity",
        "conditions": {
          "damage": {
            "dealt": {
                "min": 3.5
            },
            "type": {
              "direct_entity": {
                "type": "minecraft:player",
                "equipment": {
                    "mainhand": {
                        "item": "minecraft:carrot_on_a_stick",
                        "nbt": "{hinoki_blade:1b}"
                    }
                }
              }
            }
          }
        }
      }
    }
  }