{
  "parent": "wancomatter:buff/root",
  "display": {
    "icon": {
      "item": "minecraft:carrot_on_a_stick",
      "nbt": "{CustomModelData:94}"
    },
    "title": {
      "text": "スピカの支援を受けた"
    },
    "description": {
      "text": "スピカによるバフ効果。次に魔法を使用するまでMPが毎秒3回復する。"
    },
    "frame": "goal",
    "show_toast": true,
    "announce_to_chat": false,
    "hidden": false
  },
  "criteria": {
    "netherite_hoe": {
      "trigger": "minecraft:impossible"
    }
  }
}