{
  "type": "minecraft:entity",
  "pools": [
    {
      "rolls": 1,
      "entries": [
        {
          "type": "minecraft:item",
          "name": "minecraft:iron_axe",
          "functions": [
            {
                "function": "minecraft:set_name",
                "name": {"text": "戦斧","color": "white","bold": true,"italic": false}
            },
            {
                "function": "minecraft:set_lore",
                "lore": [
                  {"text":"強力な一撃を叩き込む事に長けた斧。","italic":false,"color":"gold"},
                  {"text":"盾を一定時間使用不可にする効果を持つ。","italic":false,"color":"gold"}
                ]
            },
            {
              "function": "minecraft:set_attributes",
              "modifiers": [
                  {
                      "name": "generic.attack_speed",
                      "attribute": "generic.attack_speed",
                      "operation": "addition",
                      "amount": -3.1,
                      "slot": "mainhand"
                  },
                  {
                      "name": "generic.attack_damage",
                      "attribute": "generic.attack_damage",
                      "operation": "addition",
                      "amount": 8,
                      "slot": "mainhand"
                  }
              ]
            },
            {
                "function": "minecraft:set_nbt",
                "tag": "{CustomModelData:108,Soulbound:1b,Unbreakable:1b,HideFlags:4}"
            }
          ]
        }
      ]
    }
  ]
}