{
  "type": "minecraft:entity",
  "pools": [
    {
      "rolls": 1,
      "entries": [
        {
          "type": "minecraft:item",
          "name": "minecraft:diamond_sword",
          "functions": [
            {
                "function": "minecraft:set_name",
                "name": {"text": "解析者","color":"dark_purple","italic":false}
            },
            {
                "function": "minecraft:set_lore",
                "lore": [
                  {"text":"--------------------------------","italic":false,"color":"gray"},
                  {"text":"-連撃剣- MP:40 / Cooldown:65","italic":false,"color":"aqua"},
                  {"text":"オフハンドに拒絶者を持っている時、","italic":false,"color":"white"},
                  {"text":"メインハンドに持ち2.5秒間スニークで発動。","italic":false,"color":"white"},
                  {"text":"二刀流の16連撃を行う。","italic":false,"color":"white"},
                  {"text":"--------------------------------","italic":false,"color":"gray"}
                ]
            },
            {
              "function": "minecraft:set_attributes",
              "modifiers": [
                {
                    "name": "generic.attack_speed",
                    "attribute": "generic.attack_speed",
                    "operation": "addition",
                    "amount": -2.2,
                    "slot": "mainhand"
                },
                {
                    "name": "generic.attack_damage",
                    "attribute": "generic.attack_damage",
                    "operation": "addition",
                    "amount": 2.5,
                    "slot": "mainhand"
                },
                {
                  "name": "generic.attack_speed",
                  "attribute": "generic.attack_speed",
                  "operation": "multiply_base",
                  "amount": 0.1,
                  "slot": "offhand"
                }
              ]
            },
            {
                "function": "minecraft:set_nbt",
                "tag": "{elucidator:1b,CustomModelData:113,Soulbound:1b,Unbreakable:1b,HideFlags:4}"
            }
          ]
        }
      ]
    }
  ]
}