{
  "type": "minecraft:entity",
  "pools": [
    {
      "rolls": 1,
      "entries": [
        {
          "type": "minecraft:item",
          "name": "minecraft:carrot_on_a_stick",
          "functions": [
            {
                "function": "minecraft:set_name",
                "name": {"text": "ブーメラン","color": "gold","italic": false}
            },
            {
                "function": "minecraft:set_lore",
                "lore": [
                  {"text":"--------------------------------","italic":false,"color":"gray"},
                  {"text":"-ブーメラン- MP:0 / 回収時Cooldown:2.5","italic":false,"color":"aqua"},
                  {"text":"前方に投擲して攻撃できるブーメラン。","italic":false,"color":"white"},
                  {"text":"投擲後にMPを2消費して自身の元に跳ね返る。","italic":false,"color":"white"},
                  {"text":"--------------------------------","italic":false,"color":"gray"}
                ]
            },
            {
                "function": "minecraft:set_nbt",
                "tag": "{CustomModelData:115,Soulbound:1b,Unbreakable:1b,HideFlags:5}"
            }
          ]
        }
      ]
    }
  ]
}