{
  "type": "minecraft:entity",
  "pools": [
    {
      "rolls": 1,
      "entries": [
        {
          "type": "minecraft:item",
          "name": "minecraft:iron_sword",
          "functions": [
            {
                "function": "minecraft:set_name",
                "name": {"text": "クレイモア","color": "white","bold": true,"italic": false}
            },
            {
                "function": "minecraft:set_lore",
                "lore": [
                  {"text":"人々の抗争で長く使用された両手剣。","italic":false,"color":"gold"},
                  {"text":"片手で持った時、自身の動きが制限される。","italic":false,"color":"gold"}
                ]
            },
            {
              "function": "minecraft:set_attributes",
              "modifiers": [
                  {
                      "name": "generic.attack_speed",
                      "attribute": "generic.attack_speed",
                      "operation": "addition",
                      "amount": -2.6,
                      "slot": "mainhand"
                  },
                  {
                      "name": "generic.attack_damage",
                      "attribute": "generic.attack_damage",
                      "operation": "addition",
                      "amount": 6.5,
                      "slot": "mainhand"
                  }
              ]
            },
            {
                "function": "minecraft:set_nbt",
                "tag": "{CustomModelData:103,Soulbound:1b,Unbreakable:1b,HideFlags:4}"
            }
          ]
        }
      ]
    }
  ]
}