{
  "type": "minecraft:entity",
  "pools": [
    {
      "rolls": 1,
      "entries": [
        {
          "type": "minecraft:item",
          "name": "minecraft:carrot_on_a_stick",
          "functions": [
            {
                "function": "minecraft:set_name",
                "name": {"text": "ヒノキブレード","color": "gold","italic": false}
            },
            {
                "function": "minecraft:set_lore",
                "lore": [
                  {"text":"伝説の勇者の魔力を帯びた最高峰の木剣。","italic":false,"color":"yellow"},
                  {"text":"最大チャージで近接攻撃をした時、","italic":false,"color":"yellow"},
                  {"text":"防御貫通の1.5ダメージが上乗せされる。","italic":false,"color":"yellow"},
                  {"text":"--------------------------------","italic":false,"color":"gray"},
                  {"text":"-Parry- MP:4 / Cooldown:7","italic":false,"color":"aqua"},
                  {"text":"0.3秒だけ攻撃を受け流す構えをとる。","italic":false,"color":"white"},
                  {"text":"成功時、ダメージとノックバックを無効化し、","italic":false,"color":"white"},
                  {"text":"この武器のCooldownの時間を半分回復する。","italic":false,"color":"white"},
                  {"text":"--------------------------------","italic":false,"color":"gray"}
                ]
            },
            {
              "function": "minecraft:set_attributes",
              "modifiers": [
                  {
                      "name": "generic.attack_speed",
                      "attribute": "generic.attack_speed",
                      "operation": "addition",
                      "amount": -2.0,
                      "slot": "mainhand"
                  },
                  {
                      "name": "generic.attack_damage",
                      "attribute": "generic.attack_damage",
                      "operation": "addition",
                      "amount": 2.5,
                      "slot": "mainhand"
                  }
              ]
            },
            {
                "function": "minecraft:set_nbt",
                "tag": "{CustomModelData:109,hinoki_blade:1b,Soulbound:1b,Unbreakable:1b,HideFlags:4}"
            }
          ]
        }
      ]
    }
  ]
}