{
  "type": "minecraft:entity",
  "pools": [
    {
      "rolls": 1,
      "entries": [
        {
          "type": "minecraft:item",
          "name": "minecraft:carrot_on_a_stick",
          "functions": [
            {
                "function": "minecraft:set_name",
                "name": {"text": "モーニングスター","color": "white","bold": true,"italic": false}
            },
            {
                "function": "minecraft:set_lore",
                "lore": [
                  {"text":"--------------------------------","italic":false,"color":"gray"},
                  {"text":"-飛来する星球- MP:4 / 解除時Cooldown:3","italic":false,"color":"aqua"},
                  {"text":"星を自身の方向に引き寄せるか前方に飛ばす。","italic":false,"color":"white"},
                  {"text":"手放す事で星の状態をリセットする。","italic":false,"color":"white"},
                  {"text":"--------------------------------","italic":false,"color":"gray"}
                ]
            },
            {
              "function": "minecraft:set_attributes",
              "modifiers": [
                  {
                      "name": "generic.attack_speed",
                      "attribute": "generic.attack_speed",
                      "operation": "addition",
                      "amount": -3.3,
                      "slot": "mainhand"
                  },
                  {
                      "name": "generic.attack_damage",
                      "attribute": "generic.attack_damage",
                      "operation": "addition",
                      "amount": 3,
                      "slot": "mainhand"
                  }
              ]
            },
            {
                "function": "minecraft:set_nbt",
                "tag": "{CustomModelData:43,Soulbound:1b,Unbreakable:1b,HideFlags:4}"
            }
          ]
        }
      ]
    }
  ]
}