{
  "type": "minecraft:entity",
  "pools": [
    {
      "rolls": 1,
      "entries": [
        {
          "type": "minecraft:item",
          "name": "minecraft:trident",
          "functions": [
            {
                "function": "minecraft:set_name",
                "name": {"text": "ネプチューン","color": "dark_aqua","bold": true,"italic": false}
            },
            {
                "function": "minecraft:set_lore",
                "lore": [
                  {"text":"海神の名を冠する三又槍。","italic":false,"color":"blue"},
                  {"text":"投擲して命中した敵に2秒間の移動速度低下2を付与。","italic":false,"color":"blue"}
                ]
            },
            {
              "function": "minecraft:set_attributes",
              "modifiers": [
                  {
                      "name": "generic.attack_speed",
                      "attribute": "generic.attack_speed",
                      "operation": "addition",
                      "amount": -3.3,
                      "slot": "mainhand"
                  },
                  {
                      "name": "generic.attack_damage",
                      "attribute": "generic.attack_damage",
                      "operation": "addition",
                      "amount": 7,
                      "slot": "mainhand"
                  }
              ]
            },
            {
                "function": "minecraft:set_nbt",
                "tag": "{CustomModelData:101,Enchantments:[{id:\"loyalty\",lvl:3s}],Soulbound:1b,Unbreakable:1b,HideFlags:4}"
            }
          ]
        }
      ]
    }
  ]
}