{
  "type": "minecraft:entity",
  "pools": [
    {
      "rolls": 1,
      "entries": [
        {
          "type": "minecraft:item",
          "name": "minecraft:trident",
          "functions": [
            {
                "function": "minecraft:set_name",
                "name": {"text": "ポセイドン","color": "dark_aqua","bold": true,"italic": false}
            },
            {
                "function": "minecraft:set_lore",
                "lore": [
                  {"text":"海と地震を司る神の名を冠する三又槍。","italic":false,"color":"blue"},
                  {"text":"--------------------------------","italic":false,"color":"gray"},
                  {"text":"-AquaQuake- MP:11 / Cooldown:20","italic":false,"color":"aqua"},
                  {"text":"激流で地上に落下着地することで発動。","italic":false,"color":"white"},
                  {"text":"着地点を中心に敵に防御貫通攻撃を行う。","italic":false,"color":"white"},
                  {"text":"--------------------------------","italic":false,"color":"gray"}
                ]
            },
            {
              "function": "minecraft:set_attributes",
              "modifiers": [
                  {
                      "name": "generic.attack_speed",
                      "attribute": "generic.attack_speed",
                      "operation": "addition",
                      "amount": -2.4,
                      "slot": "mainhand"
                  },
                  {
                      "name": "generic.attack_damage",
                      "attribute": "generic.attack_damage",
                      "operation": "addition",
                      "amount": 5,
                      "slot": "mainhand"
                  }
              ]
            },
            {
                "function": "minecraft:set_nbt",
                "tag": "{CustomModelData:102,Enchantments:[{id:\"riptide\",lvl:1s}],Soulbound:1b,Unbreakable:1b,HideFlags:4}"
            }
          ]
        }
      ]
    }
  ]
}