{
  "type": "minecraft:entity",
  "pools": [
    {
      "rolls": 1,
      "entries": [
        {
          "type": "minecraft:item",
          "name": "minecraft:carrot_on_a_stick",
          "functions": [
            {
                "function": "minecraft:set_name",
                "name": {"text": "無骨槍","color": "white","italic": false}
            },
            {
                "function": "minecraft:set_lore",
                "lore": [
                  {"text":"取り回しが良くリーチの長い鉄槍。","italic":false,"color":"gold"},
                  {"text":"--------------------------------","italic":false,"color":"gray"},
                  {"text":"-刺突- MP:3 / Cooldown:2.1","italic":false,"color":"aqua"},
                  {"text":"前方に刺突して攻撃する。","italic":false,"color":"white"},
                  {"text":""},
                  {"text":"--------------------------------","italic":false,"color":"gray"}
                ]
            },
            {
              "function": "minecraft:set_attributes",
              "modifiers": [
                  {
                      "name": "generic.attack_speed",
                      "attribute": "generic.attack_speed",
                      "operation": "addition",
                      "amount": -2.8,
                      "slot": "mainhand"
                  },
                  {
                      "name": "generic.attack_damage",
                      "attribute": "generic.attack_damage",
                      "operation": "addition",
                      "amount": 4.5,
                      "slot": "mainhand"
                  }
              ]
            },
            {
                "function": "minecraft:set_nbt",
                "tag": "{CustomModelData:107,Soulbound:1b,Unbreakable:1b,HideFlags:5}"
            }
          ]
        }
      ]
    }
  ]
}