{
	"credit": "Made with Blockbench",
	"textures": {
		"1": "block/campfire_log",
		"particle": "block/bedrock"
	},
	"elements": [
		{
			"from": [0.40213, 8.53895, 11.40561],
			"to": [5.44897, 13.29065, 12.35004],
			"rotation": {"angle": 0, "axis": "y", "origin": [13.2996, 19.57706, 23.67345]},
			"faces": {
				"north": {"uv": [2.5, 9.5, 2.5, 9.5], "texture": "#1"},
				"east": {"uv": [2.5, 9.5, 2.5, 9.5], "texture": "#1"},
				"south": {"uv": [2.5, 9.5, 2.5, 9.5], "texture": "#1"},
				"west": {"uv": [2.5, 9.5, 2.5, 9.5], "texture": "#1"},
				"up": {"uv": [2.5, 9.5, 2.5, 9.5], "texture": "#1"},
				"down": {"uv": [2.5, 9.5, 2.5, 9.5], "texture": "#1"}
			}
		},
		{
			"from": [0.89402, 9.2768, 19.55221],
			"to": [14.30307, 13.29065, 23.17172],
			"rotation": {"angle": 0, "axis": "y", "origin": [13.2996, 19.57706, 23.67345]},
			"faces": {
				"north": {"uv": [2.5, 9.5, 2.5, 9.5], "texture": "#1"},
				"east": {"uv": [2.5, 9.5, 2.5, 9.5], "texture": "#1"},
				"south": {"uv": [2.5, 9.5, 2.5, 9.5], "texture": "#1"},
				"west": {"uv": [2.5, 9.5, 2.5, 9.5], "texture": "#1"},
				"up": {"uv": [2.5, 9.5, 2.5, 9.5], "texture": "#1"},
				"down": {"uv": [2.5, 9.5, 2.5, 9.5], "texture": "#1"}
			}
		},
		{
			"from": [0.89402, 9.2768, 23.17172],
			"to": [14.30307, 13.29065, 23.17172],
			"rotation": {"angle": 0, "axis": "y", "origin": [13.2996, 19.57706, 23.67345]},
			"faces": {
				"north": {"uv": [2.5, 9.5, 2.5, 9.5], "texture": "#1"},
				"east": {"uv": [2.5, 9.5, 2.5, 9.5], "texture": "#1"},
				"south": {"uv": [2.5, 9.5, 2.5, 9.5], "texture": "#1"},
				"west": {"uv": [2.5, 9.5, 2.5, 9.5], "texture": "#1"},
				"up": {"uv": [2.5, 9.5, 2.5, 9.5], "texture": "#1"},
				"down": {"uv": [2.5, 9.5, 2.5, 9.5], "texture": "#1"}
			}
		},
		{
			"from": [0.68064, 7.92074, 12.11315],
			"to": [5.5256, 13.66292, 22.46418],
			"rotation": {"angle": 0, "axis": "y", "origin": [13.06221, 19.22566, 23.41806]},
			"faces": {
				"north": {"uv": [3.5, 9.5, 3.5, 9.5], "texture": "#1"},
				"east": {"uv": [3.5, 9.5, 3.5, 9.5], "texture": "#1"},
				"south": {"uv": [3.5, 9.5, 3.5, 9.5], "texture": "#1"},
				"west": {"uv": [3.5, 9.5, 3.5, 9.5], "texture": "#1"},
				"up": {"uv": [3.5, 9.5, 3.5, 9.5], "texture": "#1"},
				"down": {"uv": [3.5, 9.5, 3.5, 9.5], "texture": "#1"}
			}
		},
		{
			"from": [0.40213, 7.80111, 11.8975],
			"to": [5.44897, 13.78255, 15.38123],
			"rotation": {"angle": 0, "axis": "y", "origin": [13.2996, 19.57706, 23.67345]},
			"faces": {
				"north": {"uv": [2.5, 9.5, 2.5, 9.5], "texture": "#1"},
				"east": {"uv": [2.5, 9.5, 2.5, 9.5], "texture": "#1"},
				"south": {"uv": [2.5, 9.5, 2.5, 9.5], "texture": "#1"},
				"west": {"uv": [2.5, 9.5, 2.5, 9.5], "texture": "#1"},
				"up": {"uv": [2.5, 9.5, 2.5, 9.5], "texture": "#1"},
				"down": {"uv": [2.5, 9.5, 2.5, 9.5], "texture": "#1"}
			}
		},
		{
			"from": [0.40213, 7.80111, 15.5319],
			"to": [5.44897, 13.78255, 19.04542],
			"rotation": {"angle": 0, "axis": "y", "origin": [13.2996, 19.57706, 23.67345]},
			"faces": {
				"north": {"uv": [2.5, 9.5, 2.5, 9.5], "texture": "#1"},
				"east": {"uv": [2.5, 9.5, 2.5, 9.5], "texture": "#1"},
				"south": {"uv": [2.5, 9.5, 2.5, 9.5], "texture": "#1"},
				"west": {"uv": [2.5, 9.5, 2.5, 9.5], "texture": "#1"},
				"up": {"uv": [2.5, 9.5, 2.5, 9.5], "texture": "#1"},
				"down": {"uv": [2.5, 9.5, 2.5, 9.5], "texture": "#1"}
			}
		},
		{
			"from": [0.40213, 7.80111, 19.25567],
			"to": [5.44897, 13.78255, 22.70961],
			"rotation": {"angle": 0, "axis": "y", "origin": [13.2996, 19.57706, 23.67345]},
			"faces": {
				"north": {"uv": [2.5, 9.5, 2.5, 9.5], "texture": "#1"},
				"east": {"uv": [2.5, 9.5, 2.5, 9.5], "texture": "#1"},
				"south": {"uv": [2.5, 9.5, 2.5, 9.5], "texture": "#1"},
				"west": {"uv": [2.5, 9.5, 2.5, 9.5], "texture": "#1"},
				"up": {"uv": [2.5, 9.5, 2.5, 9.5], "texture": "#1"},
				"down": {"uv": [2.5, 9.5, 2.5, 9.5], "texture": "#1"}
			}
		},
		{
			"from": [5.82281, 5.83354, -0.70483],
			"to": [9.74812, 10.97875, 16.2852],
			"rotation": {"angle": 0, "axis": "y", "origin": [17.59876, 19.57706, 23.67345]},
			"faces": {
				"north": {"uv": [2.5, 9.5, 2.5, 9.5], "texture": "#1"},
				"east": {"uv": [2.5, 9.5, 2.5, 9.5], "texture": "#1"},
				"south": {"uv": [2.5, 9.5, 2.5, 9.5], "texture": "#1"},
				"west": {"uv": [2.5, 9.5, 2.5, 9.5], "texture": "#1"},
				"up": {"uv": [2.5, 9.5, 2.5, 9.5], "texture": "#1"},
				"down": {"uv": [2.5, 9.5, 2.5, 9.5], "texture": "#1"}
			}
		},
		{
			"from": [5.82281, 8.7849, -5.13188],
			"to": [9.74812, 10.97875, 22.92577],
			"rotation": {"angle": 0, "axis": "y", "origin": [17.59876, 19.57706, 23.67345]},
			"faces": {
				"north": {"uv": [2.5, 9.5, 2.5, 9.5], "texture": "#1"},
				"east": {"uv": [2.5, 9.5, 2.5, 9.5], "texture": "#1"},
				"south": {"uv": [2.5, 9.5, 2.5, 9.5], "texture": "#1"},
				"west": {"uv": [2.5, 9.5, 2.5, 9.5], "texture": "#1"},
				"up": {"uv": [2.5, 9.5, 2.5, 9.5], "texture": "#1"},
				"down": {"uv": [2.5, 9.5, 2.5, 9.5], "texture": "#1"}
			}
		},
		{
			"from": [5.07513, 10.84691, -2.26188],
			"to": [10.68272, 14.39839, 2.18174],
			"rotation": {"angle": 0, "axis": "x", "origin": [7.83219, 12.62265, 8.13059]},
			"faces": {
				"north": {"uv": [2.5, 9.5, 2.5, 9.5], "texture": "#1"},
				"east": {"uv": [2.5, 9.5, 2.5, 9.5], "texture": "#1"},
				"south": {"uv": [2.5, 9.5, 2.5, 9.5], "texture": "#1"},
				"west": {"uv": [2.5, 9.5, 2.5, 9.5], "texture": "#1"},
				"up": {"uv": [2.5, 9.5, 2.5, 9.5], "texture": "#1"},
				"down": {"uv": [2.5, 9.5, 2.5, 9.5], "texture": "#1"}
			}
		},
		{
			"from": [5.07513, 10.84691, 22.82473],
			"to": [10.68272, 14.39839, 26.2406],
			"rotation": {"angle": 0, "axis": "x", "origin": [7.83219, 12.62265, 8.13059]},
			"faces": {
				"north": {"uv": [2.5, 9.5, 2.5, 9.5], "texture": "#1"},
				"east": {"uv": [2.5, 9.5, 2.5, 9.5], "texture": "#1"},
				"south": {"uv": [2.5, 9.5, 2.5, 9.5], "texture": "#1"},
				"west": {"uv": [2.5, 9.5, 2.5, 9.5], "texture": "#1"},
				"up": {"uv": [2.5, 9.5, 2.5, 9.5], "texture": "#1"},
				"down": {"uv": [2.5, 9.5, 2.5, 9.5], "texture": "#1"}
			}
		},
		{
			"from": [5.07513, 10.84691, 26.47403],
			"to": [10.68272, 14.39839, 29.44304],
			"rotation": {"angle": 0, "axis": "x", "origin": [7.83219, 12.62265, 8.13059]},
			"faces": {
				"north": {"uv": [2.5, 9.5, 2.5, 9.5], "texture": "#1"},
				"east": {"uv": [2.5, 9.5, 2.5, 9.5], "texture": "#1"},
				"south": {"uv": [2.5, 9.5, 2.5, 9.5], "texture": "#1"},
				"west": {"uv": [2.5, 9.5, 2.5, 9.5], "texture": "#1"},
				"up": {"uv": [2.5, 9.5, 2.5, 9.5], "texture": "#1"},
				"down": {"uv": [2.5, 9.5, 2.5, 9.5], "texture": "#1"}
			}
		},
		{
			"from": [5.07513, 10.84691, -5.04726],
			"to": [10.68272, 14.39839, -2.48941],
			"rotation": {"angle": 0, "axis": "x", "origin": [7.83219, 12.62265, 8.13059]},
			"faces": {
				"north": {"uv": [2.5, 9.5, 2.5, 9.5], "texture": "#1"},
				"east": {"uv": [2.5, 9.5, 2.5, 9.5], "texture": "#1"},
				"south": {"uv": [2.5, 9.5, 2.5, 9.5], "texture": "#1"},
				"west": {"uv": [2.5, 9.5, 2.5, 9.5], "texture": "#1"},
				"up": {"uv": [2.5, 9.5, 2.5, 9.5], "texture": "#1"},
				"down": {"uv": [2.5, 9.5, 2.5, 9.5], "texture": "#1"}
			}
		},
		{
			"from": [5.24335, 10.95346, -3.98182],
			"to": [10.51449, 14.29185, 29.40207],
			"rotation": {"angle": 0, "axis": "x", "origin": [7.835, 12.62265, 8.40536]},
			"faces": {
				"north": {"uv": [3.5, 9.334, 3.5, 9.334], "texture": "#1"},
				"east": {"uv": [3.5, 9.334, 3.5, 9.334], "texture": "#1"},
				"south": {"uv": [3.5, 9.334, 3.5, 9.334], "texture": "#1"},
				"west": {"uv": [3.5, 9.334, 3.5, 9.334], "texture": "#1"},
				"up": {"uv": [3.5, 9.334, 3.5, 9.334], "texture": "#1"},
				"down": {"uv": [3.5, 9.334, 3.5, 9.334], "texture": "#1"}
			}
		},
		{
			"from": [2.64517, 10.84691, 4.88237],
			"to": [12.365, 14.39839, 8.16905],
			"rotation": {"angle": 0, "axis": "x", "origin": [7.83219, 12.62265, 8.13059]},
			"faces": {
				"north": {"uv": [2.5, 9.5, 2.5, 9.5], "texture": "#1"},
				"east": {"uv": [2.5, 9.5, 2.5, 9.5], "texture": "#1"},
				"south": {"uv": [2.5, 9.5, 2.5, 9.5], "texture": "#1"},
				"west": {"uv": [2.5, 9.5, 2.5, 9.5], "texture": "#1"},
				"up": {"uv": [2.5, 9.5, 2.5, 9.5], "texture": "#1"},
				"down": {"uv": [2.5, 9.5, 2.5, 9.5], "texture": "#1"}
			}
		},
		{
			"from": [2.64517, 10.84691, 8.415],
			"to": [12.365, 14.39839, 11.7515],
			"rotation": {"angle": 0, "axis": "x", "origin": [7.83219, 12.62265, 8.13059]},
			"faces": {
				"north": {"uv": [2.5, 9.5, 2.5, 9.5], "texture": "#1"},
				"east": {"uv": [2.5, 9.5, 2.5, 9.5], "texture": "#1"},
				"south": {"uv": [2.5, 9.5, 2.5, 9.5], "texture": "#1"},
				"west": {"uv": [2.5, 9.5, 2.5, 9.5], "texture": "#1"},
				"up": {"uv": [2.5, 9.5, 2.5, 9.5], "texture": "#1"},
				"down": {"uv": [2.5, 9.5, 2.5, 9.5], "texture": "#1"}
			}
		},
		{
			"from": [2.64517, 10.84691, 11.85826],
			"to": [12.365, 14.39839, 16.13315],
			"rotation": {"angle": 0, "axis": "x", "origin": [7.83219, 12.62265, 8.13059]},
			"faces": {
				"north": {"uv": [2.5, 9.5, 2.5, 9.5], "texture": "#1"},
				"east": {"uv": [2.5, 9.5, 2.5, 9.5], "texture": "#1"},
				"south": {"uv": [2.5, 9.5, 2.5, 9.5], "texture": "#1"},
				"west": {"uv": [2.5, 9.5, 2.5, 9.5], "texture": "#1"},
				"up": {"uv": [2.5, 9.5, 2.5, 9.5], "texture": "#1"},
				"down": {"uv": [2.5, 9.5, 2.5, 9.5], "texture": "#1"}
			}
		},
		{
			"from": [2.64517, 10.84691, 16.40126],
			"to": [12.365, 14.39839, 20.57539],
			"rotation": {"angle": 0, "axis": "x", "origin": [7.83219, 12.62265, 8.13059]},
			"faces": {
				"north": {"uv": [2.5, 9.5, 2.5, 9.5], "texture": "#1"},
				"east": {"uv": [2.5, 9.5, 2.5, 9.5], "texture": "#1"},
				"south": {"uv": [2.5, 9.5, 2.5, 9.5], "texture": "#1"},
				"west": {"uv": [2.5, 9.5, 2.5, 9.5], "texture": "#1"},
				"up": {"uv": [2.5, 9.5, 2.5, 9.5], "texture": "#1"},
				"down": {"uv": [2.5, 9.5, 2.5, 9.5], "texture": "#1"}
			}
		},
		{
			"from": [2.64517, 10.84691, 20.67965],
			"to": [12.365, 14.39839, 24.29916],
			"rotation": {"angle": 0, "axis": "x", "origin": [7.83219, 12.62265, 8.13059]},
			"faces": {
				"north": {"uv": [2.5, 9.5, 2.5, 9.5], "texture": "#1"},
				"east": {"uv": [2.5, 9.5, 2.5, 9.5], "texture": "#1"},
				"south": {"uv": [2.5, 9.5, 2.5, 9.5], "texture": "#1"},
				"west": {"uv": [2.5, 9.5, 2.5, 9.5], "texture": "#1"},
				"up": {"uv": [2.5, 9.5, 2.5, 9.5], "texture": "#1"},
				"down": {"uv": [2.5, 9.5, 2.5, 9.5], "texture": "#1"}
			}
		},
		{
			"from": [2.64517, 10.84691, 2.26632],
			"to": [12.365, 14.39839, 4.72579],
			"rotation": {"angle": 0, "axis": "x", "origin": [7.83219, 12.62265, 8.13059]},
			"faces": {
				"north": {"uv": [2.5, 9.5, 2.5, 9.5], "texture": "#1"},
				"east": {"uv": [2.5, 9.5, 2.5, 9.5], "texture": "#1"},
				"south": {"uv": [2.5, 9.5, 2.5, 9.5], "texture": "#1"},
				"west": {"uv": [2.5, 9.5, 2.5, 9.5], "texture": "#1"},
				"up": {"uv": [2.5, 9.5, 2.5, 9.5], "texture": "#1"},
				"down": {"uv": [2.5, 9.5, 2.5, 9.5], "texture": "#1"}
			}
		},
		{
			"from": [2.64517, 10.84691, 0.18649],
			"to": [12.365, 14.39839, 2.15443],
			"rotation": {"angle": 0, "axis": "x", "origin": [7.83219, 12.62265, 8.13059]},
			"faces": {
				"north": {"uv": [2.5, 9.5, 2.5, 9.5], "texture": "#1"},
				"east": {"uv": [2.5, 9.5, 2.5, 9.5], "texture": "#1"},
				"south": {"uv": [2.5, 9.5, 2.5, 9.5], "texture": "#1"},
				"west": {"uv": [2.5, 9.5, 2.5, 9.5], "texture": "#1"},
				"up": {"uv": [2.5, 9.5, 2.5, 9.5], "texture": "#1"},
				"down": {"uv": [2.5, 9.5, 2.5, 9.5], "texture": "#1"}
			}
		},
		{
			"from": [2.93957, 10.94059, 0.78456],
			"to": [12.07621, 14.27898, 23.45046],
			"rotation": {"angle": 0, "axis": "x", "origin": [7.81537, 12.60978, 8.25201]},
			"faces": {
				"north": {"uv": [3.5, 9.5, 3.5, 9.5], "texture": "#1"},
				"east": {"uv": [3.5, 9.5, 3.5, 9.5], "texture": "#1"},
				"south": {"uv": [3.5, 9.5, 3.5, 9.5], "texture": "#1"},
				"west": {"uv": [3.5, 9.5, 3.5, 9.5], "texture": "#1"},
				"up": {"uv": [3.5, 9.5, 3.5, 9.5], "texture": "#1"},
				"down": {"uv": [3.5, 9.5, 3.5, 9.5], "texture": "#1"}
			}
		},
		{
			"from": [5.82281, 8.64623, -1.68681],
			"to": [9.74812, 13.72258, 3.86176],
			"rotation": {"angle": 22.5, "axis": "x", "origin": [7.78546, 15.36551, -8.13555]},
			"faces": {
				"north": {"uv": [2.5, 9.334, 2.5, 9.334], "texture": "#1"},
				"east": {"uv": [2.5, 9.334, 2.5, 9.334], "texture": "#1"},
				"south": {"uv": [2.5, 9.334, 2.5, 9.334], "texture": "#1"},
				"west": {"uv": [2.5, 9.334, 2.5, 9.334], "texture": "#1"},
				"up": {"uv": [2.5, 9.334, 2.5, 9.334], "texture": "#1"},
				"down": {"uv": [2.5, 9.334, 2.5, 9.334], "texture": "#1"}
			}
		},
		{
			"from": [4.88821, 7.74798, 3.17721],
			"to": [10.86964, 16.26759, 5.57424],
			"rotation": {"angle": 0, "axis": "x", "origin": [7.83219, 12.62265, 8.13059]},
			"faces": {
				"north": {"uv": [2.5, 9.5, 2.5, 9.5], "texture": "#1"},
				"east": {"uv": [2.5, 9.5, 2.5, 9.5], "texture": "#1"},
				"south": {"uv": [2.5, 9.5, 2.5, 9.5], "texture": "#1"},
				"west": {"uv": [2.5, 9.5, 2.5, 9.5], "texture": "#1"},
				"up": {"uv": [2.5, 9.5, 2.5, 9.5], "texture": "#1"},
				"down": {"uv": [2.5, 9.5, 2.5, 9.5], "texture": "#1"}
			}
		},
		{
			"from": [4.88821, 7.74798, 5.78385],
			"to": [10.86964, 16.26759, 9.25333],
			"rotation": {"angle": 0, "axis": "x", "origin": [7.83219, 12.62265, 8.13059]},
			"faces": {
				"north": {"uv": [2.5, 9.5, 2.5, 9.5], "texture": "#1"},
				"east": {"uv": [2.5, 9.5, 2.5, 9.5], "texture": "#1"},
				"south": {"uv": [2.5, 9.5, 2.5, 9.5], "texture": "#1"},
				"west": {"uv": [2.5, 9.5, 2.5, 9.5], "texture": "#1"},
				"up": {"uv": [2.5, 9.5, 2.5, 9.5], "texture": "#1"},
				"down": {"uv": [2.5, 9.5, 2.5, 9.5], "texture": "#1"}
			}
		},
		{
			"from": [5.872, 7.74798, 5.78385],
			"to": [9.63991, 17.00543, 9.25333],
			"rotation": {"angle": 0, "axis": "x", "origin": [7.83219, 12.62265, 8.13059]},
			"faces": {
				"north": {"uv": [2.5, 9.5, 2.5, 9.5], "texture": "#1"},
				"east": {"uv": [2.5, 9.5, 2.5, 9.5], "texture": "#1"},
				"south": {"uv": [2.5, 9.5, 2.5, 9.5], "texture": "#1"},
				"west": {"uv": [2.5, 9.5, 2.5, 9.5], "texture": "#1"},
				"up": {"uv": [2.5, 9.5, 2.5, 9.5], "texture": "#1"},
				"down": {"uv": [2.5, 9.5, 2.5, 9.5], "texture": "#1"}
			}
		},
		{
			"from": [6.36389, 7.74798, 2.83249],
			"to": [9.14801, 17.00543, 5.56412],
			"rotation": {"angle": 0, "axis": "x", "origin": [7.83219, 12.62265, 8.13059]},
			"faces": {
				"north": {"uv": [2.5, 9.5, 2.5, 9.5], "texture": "#1"},
				"east": {"uv": [2.5, 9.5, 2.5, 9.5], "texture": "#1"},
				"south": {"uv": [2.5, 9.5, 2.5, 9.5], "texture": "#1"},
				"west": {"uv": [2.5, 9.5, 2.5, 9.5], "texture": "#1"},
				"up": {"uv": [2.5, 9.5, 2.5, 9.5], "texture": "#1"},
				"down": {"uv": [2.5, 9.5, 2.5, 9.5], "texture": "#1"}
			}
		},
		{
			"from": [6.36389, 7.74798, 18.08121],
			"to": [9.14801, 17.00543, 20.81285],
			"rotation": {"angle": 0, "axis": "x", "origin": [7.83219, 12.62265, 8.13059]},
			"faces": {
				"north": {"uv": [2.5, 9.5, 2.5, 9.5], "texture": "#1"},
				"east": {"uv": [2.5, 9.5, 2.5, 9.5], "texture": "#1"},
				"south": {"uv": [2.5, 9.5, 2.5, 9.5], "texture": "#1"},
				"west": {"uv": [2.5, 9.5, 2.5, 9.5], "texture": "#1"},
				"up": {"uv": [2.5, 9.5, 2.5, 9.5], "texture": "#1"},
				"down": {"uv": [2.5, 9.5, 2.5, 9.5], "texture": "#1"}
			}
		},
		{
			"from": [6.48305, 7.80756, 3.91598],
			"to": [9.02885, 16.97564, 20.63411],
			"rotation": {"angle": 0, "axis": "x", "origin": [7.83219, 12.62265, 8.13059]},
			"faces": {
				"north": {"uv": [3.5, 9.5, 3.5, 9.5], "texture": "#1"},
				"east": {"uv": [3.5, 9.5, 3.5, 9.5], "texture": "#1"},
				"south": {"uv": [3.5, 9.5, 3.5, 9.5], "texture": "#1"},
				"west": {"uv": [3.5, 9.5, 3.5, 9.5], "texture": "#1"},
				"up": {"uv": [3.5, 9.5, 3.5, 9.5], "texture": "#1"},
				"down": {"uv": [3.5, 9.5, 3.5, 9.5], "texture": "#1"}
			}
		},
		{
			"from": [6.48305, 7.80756, 3.91598],
			"to": [9.02885, 16.97564, 20.63411],
			"rotation": {"angle": 0, "axis": "x", "origin": [7.83219, 12.62265, 8.13059]},
			"faces": {
				"north": {"uv": [3.5, 9.5, 3.5, 9.5], "texture": "#1"},
				"east": {"uv": [3.5, 9.5, 3.5, 9.5], "texture": "#1"},
				"south": {"uv": [3.5, 9.5, 3.5, 9.5], "texture": "#1"},
				"west": {"uv": [3.5, 9.5, 3.5, 9.5], "texture": "#1"},
				"up": {"uv": [3.5, 9.5, 3.5, 9.5], "texture": "#1"},
				"down": {"uv": [3.5, 9.5, 3.5, 9.5], "texture": "#1"}
			}
		},
		{
			"from": [4.88821, 7.74798, 13.96126],
			"to": [10.86964, 16.26759, 17.95206],
			"rotation": {"angle": 0, "axis": "x", "origin": [7.83219, 12.62265, 8.13059]},
			"faces": {
				"north": {"uv": [2.5, 9.5, 2.5, 9.5], "texture": "#1"},
				"east": {"uv": [2.5, 9.5, 2.5, 9.5], "texture": "#1"},
				"south": {"uv": [2.5, 9.5, 2.5, 9.5], "texture": "#1"},
				"west": {"uv": [2.5, 9.5, 2.5, 9.5], "texture": "#1"},
				"up": {"uv": [2.5, 9.5, 2.5, 9.5], "texture": "#1"},
				"down": {"uv": [2.5, 9.5, 2.5, 9.5], "texture": "#1"}
			}
		},
		{
			"from": [5.872, 7.74798, 13.96126],
			"to": [9.63991, 17.00543, 17.95206],
			"rotation": {"angle": 0, "axis": "x", "origin": [7.83219, 12.62265, 8.13059]},
			"faces": {
				"north": {"uv": [2.5, 9.5, 2.5, 9.5], "texture": "#1"},
				"east": {"uv": [2.5, 9.5, 2.5, 9.5], "texture": "#1"},
				"south": {"uv": [2.5, 9.5, 2.5, 9.5], "texture": "#1"},
				"west": {"uv": [2.5, 9.5, 2.5, 9.5], "texture": "#1"},
				"up": {"uv": [2.5, 9.5, 2.5, 9.5], "texture": "#1"},
				"down": {"uv": [2.5, 9.5, 2.5, 9.5], "texture": "#1"}
			}
		},
		{
			"from": [4.88821, 7.74798, 9.52252],
			"to": [10.86964, 16.26759, 13.63249],
			"rotation": {"angle": 0, "axis": "x", "origin": [7.83219, 12.62265, 8.13059]},
			"faces": {
				"north": {"uv": [2.5, 9.5, 2.5, 9.5], "texture": "#1"},
				"east": {"uv": [2.5, 9.5, 2.5, 9.5], "texture": "#1"},
				"south": {"uv": [2.5, 9.5, 2.5, 9.5], "texture": "#1"},
				"west": {"uv": [2.5, 9.5, 2.5, 9.5], "texture": "#1"},
				"up": {"uv": [2.5, 9.5, 2.5, 9.5], "texture": "#1"},
				"down": {"uv": [2.5, 9.5, 2.5, 9.5], "texture": "#1"}
			}
		},
		{
			"from": [5.872, 7.74798, 9.52252],
			"to": [9.63991, 17.00543, 13.63249],
			"rotation": {"angle": 0, "axis": "x", "origin": [7.83219, 12.62265, 8.13059]},
			"faces": {
				"north": {"uv": [2.5, 9.5, 2.5, 9.5], "texture": "#1"},
				"east": {"uv": [2.5, 9.5, 2.5, 9.5], "texture": "#1"},
				"south": {"uv": [2.5, 9.5, 2.5, 9.5], "texture": "#1"},
				"west": {"uv": [2.5, 9.5, 2.5, 9.5], "texture": "#1"},
				"up": {"uv": [2.5, 9.5, 2.5, 9.5], "texture": "#1"},
				"down": {"uv": [2.5, 9.5, 2.5, 9.5], "texture": "#1"}
			}
		},
		{
			"from": [5.2159, 7.86714, 4.62204],
			"to": [10.49727, 16.2229, 17.86269],
			"rotation": {"angle": 0, "axis": "x", "origin": [7.83219, 12.62265, 8.13059]},
			"faces": {
				"north": {"uv": [3.334, 9.667, 3.334, 9.667], "texture": "#1"},
				"east": {"uv": [3.334, 9.667, 3.334, 9.667], "texture": "#1"},
				"south": {"uv": [3.334, 9.667, 3.334, 9.667], "texture": "#1"},
				"west": {"uv": [3.334, 9.667, 3.334, 9.667], "texture": "#1"},
				"up": {"uv": [3.334, 9.667, 3.334, 9.667], "texture": "#1"},
				"down": {"uv": [3.334, 9.667, 3.334, 9.667], "texture": "#1"}
			}
		},
		{
			"from": [5.82281, 8.97771, -5.04726],
			"to": [9.74812, 16.26759, -1.99752],
			"rotation": {"angle": 0, "axis": "x", "origin": [7.83219, 12.62265, 8.13059]},
			"faces": {
				"north": {"uv": [2.5, 9.5, 2.5, 9.5], "texture": "#1"},
				"east": {"uv": [2.5, 9.5, 2.5, 9.5], "texture": "#1"},
				"south": {"uv": [2.5, 9.5, 2.5, 9.5], "texture": "#1"},
				"west": {"uv": [2.5, 9.5, 2.5, 9.5], "texture": "#1"},
				"up": {"uv": [2.5, 9.5, 2.5, 9.5], "texture": "#1"},
				"down": {"uv": [2.5, 9.5, 2.5, 9.5], "texture": "#1"}
			}
		},
		{
			"from": [5.92707, 9.94589, -4.83873],
			"to": [9.67365, 16.2378, 29.19279],
			"rotation": {"angle": 0, "axis": "x", "origin": [7.83219, 12.62265, 8.13059]},
			"faces": {
				"north": {"uv": [3.5, 9.334, 3.5, 9.334], "texture": "#1"},
				"east": {"uv": [3.5, 9.334, 3.5, 9.334], "texture": "#1"},
				"south": {"uv": [3.5, 9.334, 3.5, 9.334], "texture": "#1"},
				"west": {"uv": [3.5, 9.334, 3.5, 9.334], "texture": "#1"},
				"up": {"uv": [3.5, 9.334, 3.5, 9.334], "texture": "#1"},
				"down": {"uv": [3.5, 9.334, 3.5, 9.334], "texture": "#1"}
			}
		},
		{
			"from": [5.82281, 8.97771, 22.542],
			"to": [9.74812, 16.26759, 26.22241],
			"rotation": {"angle": 0, "axis": "x", "origin": [7.83219, 12.62265, 8.13059]},
			"faces": {
				"north": {"uv": [2.5, 9.5, 2.5, 9.5], "texture": "#1"},
				"east": {"uv": [2.5, 9.5, 2.5, 9.5], "texture": "#1"},
				"south": {"uv": [2.5, 9.5, 2.5, 9.5], "texture": "#1"},
				"west": {"uv": [2.5, 9.5, 2.5, 9.5], "texture": "#1"},
				"up": {"uv": [2.5, 9.5, 2.5, 9.5], "texture": "#1"},
				"down": {"uv": [2.5, 9.5, 2.5, 9.5], "texture": "#1"}
			}
		},
		{
			"from": [5.82281, 8.97771, 26.42962],
			"to": [9.74812, 16.26759, 30.46751],
			"rotation": {"angle": 0, "axis": "x", "origin": [7.83219, 12.62265, 8.13059]},
			"faces": {
				"north": {"uv": [2.5, 9.5, 2.5, 9.5], "texture": "#1"},
				"east": {"uv": [2.5, 9.5, 2.5, 9.5], "texture": "#1"},
				"south": {"uv": [2.5, 9.5, 2.5, 9.5], "texture": "#1"},
				"west": {"uv": [2.5, 9.5, 2.5, 9.5], "texture": "#1"},
				"up": {"uv": [2.5, 9.5, 2.5, 9.5], "texture": "#1"},
				"down": {"uv": [2.5, 9.5, 2.5, 9.5], "texture": "#1"}
			}
		},
		{
			"from": [5.82281, 8.97771, 18.16285],
			"to": [9.74812, 16.26759, 22.26032],
			"rotation": {"angle": 0, "axis": "x", "origin": [7.83219, 12.62265, 8.13059]},
			"faces": {
				"north": {"uv": [2.5, 9.5, 2.5, 9.5], "texture": "#1"},
				"east": {"uv": [2.5, 9.5, 2.5, 9.5], "texture": "#1"},
				"south": {"uv": [2.5, 9.5, 2.5, 9.5], "texture": "#1"},
				"west": {"uv": [2.5, 9.5, 2.5, 9.5], "texture": "#1"},
				"up": {"uv": [2.5, 9.5, 2.5, 9.5], "texture": "#1"},
				"down": {"uv": [2.5, 9.5, 2.5, 9.5], "texture": "#1"}
			}
		},
		{
			"from": [5.82281, 8.97771, 2.67196],
			"to": [9.74812, 16.26759, 4.95223],
			"rotation": {"angle": 0, "axis": "x", "origin": [7.83219, 12.62265, 8.13059]},
			"faces": {
				"north": {"uv": [2.5, 9.5, 2.5, 9.5], "texture": "#1"},
				"east": {"uv": [2.5, 9.5, 2.5, 9.5], "texture": "#1"},
				"south": {"uv": [2.5, 9.5, 2.5, 9.5], "texture": "#1"},
				"west": {"uv": [2.5, 9.5, 2.5, 9.5], "texture": "#1"},
				"up": {"uv": [2.5, 9.5, 2.5, 9.5], "texture": "#1"},
				"down": {"uv": [2.5, 9.5, 2.5, 9.5], "texture": "#1"}
			}
		},
		{
			"from": [5.82281, 8.97771, -1.82992],
			"to": [9.74812, 16.26759, 2.42953],
			"rotation": {"angle": 0, "axis": "x", "origin": [7.83219, 12.62265, 8.13059]},
			"faces": {
				"north": {"uv": [2.5, 9.5, 2.5, 9.5], "texture": "#1"},
				"east": {"uv": [2.5, 9.5, 2.5, 9.5], "texture": "#1"},
				"south": {"uv": [2.5, 9.5, 2.5, 9.5], "texture": "#1"},
				"west": {"uv": [2.5, 9.5, 2.5, 9.5], "texture": "#1"},
				"up": {"uv": [2.5, 9.5, 2.5, 9.5], "texture": "#1"},
				"down": {"uv": [2.5, 9.5, 2.5, 9.5], "texture": "#1"}
			}
		},
		{
			"from": [0.96289, 9.10955, -3.63652],
			"to": [13.86036, 12.28719, -1.32462],
			"rotation": {"angle": 0, "axis": "y", "origin": [17.59876, 20.8855, 23.67345]},
			"faces": {
				"north": {"uv": [2.5, 9.5, 2.5, 9.5], "texture": "#1"},
				"east": {"uv": [2.5, 9.5, 2.5, 9.5], "texture": "#1"},
				"south": {"uv": [2.5, 9.5, 2.5, 9.5], "texture": "#1"},
				"west": {"uv": [2.5, 9.5, 2.5, 9.5], "texture": "#1"},
				"up": {"uv": [2.5, 9.5, 2.5, 9.5], "texture": "#1"},
				"down": {"uv": [2.5, 9.5, 2.5, 9.5], "texture": "#1"}
			}
		},
		{
			"from": [0.99268, 9.31808, -1.78013],
			"to": [13.77099, 12.21271, 1.93263],
			"rotation": {"angle": 0, "axis": "y", "origin": [17.59876, 20.8855, 23.67345]},
			"faces": {
				"north": {"uv": [3.667, 9.5, 3.667, 9.5], "texture": "#1"},
				"east": {"uv": [3.667, 9.5, 3.667, 9.5], "texture": "#1"},
				"south": {"uv": [3.667, 9.5, 3.667, 9.5], "texture": "#1"},
				"west": {"uv": [3.667, 9.5, 3.667, 9.5], "texture": "#1"},
				"up": {"uv": [3.667, 9.5, 3.667, 9.5], "texture": "#1"},
				"down": {"uv": [3.667, 9.5, 3.667, 9.5], "texture": "#1"}
			}
		},
		{
			"from": [0.96289, 9.10955, -1.09495],
			"to": [13.86036, 12.28719, 2.36459],
			"rotation": {"angle": 0, "axis": "y", "origin": [17.59876, 20.8855, 23.67345]},
			"faces": {
				"north": {"uv": [2.5, 9.5, 2.5, 9.5], "texture": "#1"},
				"east": {"uv": [2.5, 9.5, 2.5, 9.5], "texture": "#1"},
				"south": {"uv": [2.5, 9.5, 2.5, 9.5], "texture": "#1"},
				"west": {"uv": [2.5, 9.5, 2.5, 9.5], "texture": "#1"},
				"up": {"uv": [2.5, 9.5, 2.5, 9.5], "texture": "#1"},
				"down": {"uv": [2.5, 9.5, 2.5, 9.5], "texture": "#1"}
			}
		},
		{
			"from": [2.77922, 9.22871, -2.42085],
			"to": [12.08199, 13.52115, 1.51849],
			"rotation": {"angle": 0, "axis": "y", "origin": [17.59876, 20.8855, 26.29033]},
			"faces": {
				"north": {"uv": [3.5, 9.667, 3.5, 9.667], "texture": "#1"},
				"east": {"uv": [3.5, 9.667, 3.5, 9.667], "texture": "#1"},
				"south": {"uv": [3.5, 9.667, 3.5, 9.667], "texture": "#1"},
				"west": {"uv": [3.5, 9.667, 3.5, 9.667], "texture": "#1"},
				"up": {"uv": [3.5, 9.667, 3.5, 9.667], "texture": "#1"},
				"down": {"uv": [3.5, 9.667, 3.5, 9.667], "texture": "#1"}
			}
		},
		{
			"from": [2.64517, 9.10955, -2.49533],
			"to": [12.365, 13.59563, -1.38605],
			"rotation": {"angle": 0, "axis": "y", "origin": [17.59876, 20.8855, 26.29033]},
			"faces": {
				"north": {"uv": [2.5, 9.5, 2.5, 9.5], "texture": "#1"},
				"east": {"uv": [2.5, 9.5, 2.5, 9.5], "texture": "#1"},
				"south": {"uv": [2.5, 9.5, 2.5, 9.5], "texture": "#1"},
				"west": {"uv": [2.5, 9.5, 2.5, 9.5], "texture": "#1"},
				"up": {"uv": [2.5, 9.5, 2.5, 9.5], "texture": "#1"},
				"down": {"uv": [2.5, 9.5, 2.5, 9.5], "texture": "#1"}
			}
		},
		{
			"from": [2.64517, 9.10955, -1.21435],
			"to": [12.365, 13.59563, 0.10346],
			"rotation": {"angle": 0, "axis": "y", "origin": [17.59876, 20.8855, 26.29033]},
			"faces": {
				"north": {"uv": [2.5, 9.5, 2.5, 9.5], "texture": "#1"},
				"east": {"uv": [2.5, 9.5, 2.5, 9.5], "texture": "#1"},
				"south": {"uv": [2.5, 9.5, 2.5, 9.5], "texture": "#1"},
				"west": {"uv": [2.5, 9.5, 2.5, 9.5], "texture": "#1"},
				"up": {"uv": [2.5, 9.5, 2.5, 9.5], "texture": "#1"},
				"down": {"uv": [2.5, 9.5, 2.5, 9.5], "texture": "#1"}
			}
		},
		{
			"from": [1.71057, 10.97875, 4.88226],
			"to": [13.48652, 13.40871, 8.16894],
			"rotation": {"angle": 0, "axis": "y", "origin": [17.59876, 20.8855, 43.11312]},
			"faces": {
				"north": {"uv": [2.5, 9.5, 2.5, 9.5], "texture": "#1"},
				"east": {"uv": [2.5, 9.5, 2.5, 9.5], "texture": "#1"},
				"south": {"uv": [2.5, 9.5, 2.5, 9.5], "texture": "#1"},
				"west": {"uv": [2.5, 9.5, 2.5, 9.5], "texture": "#1"},
				"up": {"uv": [2.5, 9.5, 2.5, 9.5], "texture": "#1"},
				"down": {"uv": [2.5, 9.5, 2.5, 9.5], "texture": "#1"}
			}
		},
		{
			"from": [1.71057, 10.97875, 8.41489],
			"to": [13.48652, 13.40871, 11.75139],
			"rotation": {"angle": 0, "axis": "y", "origin": [17.59876, 20.8855, 43.11312]},
			"faces": {
				"north": {"uv": [2.5, 9.5, 2.5, 9.5], "texture": "#1"},
				"east": {"uv": [2.5, 9.5, 2.5, 9.5], "texture": "#1"},
				"south": {"uv": [2.5, 9.5, 2.5, 9.5], "texture": "#1"},
				"west": {"uv": [2.5, 9.5, 2.5, 9.5], "texture": "#1"},
				"up": {"uv": [2.5, 9.5, 2.5, 9.5], "texture": "#1"},
				"down": {"uv": [2.5, 9.5, 2.5, 9.5], "texture": "#1"}
			}
		},
		{
			"from": [1.71057, 10.97875, 11.85815],
			"to": [13.48652, 13.40871, 16.13304],
			"rotation": {"angle": 0, "axis": "y", "origin": [17.59876, 20.8855, 43.11312]},
			"faces": {
				"north": {"uv": [2.5, 9.5, 2.5, 9.5], "texture": "#1"},
				"east": {"uv": [2.5, 9.5, 2.5, 9.5], "texture": "#1"},
				"south": {"uv": [2.5, 9.5, 2.5, 9.5], "texture": "#1"},
				"west": {"uv": [2.5, 9.5, 2.5, 9.5], "texture": "#1"},
				"up": {"uv": [2.5, 9.5, 2.5, 9.5], "texture": "#1"},
				"down": {"uv": [2.5, 9.5, 2.5, 9.5], "texture": "#1"}
			}
		},
		{
			"from": [1.71057, 10.97875, 2.26621],
			"to": [13.48652, 13.40871, 4.72568],
			"rotation": {"angle": 0, "axis": "y", "origin": [17.59876, 20.8855, 43.11312]},
			"faces": {
				"north": {"uv": [2.5, 9.5, 2.5, 9.5], "texture": "#1"},
				"east": {"uv": [2.5, 9.5, 2.5, 9.5], "texture": "#1"},
				"south": {"uv": [2.5, 9.5, 2.5, 9.5], "texture": "#1"},
				"west": {"uv": [2.5, 9.5, 2.5, 9.5], "texture": "#1"},
				"up": {"uv": [2.5, 9.5, 2.5, 9.5], "texture": "#1"},
				"down": {"uv": [2.5, 9.5, 2.5, 9.5], "texture": "#1"}
			}
		},
		{
			"from": [1.71057, 10.97875, -0.43921],
			"to": [13.48652, 13.40871, 0.069],
			"rotation": {"angle": 0, "axis": "y", "origin": [17.59876, 20.8855, 43.11312]},
			"faces": {
				"north": {"uv": [2.5, 9.5, 2.5, 9.5], "texture": "#1"},
				"east": {"uv": [2.5, 9.5, 2.5, 9.5], "texture": "#1"},
				"south": {"uv": [2.5, 9.5, 2.5, 9.5], "texture": "#1"},
				"west": {"uv": [2.5, 9.5, 2.5, 9.5], "texture": "#1"},
				"up": {"uv": [2.5, 9.5, 2.5, 9.5], "texture": "#1"},
				"down": {"uv": [2.5, 9.5, 2.5, 9.5], "texture": "#1"}
			}
		},
		{
			"from": [1.71057, 10.97875, 0.23107],
			"to": [13.48652, 13.40871, 2.16921],
			"rotation": {"angle": 0, "axis": "y", "origin": [17.59876, 20.8855, 43.11312]},
			"faces": {
				"north": {"uv": [2.5, 9.5, 2.5, 9.5], "texture": "#1"},
				"east": {"uv": [2.5, 9.5, 2.5, 9.5], "texture": "#1"},
				"south": {"uv": [2.5, 9.5, 2.5, 9.5], "texture": "#1"},
				"west": {"uv": [2.5, 9.5, 2.5, 9.5], "texture": "#1"},
				"up": {"uv": [2.5, 9.5, 2.5, 9.5], "texture": "#1"},
				"down": {"uv": [2.5, 9.5, 2.5, 9.5], "texture": "#1"}
			}
		},
		{
			"from": [2.06104, 11.06452, -0.17598],
			"to": [13.13044, 13.34868, 16.18552],
			"rotation": {"angle": 0, "axis": "y", "origin": [16.99594, 20.37686, 41.13558]},
			"faces": {
				"north": {"uv": [3.5, 9.5, 3.5, 9.5], "texture": "#1"},
				"east": {"uv": [3.5, 9.5, 3.5, 9.5], "texture": "#1"},
				"south": {"uv": [3.5, 9.5, 3.5, 9.5], "texture": "#1"},
				"west": {"uv": [3.5, 9.5, 3.5, 9.5], "texture": "#1"},
				"up": {"uv": [3.5, 9.5, 3.5, 9.5], "texture": "#1"},
				"down": {"uv": [3.5, 9.5, 3.5, 9.5], "texture": "#1"}
			}
		},
		{
			"from": [2.45825, 9.10955, -0.20089],
			"to": [12.55192, 12.28719, 4.82627],
			"rotation": {"angle": 0, "axis": "y", "origin": [17.59876, 20.8855, 43.11312]},
			"faces": {
				"north": {"uv": [2.5, 9.5, 2.5, 9.5], "texture": "#1"},
				"east": {"uv": [2.5, 9.5, 2.5, 9.5], "texture": "#1"},
				"south": {"uv": [2.5, 9.5, 2.5, 9.5], "texture": "#1"},
				"west": {"uv": [2.5, 9.5, 2.5, 9.5], "texture": "#1"},
				"up": {"uv": [2.5, 9.5, 2.5, 9.5], "texture": "#1"},
				"down": {"uv": [2.5, 9.5, 2.5, 9.5], "texture": "#1"}
			}
		},
		{
			"from": [2.45825, 9.10955, 5.07197],
			"to": [12.55192, 12.28719, 8.19256],
			"rotation": {"angle": 0, "axis": "y", "origin": [17.59876, 20.8855, 43.11312]},
			"faces": {
				"north": {"uv": [2.5, 9.5, 2.5, 9.5], "texture": "#1"},
				"east": {"uv": [2.5, 9.5, 2.5, 9.5], "texture": "#1"},
				"south": {"uv": [2.5, 9.5, 2.5, 9.5], "texture": "#1"},
				"west": {"uv": [2.5, 9.5, 2.5, 9.5], "texture": "#1"},
				"up": {"uv": [2.5, 9.5, 2.5, 9.5], "texture": "#1"},
				"down": {"uv": [2.5, 9.5, 2.5, 9.5], "texture": "#1"}
			}
		},
		{
			"from": [2.45825, 9.10955, 8.51274],
			"to": [12.55192, 12.28719, 11.63333],
			"rotation": {"angle": 0, "axis": "y", "origin": [17.59876, 20.8855, 43.11312]},
			"faces": {
				"north": {"uv": [2.5, 9.5, 2.5, 9.5], "texture": "#1"},
				"east": {"uv": [2.5, 9.5, 2.5, 9.5], "texture": "#1"},
				"south": {"uv": [2.5, 9.5, 2.5, 9.5], "texture": "#1"},
				"west": {"uv": [2.5, 9.5, 2.5, 9.5], "texture": "#1"},
				"up": {"uv": [2.5, 9.5, 2.5, 9.5], "texture": "#1"},
				"down": {"uv": [2.5, 9.5, 2.5, 9.5], "texture": "#1"}
			}
		},
		{
			"from": [2.57741, 9.22871, -0.32005],
			"to": [12.38808, 12.19782, 21.71488],
			"rotation": {"angle": 0, "axis": "y", "origin": [17.59876, 20.8855, 43.11312]},
			"faces": {
				"north": {"uv": [3.334, 9.334, 3.334, 9.334], "texture": "#1"},
				"east": {"uv": [3.334, 9.334, 3.334, 9.334], "texture": "#1"},
				"south": {"uv": [3.334, 9.334, 3.334, 9.334], "texture": "#1"},
				"west": {"uv": [3.334, 9.334, 3.334, 9.334], "texture": "#1"},
				"up": {"uv": [3.334, 9.334, 3.334, 9.334], "texture": "#1"},
				"down": {"uv": [3.334, 9.334, 3.334, 9.334], "texture": "#1"}
			}
		},
		{
			"from": [0.96289, 9.10955, 12.8321],
			"to": [13.86036, 12.28719, 21.80425],
			"rotation": {"angle": 0, "axis": "y", "origin": [17.59876, 20.8855, 43.11312]},
			"faces": {
				"north": {"uv": [2.5, 9.5, 2.5, 9.5], "texture": "#1"},
				"east": {"uv": [2.5, 9.5, 2.5, 9.5], "texture": "#1"},
				"south": {"uv": [2.5, 9.5, 2.5, 9.5], "texture": "#1"},
				"west": {"uv": [2.5, 9.5, 2.5, 9.5], "texture": "#1"},
				"up": {"uv": [2.5, 9.5, 2.5, 9.5], "texture": "#1"},
				"down": {"uv": [2.5, 9.5, 2.5, 9.5], "texture": "#1"}
			}
		},
		{
			"from": [2.64517, 9.10955, 12.8321],
			"to": [12.365, 13.59563, 26.15308],
			"rotation": {"angle": 0, "axis": "y", "origin": [17.59876, 20.8855, 43.11312]},
			"faces": {
				"north": {"uv": [2.5, 9.5, 2.5, 9.5], "texture": "#1"},
				"east": {"uv": [2.5, 9.5, 2.5, 9.5], "texture": "#1"},
				"south": {"uv": [2.5, 9.5, 2.5, 9.5], "texture": "#1"},
				"west": {"uv": [2.5, 9.5, 2.5, 9.5], "texture": "#1"},
				"up": {"uv": [2.5, 9.5, 2.5, 9.5], "texture": "#1"},
				"down": {"uv": [2.5, 9.5, 2.5, 9.5], "texture": "#1"}
			}
		},
		{
			"from": [2.82391, 9.22871, 24.37579],
			"to": [12.12668, 13.56584, 29.25126],
			"rotation": {"angle": 0, "axis": "y", "origin": [17.59876, 20.8855, 43.11312]},
			"faces": {
				"north": {"uv": [3.334, 9.334, 3.334, 9.334], "texture": "#1"},
				"east": {"uv": [3.334, 9.334, 3.334, 9.334], "texture": "#1"},
				"south": {"uv": [3.334, 9.334, 3.334, 9.334], "texture": "#1"},
				"west": {"uv": [3.334, 9.334, 3.334, 9.334], "texture": "#1"},
				"up": {"uv": [3.334, 9.334, 3.334, 9.334], "texture": "#1"},
				"down": {"uv": [3.334, 9.334, 3.334, 9.334], "texture": "#1"}
			}
		},
		{
			"from": [2.64517, 9.10955, 26.4611],
			"to": [12.365, 13.59563, 29.28105],
			"rotation": {"angle": 0, "axis": "y", "origin": [17.59876, 20.8855, 43.11312]},
			"faces": {
				"north": {"uv": [2.5, 9.5, 2.5, 9.5], "texture": "#1"},
				"east": {"uv": [2.5, 9.5, 2.5, 9.5], "texture": "#1"},
				"south": {"uv": [2.5, 9.5, 2.5, 9.5], "texture": "#1"},
				"west": {"uv": [2.5, 9.5, 2.5, 9.5], "texture": "#1"},
				"up": {"uv": [2.5, 9.5, 2.5, 9.5], "texture": "#1"},
				"down": {"uv": [2.5, 9.5, 2.5, 9.5], "texture": "#1"}
			}
		},
		{
			"from": [9.00044, 7.80111, 11.8975],
			"to": [14.60804, 13.78255, 15.38123],
			"rotation": {"angle": 0, "axis": "y", "origin": [22.64559, 19.57706, 23.67345]},
			"faces": {
				"north": {"uv": [2.5, 9.5, 2.5, 9.5], "texture": "#1"},
				"east": {"uv": [2.5, 9.5, 2.5, 9.5], "texture": "#1"},
				"south": {"uv": [2.5, 9.5, 2.5, 9.5], "texture": "#1"},
				"west": {"uv": [2.5, 9.5, 2.5, 9.5], "texture": "#1"},
				"up": {"uv": [2.5, 9.5, 2.5, 9.5], "texture": "#1"},
				"down": {"uv": [2.5, 9.5, 2.5, 9.5], "texture": "#1"}
			}
		},
		{
			"from": [9.00044, 7.80111, 15.5319],
			"to": [14.60804, 13.78255, 19.04542],
			"rotation": {"angle": 0, "axis": "y", "origin": [22.64559, 19.57706, 23.67345]},
			"faces": {
				"north": {"uv": [2.5, 9.5, 2.5, 9.5], "texture": "#1"},
				"east": {"uv": [2.5, 9.5, 2.5, 9.5], "texture": "#1"},
				"south": {"uv": [2.5, 9.5, 2.5, 9.5], "texture": "#1"},
				"west": {"uv": [2.5, 9.5, 2.5, 9.5], "texture": "#1"},
				"up": {"uv": [2.5, 9.5, 2.5, 9.5], "texture": "#1"},
				"down": {"uv": [2.5, 9.5, 2.5, 9.5], "texture": "#1"}
			}
		},
		{
			"from": [9.00044, 7.80111, 19.25567],
			"to": [14.60804, 13.78255, 22.70961],
			"rotation": {"angle": 0, "axis": "y", "origin": [22.64559, 19.57706, 23.67345]},
			"faces": {
				"north": {"uv": [2.5, 9.5, 2.5, 9.5], "texture": "#1"},
				"east": {"uv": [2.5, 9.5, 2.5, 9.5], "texture": "#1"},
				"south": {"uv": [2.5, 9.5, 2.5, 9.5], "texture": "#1"},
				"west": {"uv": [2.5, 9.5, 2.5, 9.5], "texture": "#1"},
				"up": {"uv": [2.5, 9.5, 2.5, 9.5], "texture": "#1"},
				"down": {"uv": [2.5, 9.5, 2.5, 9.5], "texture": "#1"}
			}
		},
		{
			"from": [8.93502, 7.92074, 12.11315],
			"to": [14.31831, 13.66292, 22.46418],
			"rotation": {"angle": 0, "axis": "y", "origin": [22.03437, 19.22566, 23.41806]},
			"faces": {
				"north": {"uv": [3.5, 9.5, 3.5, 9.5], "texture": "#1"},
				"east": {"uv": [3.5, 9.5, 3.5, 9.5], "texture": "#1"},
				"south": {"uv": [3.5, 9.5, 3.5, 9.5], "texture": "#1"},
				"west": {"uv": [3.5, 9.5, 3.5, 9.5], "texture": "#1"},
				"up": {"uv": [3.5, 9.5, 3.5, 9.5], "texture": "#1"},
				"down": {"uv": [3.5, 9.5, 3.5, 9.5], "texture": "#1"}
			}
		}
	],
	"gui_light": "front",
	"display": {
		"head": {
			"translation": [1, 0.25, -12.5],
			"scale": [4, 4, 4]
		}
	}
}