{
  "type": "minecraft:entity",
  "pools": [
    {
      "rolls": 1,
      "entries": [
        {
          "type": "minecraft:item",
          "name": "minecraft:tipped_arrow",
          "functions": [
            {
                "function": "minecraft:set_name",
                "name": {"text": "鋼鉄の矢","color":"white","bold":true,"italic":false}
            },
            {
                "function": "minecraft:set_lore",
                "lore": [
                  {"text":"鉄を使う事で殺傷力を高めた矢。","italic":false,"color":"gold"},
                  {"text":"威力 +50%","italic":false,"color":"green"}
                ]
            },
            {
              "function": "minecraft:set_count",
              "count": 1
            },
            {
                "function": "minecraft:set_nbt",
                "tag": "{CustomPotionColor:11184810,HideFlags:32,EggArrow:1b}"
            }
          ]
        }
      ]
    }
  ]
}