{
  "type": "minecraft:entity",
  "pools": [
    {
      "rolls": 1,
      "entries": [
        {
          "type": "minecraft:item",
          "name": "minecraft:arrow",
          "functions": [
            {
                "function": "minecraft:set_name",
                "name": {"text": "石の矢","color":"white","italic":false}
            },
            {
                "function": "minecraft:set_lore",
                "lore": [
                  {"text":"素朴な石と木で作られた矢。","italic":false,"color":"gold"}
                ]
            },
            {
              "function": "minecraft:set_count",
              "count": 12
            },
            {
                "function": "minecraft:set_nbt",
                "tag": "{EggArrow:1b}"
            }
          ]
        }
      ]
    }
  ]
}