{
	"credit": "Made with Blockbench",
	"textures": {
		"0": "block/coal_block",
		"1": "block/white_concrete_powder",
		"2": "block/clay",
		"particle": "block/coal_block"
	},
	"elements": [
		{
			"from": [8.04355, 4.43118, 6.34839],
			"to": [8.5, 4.78154, 8.20412],
			"faces": {
				"north": {"uv": [14, 8, 15.25, 9.25], "texture": "#0"},
				"east": {"uv": [14, 8, 15.25, 9.25], "texture": "#0"},
				"south": {"uv": [14, 8, 15.25, 9.25], "texture": "#0"},
				"west": {"uv": [14, 8, 15.25, 9.25], "texture": "#0"},
				"up": {"uv": [14, 8, 15.25, 9.25], "texture": "#0"},
				"down": {"uv": [14, 8, 15.25, 9.25], "texture": "#0"}
			}
		},
		{
			"from": [8.04355, 4.43118, 7.38065],
			"to": [8.47706, 5.63029, 7.8371],
			"faces": {
				"north": {"uv": [14, 8, 15.25, 9.25], "texture": "#0"},
				"east": {"uv": [14, 8, 15.25, 9.25], "texture": "#0"},
				"south": {"uv": [14, 8, 15.25, 9.25], "texture": "#0"},
				"west": {"uv": [14, 8, 15.25, 9.25], "texture": "#0"},
				"up": {"uv": [14, 8, 15.25, 9.25], "texture": "#0"},
				"down": {"uv": [14, 8, 15.25, 9.25], "texture": "#0"}
			}
		},
		{
			"from": [8.04355, 6.28692, 5.36201],
			"to": [8.5, 6.43082, 5.65789],
			"rotation": {"angle": -45, "axis": "x", "origin": [8, 6.66487, 8]},
			"faces": {
				"north": {"uv": [14, 8, 15.25, 9.25], "texture": "#0"},
				"east": {"uv": [14, 8, 15.25, 9.25], "texture": "#0"},
				"south": {"uv": [14, 8, 15.25, 9.25], "texture": "#0"},
				"west": {"uv": [14, 8, 15.25, 9.25], "texture": "#0"},
				"up": {"uv": [14, 8, 15.25, 9.25], "texture": "#0"},
				"down": {"uv": [14, 8, 15.25, 9.25], "texture": "#0"}
			}
		},
		{
			"from": [8.04355, 4.5, 6.50896],
			"to": [8.5, 4.85036, 6.80484],
			"faces": {
				"north": {"uv": [14, 8, 15.25, 9.25], "texture": "#0"},
				"east": {"uv": [14, 8, 15.25, 9.25], "texture": "#0"},
				"south": {"uv": [14, 8, 15.25, 9.25], "texture": "#0"},
				"west": {"uv": [14, 8, 15.25, 9.25], "texture": "#0"},
				"up": {"uv": [14, 8, 15.25, 9.25], "texture": "#0"},
				"down": {"uv": [14, 8, 15.25, 9.25], "texture": "#0"}
			}
		},
		{
			"from": [8.04355, 4.29355, 7.5871],
			"to": [8.5, 4.52921, 7.88297],
			"rotation": {"angle": 22.5, "axis": "x", "origin": [8, 6.66487, 8]},
			"faces": {
				"north": {"uv": [14, 8, 15.25, 9.25], "texture": "#0"},
				"east": {"uv": [14, 8, 15.25, 9.25], "texture": "#0"},
				"south": {"uv": [14, 8, 15.25, 9.25], "texture": "#0"},
				"west": {"uv": [14, 8, 15.25, 9.25], "texture": "#0"},
				"up": {"uv": [14, 8, 15.25, 9.25], "texture": "#0"},
				"down": {"uv": [14, 8, 15.25, 9.25], "texture": "#0"}
			}
		},
		{
			"from": [8.04355, 4.43118, 7.33477],
			"to": [8.47706, 5.35502, 7.88297],
			"faces": {
				"north": {"uv": [14, 8, 15.25, 9.25], "texture": "#0"},
				"east": {"uv": [14, 8, 15.25, 9.25], "texture": "#0"},
				"south": {"uv": [14, 8, 15.25, 9.25], "texture": "#0"},
				"west": {"uv": [14, 8, 15.25, 9.25], "texture": "#0"},
				"up": {"uv": [14, 8, 15.25, 9.25], "texture": "#0"},
				"down": {"uv": [14, 8, 15.25, 9.25], "texture": "#0"}
			}
		},
		{
			"from": [8.04355, 5.25699, 7.40358],
			"to": [8.47706, 5.92849, 7.81416],
			"faces": {
				"north": {"uv": [14, 8, 15.25, 9.25], "texture": "#0"},
				"east": {"uv": [14, 8, 15.25, 9.25], "texture": "#0"},
				"south": {"uv": [14, 8, 15.25, 9.25], "texture": "#0"},
				"west": {"uv": [14, 8, 15.25, 9.25], "texture": "#0"},
				"up": {"uv": [14, 8, 15.25, 9.25], "texture": "#0"},
				"down": {"uv": [14, 8, 15.25, 9.25], "texture": "#0"}
			}
		},
		{
			"from": [8.04355, 5.87634, 7.35771],
			"to": [8.47706, 6.50197, 7.86004],
			"faces": {
				"north": {"uv": [14, 8, 15.25, 9.25], "texture": "#0"},
				"east": {"uv": [14, 8, 15.25, 9.25], "texture": "#0"},
				"south": {"uv": [14, 8, 15.25, 9.25], "texture": "#0"},
				"west": {"uv": [14, 8, 15.25, 9.25], "texture": "#0"},
				"up": {"uv": [14, 8, 15.25, 9.25], "texture": "#0"},
				"down": {"uv": [14, 8, 15.25, 9.25], "texture": "#0"}
			}
		},
		{
			"from": [8.04355, 6.26631, 7.4724],
			"to": [8.47706, 6.80018, 7.60771],
			"rotation": {"angle": 22.5, "axis": "x", "origin": [8, 6.66487, 8]},
			"faces": {
				"north": {"uv": [14, 8, 15.25, 9.25], "texture": "#0"},
				"east": {"uv": [14, 8, 15.25, 9.25], "texture": "#0"},
				"south": {"uv": [14, 8, 15.25, 9.25], "texture": "#0"},
				"west": {"uv": [14, 8, 15.25, 9.25], "texture": "#0"},
				"up": {"uv": [14, 8, 15.25, 9.25], "texture": "#0"},
				"down": {"uv": [14, 8, 15.25, 9.25], "texture": "#0"}
			}
		},
		{
			"from": [8.04355, 6.05986, 7.51828],
			"to": [8.47706, 7.05251, 7.69946],
			"faces": {
				"north": {"uv": [14, 8, 15.25, 9.25], "texture": "#0"},
				"east": {"uv": [14, 8, 15.25, 9.25], "texture": "#0"},
				"south": {"uv": [14, 8, 15.25, 9.25], "texture": "#0"},
				"west": {"uv": [14, 8, 15.25, 9.25], "texture": "#0"},
				"up": {"uv": [14, 8, 15.25, 9.25], "texture": "#0"},
				"down": {"uv": [14, 8, 15.25, 9.25], "texture": "#0"}
			}
		},
		{
			"from": [8.04355, 6.56452, 7.70179],
			"to": [8.47706, 7.09839, 7.81416],
			"rotation": {"angle": -22.5, "axis": "x", "origin": [8, 6.66487, 8]},
			"faces": {
				"north": {"uv": [14, 8, 15.25, 9.25], "texture": "#0"},
				"east": {"uv": [14, 8, 15.25, 9.25], "texture": "#0"},
				"south": {"uv": [14, 8, 15.25, 9.25], "texture": "#0"},
				"west": {"uv": [14, 8, 15.25, 9.25], "texture": "#0"},
				"up": {"uv": [14, 8, 15.25, 9.25], "texture": "#0"},
				"down": {"uv": [14, 8, 15.25, 9.25], "texture": "#0"}
			}
		},
		{
			"from": [8.04355, 6.24337, 7.49534],
			"to": [8.47706, 6.66254, 7.76828],
			"faces": {
				"north": {"uv": [14, 8, 15.25, 9.25], "texture": "#0"},
				"east": {"uv": [14, 8, 15.25, 9.25], "texture": "#0"},
				"south": {"uv": [14, 8, 15.25, 9.25], "texture": "#0"},
				"west": {"uv": [14, 8, 15.25, 9.25], "texture": "#0"},
				"up": {"uv": [14, 8, 15.25, 9.25], "texture": "#0"},
				"down": {"uv": [14, 8, 15.25, 9.25], "texture": "#0"}
			}
		},
		{
			"from": [8.04355, 4.54588, 6.09606],
			"to": [8.5, 4.78154, 8.20412],
			"faces": {
				"north": {"uv": [14, 8, 15.25, 9.25], "texture": "#0"},
				"east": {"uv": [14, 8, 15.25, 9.25], "texture": "#0"},
				"south": {"uv": [14, 8, 15.25, 9.25], "texture": "#0"},
				"west": {"uv": [14, 8, 15.25, 9.25], "texture": "#0"},
				"up": {"uv": [14, 8, 15.25, 9.25], "texture": "#0"},
				"down": {"uv": [14, 8, 15.25, 9.25], "texture": "#0"}
			}
		},
		{
			"from": [8.04355, 3.9724, 7.0595],
			"to": [8.5, 4.11631, 7.33244],
			"rotation": {"angle": 22.5, "axis": "x", "origin": [8, 6.66487, 8]},
			"faces": {
				"north": {"uv": [14, 8, 15.25, 9.25], "texture": "#0"},
				"east": {"uv": [14, 8, 15.25, 9.25], "texture": "#0"},
				"south": {"uv": [14, 8, 15.25, 9.25], "texture": "#0"},
				"west": {"uv": [14, 8, 15.25, 9.25], "texture": "#0"},
				"up": {"uv": [14, 8, 15.25, 9.25], "texture": "#0"},
				"down": {"uv": [14, 8, 15.25, 9.25], "texture": "#0"}
			}
		},
		{
			"from": [8.5, 4.77527, 6.9448],
			"to": [8.52061, 4.80448, 7.33244],
			"faces": {
				"north": {"uv": [14, 8, 15.25, 9.25], "texture": "#1"},
				"east": {"uv": [14, 8, 15.25, 9.25], "texture": "#1"},
				"south": {"uv": [14, 8, 15.25, 9.25], "texture": "#1"},
				"west": {"uv": [14, 8, 15.25, 9.25], "texture": "#1"},
				"up": {"uv": [14, 8, 15.25, 9.25], "texture": "#1"},
				"down": {"uv": [14, 8, 15.25, 9.25], "texture": "#1"}
			}
		},
		{
			"from": [8.5, 4.82115, 6.50896],
			"to": [8.52061, 4.85036, 6.85072],
			"faces": {
				"north": {"uv": [14, 8, 15.25, 9.25], "texture": "#1"},
				"east": {"uv": [14, 8, 15.25, 9.25], "texture": "#1"},
				"south": {"uv": [14, 8, 15.25, 9.25], "texture": "#1"},
				"west": {"uv": [14, 8, 15.25, 9.25], "texture": "#1"},
				"up": {"uv": [14, 8, 15.25, 9.25], "texture": "#1"},
				"down": {"uv": [14, 8, 15.25, 9.25], "texture": "#1"}
			}
		},
		{
			"from": [8.5, 4.75233, 6.09606],
			"to": [8.52061, 4.78154, 6.46075],
			"faces": {
				"north": {"uv": [14, 8, 15.25, 9.25], "texture": "#1"},
				"east": {"uv": [14, 8, 15.25, 9.25], "texture": "#1"},
				"south": {"uv": [14, 8, 15.25, 9.25], "texture": "#1"},
				"west": {"uv": [14, 8, 15.25, 9.25], "texture": "#1"},
				"up": {"uv": [14, 8, 15.25, 9.25], "texture": "#1"},
				"down": {"uv": [14, 8, 15.25, 9.25], "texture": "#1"}
			}
		},
		{
			"from": [8.5, 4.43118, 6.34839],
			"to": [8.52061, 4.46039, 8.20412],
			"faces": {
				"north": {"uv": [14, 8, 15.25, 9.25], "texture": "#1"},
				"east": {"uv": [14, 8, 15.25, 9.25], "texture": "#1"},
				"south": {"uv": [14, 8, 15.25, 9.25], "texture": "#1"},
				"west": {"uv": [14, 8, 15.25, 9.25], "texture": "#1"},
				"up": {"uv": [14, 8, 15.25, 9.25], "texture": "#1"},
				"down": {"uv": [14, 8, 15.25, 9.25], "texture": "#1"}
			}
		},
		{
			"from": [8.47706, 4.74032, 7.85376],
			"to": [8.49767, 5.35735, 7.88297],
			"faces": {
				"north": {"uv": [14, 8, 15.25, 9.25], "rotation": 180, "texture": "#1"},
				"east": {"uv": [14, 8, 15.25, 9.25], "rotation": 270, "texture": "#1"},
				"south": {"uv": [14, 8, 15.25, 9.25], "texture": "#1"},
				"west": {"uv": [14, 8, 15.25, 9.25], "rotation": 90, "texture": "#1"},
				"up": {"uv": [14, 8, 15.25, 9.25], "rotation": 180, "texture": "#1"},
				"down": {"uv": [14, 8, 15.25, 9.25], "texture": "#1"}
			}
		},
		{
			"from": [8.5, 4.77527, 7.86237],
			"to": [8.52061, 4.80448, 8.20412],
			"faces": {
				"north": {"uv": [14, 8, 15.25, 9.25], "texture": "#1"},
				"east": {"uv": [14, 8, 15.25, 9.25], "texture": "#1"},
				"south": {"uv": [14, 8, 15.25, 9.25], "texture": "#1"},
				"west": {"uv": [14, 8, 15.25, 9.25], "texture": "#1"},
				"up": {"uv": [14, 8, 15.25, 9.25], "texture": "#1"},
				"down": {"uv": [14, 8, 15.25, 9.25], "texture": "#1"}
			}
		},
		{
			"from": [8.5, 4.39624, 8.31022],
			"to": [8.52061, 4.85269, 8.33943],
			"faces": {
				"north": {"uv": [14, 8, 15.25, 9.25], "rotation": 180, "texture": "#1"},
				"east": {"uv": [14, 8, 15.25, 9.25], "rotation": 270, "texture": "#1"},
				"south": {"uv": [14, 8, 15.25, 9.25], "texture": "#1"},
				"west": {"uv": [14, 8, 15.25, 9.25], "rotation": 90, "texture": "#1"},
				"up": {"uv": [14, 8, 15.25, 9.25], "rotation": 180, "texture": "#1"},
				"down": {"uv": [14, 8, 15.25, 9.25], "texture": "#1"}
			}
		},
		{
			"from": [8.04355, 4.40824, 8.16057],
			"to": [8.5, 4.82742, 8.31882],
			"faces": {
				"north": {"uv": [14, 8, 15.25, 9.25], "texture": "#0"},
				"east": {"uv": [14, 8, 15.25, 9.25], "texture": "#0"},
				"south": {"uv": [14, 8, 15.25, 9.25], "texture": "#0"},
				"west": {"uv": [14, 8, 15.25, 9.25], "texture": "#0"},
				"up": {"uv": [14, 8, 15.25, 9.25], "texture": "#0"},
				"down": {"uv": [14, 8, 15.25, 9.25], "texture": "#0"}
			}
		},
		{
			"from": [8.5, 4.84409, 7.44946],
			"to": [8.52061, 4.8733, 7.60771],
			"rotation": {"angle": -22.5, "axis": "x", "origin": [8, 6.66487, 8]},
			"faces": {
				"north": {"uv": [14, 8, 15.25, 9.25], "texture": "#1"},
				"east": {"uv": [14, 8, 15.25, 9.25], "texture": "#1"},
				"south": {"uv": [14, 8, 15.25, 9.25], "texture": "#1"},
				"west": {"uv": [14, 8, 15.25, 9.25], "texture": "#1"},
				"up": {"uv": [14, 8, 15.25, 9.25], "texture": "#1"},
				"down": {"uv": [14, 8, 15.25, 9.25], "texture": "#1"}
			}
		},
		{
			"from": [8.5, 4.68351, 9.03226],
			"to": [8.52061, 4.71272, 9.16756],
			"rotation": {"angle": 22.5, "axis": "x", "origin": [8, 6.66487, 8]},
			"faces": {
				"north": {"uv": [14, 8, 15.25, 9.25], "texture": "#1"},
				"east": {"uv": [14, 8, 15.25, 9.25], "texture": "#1"},
				"south": {"uv": [14, 8, 15.25, 9.25], "texture": "#1"},
				"west": {"uv": [14, 8, 15.25, 9.25], "texture": "#1"},
				"up": {"uv": [14, 8, 15.25, 9.25], "texture": "#1"},
				"down": {"uv": [14, 8, 15.25, 9.25], "texture": "#1"}
			}
		},
		{
			"from": [8.5, 3.9724, 7.03656],
			"to": [8.52061, 4.00161, 7.33244],
			"rotation": {"angle": 22.5, "axis": "x", "origin": [8, 6.66487, 8]},
			"faces": {
				"north": {"uv": [14, 8, 15.25, 9.25], "texture": "#1"},
				"east": {"uv": [14, 8, 15.25, 9.25], "texture": "#1"},
				"south": {"uv": [14, 8, 15.25, 9.25], "texture": "#1"},
				"west": {"uv": [14, 8, 15.25, 9.25], "texture": "#1"},
				"up": {"uv": [14, 8, 15.25, 9.25], "texture": "#1"},
				"down": {"uv": [14, 8, 15.25, 9.25], "texture": "#1"}
			}
		},
		{
			"from": [8.5, 4.55681, 6.08513],
			"to": [8.52061, 4.78387, 6.11434],
			"faces": {
				"north": {"uv": [14, 8, 15.25, 9.25], "rotation": 180, "texture": "#1"},
				"east": {"uv": [14, 8, 15.25, 9.25], "rotation": 270, "texture": "#1"},
				"south": {"uv": [14, 8, 15.25, 9.25], "texture": "#1"},
				"west": {"uv": [14, 8, 15.25, 9.25], "rotation": 90, "texture": "#1"},
				"up": {"uv": [14, 8, 15.25, 9.25], "rotation": 180, "texture": "#1"},
				"down": {"uv": [14, 8, 15.25, 9.25], "texture": "#1"}
			}
		},
		{
			"from": [8.5, 6.40394, 5.56846],
			"to": [8.52061, 6.43315, 5.65789],
			"rotation": {"angle": -45, "axis": "x", "origin": [8, 6.66487, 8]},
			"faces": {
				"north": {"uv": [14, 8, 15.25, 9.25], "texture": "#1"},
				"east": {"uv": [14, 8, 15.25, 9.25], "texture": "#1"},
				"south": {"uv": [14, 8, 15.25, 9.25], "texture": "#1"},
				"west": {"uv": [14, 8, 15.25, 9.25], "texture": "#1"},
				"up": {"uv": [14, 8, 15.25, 9.25], "texture": "#1"},
				"down": {"uv": [14, 8, 15.25, 9.25], "texture": "#1"}
			}
		},
		{
			"from": [8.5, 4.52294, 7.63297],
			"to": [8.52061, 4.55215, 7.76828],
			"rotation": {"angle": 22.5, "axis": "x", "origin": [8, 6.66487, 8]},
			"faces": {
				"north": {"uv": [14, 8, 15.25, 9.25], "texture": "#1"},
				"east": {"uv": [14, 8, 15.25, 9.25], "texture": "#1"},
				"south": {"uv": [14, 8, 15.25, 9.25], "texture": "#1"},
				"west": {"uv": [14, 8, 15.25, 9.25], "texture": "#1"},
				"up": {"uv": [14, 8, 15.25, 9.25], "texture": "#1"},
				"down": {"uv": [14, 8, 15.25, 9.25], "texture": "#1"}
			}
		},
		{
			"from": [8.03548, 3.9724, 7.03656],
			"to": [8.05609, 4.00161, 7.33244],
			"rotation": {"angle": 22.5, "axis": "x", "origin": [7.53548, 6.66487, 8]},
			"faces": {
				"north": {"uv": [14, 8, 15.25, 9.25], "texture": "#1"},
				"east": {"uv": [14, 8, 15.25, 9.25], "texture": "#1"},
				"south": {"uv": [14, 8, 15.25, 9.25], "texture": "#1"},
				"west": {"uv": [14, 8, 15.25, 9.25], "texture": "#1"},
				"up": {"uv": [14, 8, 15.25, 9.25], "texture": "#1"},
				"down": {"uv": [14, 8, 15.25, 9.25], "texture": "#1"}
			}
		},
		{
			"from": [8.03548, 4.55681, 6.08513],
			"to": [8.05609, 4.78387, 6.11434],
			"faces": {
				"north": {"uv": [14, 8, 15.25, 9.25], "rotation": 180, "texture": "#1"},
				"east": {"uv": [14, 8, 15.25, 9.25], "rotation": 270, "texture": "#1"},
				"south": {"uv": [14, 8, 15.25, 9.25], "texture": "#1"},
				"west": {"uv": [14, 8, 15.25, 9.25], "rotation": 90, "texture": "#1"},
				"up": {"uv": [14, 8, 15.25, 9.25], "rotation": 180, "texture": "#1"},
				"down": {"uv": [14, 8, 15.25, 9.25], "texture": "#1"}
			}
		},
		{
			"from": [8.03548, 6.40394, 5.56846],
			"to": [8.05609, 6.43315, 5.65789],
			"rotation": {"angle": -45, "axis": "x", "origin": [7.53548, 6.66487, 8]},
			"faces": {
				"north": {"uv": [14, 8, 15.25, 9.25], "texture": "#1"},
				"east": {"uv": [14, 8, 15.25, 9.25], "texture": "#1"},
				"south": {"uv": [14, 8, 15.25, 9.25], "texture": "#1"},
				"west": {"uv": [14, 8, 15.25, 9.25], "texture": "#1"},
				"up": {"uv": [14, 8, 15.25, 9.25], "texture": "#1"},
				"down": {"uv": [14, 8, 15.25, 9.25], "texture": "#1"}
			}
		},
		{
			"from": [8.03548, 4.75233, 6.09606],
			"to": [8.05609, 4.78154, 6.46075],
			"faces": {
				"north": {"uv": [14, 8, 15.25, 9.25], "texture": "#1"},
				"east": {"uv": [14, 8, 15.25, 9.25], "texture": "#1"},
				"south": {"uv": [14, 8, 15.25, 9.25], "texture": "#1"},
				"west": {"uv": [14, 8, 15.25, 9.25], "texture": "#1"},
				"up": {"uv": [14, 8, 15.25, 9.25], "texture": "#1"},
				"down": {"uv": [14, 8, 15.25, 9.25], "texture": "#1"}
			}
		},
		{
			"from": [8.03548, 4.82115, 6.50896],
			"to": [8.05609, 4.85036, 6.85072],
			"faces": {
				"north": {"uv": [14, 8, 15.25, 9.25], "texture": "#1"},
				"east": {"uv": [14, 8, 15.25, 9.25], "texture": "#1"},
				"south": {"uv": [14, 8, 15.25, 9.25], "texture": "#1"},
				"west": {"uv": [14, 8, 15.25, 9.25], "texture": "#1"},
				"up": {"uv": [14, 8, 15.25, 9.25], "texture": "#1"},
				"down": {"uv": [14, 8, 15.25, 9.25], "texture": "#1"}
			}
		},
		{
			"from": [8.03548, 4.77527, 6.9448],
			"to": [8.05609, 4.80448, 7.33244],
			"faces": {
				"north": {"uv": [14, 8, 15.25, 9.25], "texture": "#1"},
				"east": {"uv": [14, 8, 15.25, 9.25], "texture": "#1"},
				"south": {"uv": [14, 8, 15.25, 9.25], "texture": "#1"},
				"west": {"uv": [14, 8, 15.25, 9.25], "texture": "#1"},
				"up": {"uv": [14, 8, 15.25, 9.25], "texture": "#1"},
				"down": {"uv": [14, 8, 15.25, 9.25], "texture": "#1"}
			}
		},
		{
			"from": [8.03548, 4.7862, 7.32616],
			"to": [8.05609, 5.10502, 7.35538],
			"faces": {
				"north": {"uv": [14, 8, 15.25, 9.25], "rotation": 180, "texture": "#1"},
				"east": {"uv": [14, 8, 15.25, 9.25], "rotation": 270, "texture": "#1"},
				"south": {"uv": [14, 8, 15.25, 9.25], "texture": "#1"},
				"west": {"uv": [14, 8, 15.25, 9.25], "rotation": 90, "texture": "#1"},
				"up": {"uv": [14, 8, 15.25, 9.25], "rotation": 180, "texture": "#1"},
				"down": {"uv": [14, 8, 15.25, 9.25], "texture": "#1"}
			}
		},
		{
			"from": [8.03548, 4.7862, 7.85376],
			"to": [8.05609, 5.35735, 7.88297],
			"faces": {
				"north": {"uv": [14, 8, 15.25, 9.25], "rotation": 180, "texture": "#1"},
				"east": {"uv": [14, 8, 15.25, 9.25], "rotation": 270, "texture": "#1"},
				"south": {"uv": [14, 8, 15.25, 9.25], "texture": "#1"},
				"west": {"uv": [14, 8, 15.25, 9.25], "rotation": 90, "texture": "#1"},
				"up": {"uv": [14, 8, 15.25, 9.25], "rotation": 180, "texture": "#1"},
				"down": {"uv": [14, 8, 15.25, 9.25], "texture": "#1"}
			}
		},
		{
			"from": [8.03548, 4.77527, 7.86237],
			"to": [8.05609, 4.80448, 8.20412],
			"faces": {
				"north": {"uv": [14, 8, 15.25, 9.25], "texture": "#1"},
				"east": {"uv": [14, 8, 15.25, 9.25], "texture": "#1"},
				"south": {"uv": [14, 8, 15.25, 9.25], "texture": "#1"},
				"west": {"uv": [14, 8, 15.25, 9.25], "texture": "#1"},
				"up": {"uv": [14, 8, 15.25, 9.25], "texture": "#1"},
				"down": {"uv": [14, 8, 15.25, 9.25], "texture": "#1"}
			}
		},
		{
			"from": [8.03548, 4.84409, 7.44946],
			"to": [8.05609, 4.8733, 7.60771],
			"rotation": {"angle": -22.5, "axis": "x", "origin": [7.53548, 6.66487, 8]},
			"faces": {
				"north": {"uv": [14, 8, 15.25, 9.25], "texture": "#1"},
				"east": {"uv": [14, 8, 15.25, 9.25], "texture": "#1"},
				"south": {"uv": [14, 8, 15.25, 9.25], "texture": "#1"},
				"west": {"uv": [14, 8, 15.25, 9.25], "texture": "#1"},
				"up": {"uv": [14, 8, 15.25, 9.25], "texture": "#1"},
				"down": {"uv": [14, 8, 15.25, 9.25], "texture": "#1"}
			}
		},
		{
			"from": [8.03548, 4.39624, 8.31022],
			"to": [8.05609, 4.85269, 8.33943],
			"faces": {
				"north": {"uv": [14, 8, 15.25, 9.25], "rotation": 180, "texture": "#1"},
				"east": {"uv": [14, 8, 15.25, 9.25], "rotation": 270, "texture": "#1"},
				"south": {"uv": [14, 8, 15.25, 9.25], "texture": "#1"},
				"west": {"uv": [14, 8, 15.25, 9.25], "rotation": 90, "texture": "#1"},
				"up": {"uv": [14, 8, 15.25, 9.25], "rotation": 180, "texture": "#1"},
				"down": {"uv": [14, 8, 15.25, 9.25], "texture": "#1"}
			}
		},
		{
			"from": [8.03548, 4.68351, 9.03226],
			"to": [8.05609, 4.71272, 9.16756],
			"rotation": {"angle": 22.5, "axis": "x", "origin": [7.53548, 6.66487, 8]},
			"faces": {
				"north": {"uv": [14, 8, 15.25, 9.25], "texture": "#1"},
				"east": {"uv": [14, 8, 15.25, 9.25], "texture": "#1"},
				"south": {"uv": [14, 8, 15.25, 9.25], "texture": "#1"},
				"west": {"uv": [14, 8, 15.25, 9.25], "texture": "#1"},
				"up": {"uv": [14, 8, 15.25, 9.25], "texture": "#1"},
				"down": {"uv": [14, 8, 15.25, 9.25], "texture": "#1"}
			}
		},
		{
			"from": [8.03548, 4.43118, 6.34839],
			"to": [8.05609, 4.46039, 8.20412],
			"faces": {
				"north": {"uv": [14, 8, 15.25, 9.25], "texture": "#1"},
				"east": {"uv": [14, 8, 15.25, 9.25], "texture": "#1"},
				"south": {"uv": [14, 8, 15.25, 9.25], "texture": "#1"},
				"west": {"uv": [14, 8, 15.25, 9.25], "texture": "#1"},
				"up": {"uv": [14, 8, 15.25, 9.25], "texture": "#1"},
				"down": {"uv": [14, 8, 15.25, 9.25], "texture": "#1"}
			}
		},
		{
			"from": [8.04122, 4.52294, 7.63297],
			"to": [8.06183, 4.55215, 7.76828],
			"rotation": {"angle": 22.5, "axis": "x", "origin": [8, 6.66487, 8]},
			"faces": {
				"north": {"uv": [14, 8, 15.25, 9.25], "texture": "#1"},
				"east": {"uv": [14, 8, 15.25, 9.25], "texture": "#1"},
				"south": {"uv": [14, 8, 15.25, 9.25], "texture": "#1"},
				"west": {"uv": [14, 8, 15.25, 9.25], "texture": "#1"},
				"up": {"uv": [14, 8, 15.25, 9.25], "texture": "#1"},
				"down": {"uv": [14, 8, 15.25, 9.25], "texture": "#1"}
			}
		},
		{
			"from": [8.5, 5.4405, 6.18978],
			"to": [8.52061, 5.51559, 6.26488],
			"rotation": {"angle": -45, "axis": "x", "origin": [8, 6.66487, 8]},
			"faces": {
				"north": {"uv": [14, 8, 15.25, 9.25], "texture": "#1"},
				"east": {"uv": [14, 8, 15.25, 9.25], "texture": "#1"},
				"south": {"uv": [14, 8, 15.25, 9.25], "texture": "#1"},
				"west": {"uv": [14, 8, 15.25, 9.25], "texture": "#1"},
				"up": {"uv": [14, 8, 15.25, 9.25], "texture": "#1"},
				"down": {"uv": [14, 8, 15.25, 9.25], "texture": "#1"}
			}
		},
		{
			"from": [8.5, 5.4405, 6.28154],
			"to": [8.52061, 5.51559, 6.35664],
			"rotation": {"angle": -45, "axis": "x", "origin": [8, 6.66487, 8]},
			"faces": {
				"north": {"uv": [14, 8, 15.25, 9.25], "texture": "#1"},
				"east": {"uv": [14, 8, 15.25, 9.25], "texture": "#1"},
				"south": {"uv": [14, 8, 15.25, 9.25], "texture": "#1"},
				"west": {"uv": [14, 8, 15.25, 9.25], "texture": "#1"},
				"up": {"uv": [14, 8, 15.25, 9.25], "texture": "#1"},
				"down": {"uv": [14, 8, 15.25, 9.25], "texture": "#1"}
			}
		},
		{
			"from": [8.5, 5.53226, 6.28154],
			"to": [8.52061, 5.60735, 6.35664],
			"rotation": {"angle": -45, "axis": "x", "origin": [8, 6.66487, 8]},
			"faces": {
				"north": {"uv": [14, 8, 15.25, 9.25], "texture": "#1"},
				"east": {"uv": [14, 8, 15.25, 9.25], "texture": "#1"},
				"south": {"uv": [14, 8, 15.25, 9.25], "texture": "#1"},
				"west": {"uv": [14, 8, 15.25, 9.25], "texture": "#1"},
				"up": {"uv": [14, 8, 15.25, 9.25], "texture": "#1"},
				"down": {"uv": [14, 8, 15.25, 9.25], "texture": "#1"}
			}
		},
		{
			"from": [8.5, 5.53226, 6.18978],
			"to": [8.52061, 5.60735, 6.26488],
			"rotation": {"angle": -45, "axis": "x", "origin": [8, 6.66487, 8]},
			"faces": {
				"north": {"uv": [14, 8, 15.25, 9.25], "texture": "#1"},
				"east": {"uv": [14, 8, 15.25, 9.25], "texture": "#1"},
				"south": {"uv": [14, 8, 15.25, 9.25], "texture": "#1"},
				"west": {"uv": [14, 8, 15.25, 9.25], "texture": "#1"},
				"up": {"uv": [14, 8, 15.25, 9.25], "texture": "#1"},
				"down": {"uv": [14, 8, 15.25, 9.25], "texture": "#1"}
			}
		},
		{
			"from": [8.01828, 5.53226, 6.18978],
			"to": [8.03889, 5.60735, 6.26488],
			"rotation": {"angle": -45, "axis": "x", "origin": [8, 6.66487, 8]},
			"faces": {
				"north": {"uv": [14, 8, 15.25, 9.25], "texture": "#1"},
				"east": {"uv": [14, 8, 15.25, 9.25], "texture": "#1"},
				"south": {"uv": [14, 8, 15.25, 9.25], "texture": "#1"},
				"west": {"uv": [14, 8, 15.25, 9.25], "texture": "#1"},
				"up": {"uv": [14, 8, 15.25, 9.25], "texture": "#1"},
				"down": {"uv": [14, 8, 15.25, 9.25], "texture": "#1"}
			}
		},
		{
			"from": [8.01828, 5.4405, 6.28154],
			"to": [8.03889, 5.51559, 6.35664],
			"rotation": {"angle": -45, "axis": "x", "origin": [8, 6.66487, 8]},
			"faces": {
				"north": {"uv": [14, 8, 15.25, 9.25], "texture": "#1"},
				"east": {"uv": [14, 8, 15.25, 9.25], "texture": "#1"},
				"south": {"uv": [14, 8, 15.25, 9.25], "texture": "#1"},
				"west": {"uv": [14, 8, 15.25, 9.25], "texture": "#1"},
				"up": {"uv": [14, 8, 15.25, 9.25], "texture": "#1"},
				"down": {"uv": [14, 8, 15.25, 9.25], "texture": "#1"}
			}
		},
		{
			"from": [8.01828, 5.4405, 6.18978],
			"to": [8.03889, 5.51559, 6.26488],
			"rotation": {"angle": -45, "axis": "x", "origin": [8, 6.66487, 8]},
			"faces": {
				"north": {"uv": [14, 8, 15.25, 9.25], "texture": "#1"},
				"east": {"uv": [14, 8, 15.25, 9.25], "texture": "#1"},
				"south": {"uv": [14, 8, 15.25, 9.25], "texture": "#1"},
				"west": {"uv": [14, 8, 15.25, 9.25], "texture": "#1"},
				"up": {"uv": [14, 8, 15.25, 9.25], "texture": "#1"},
				"down": {"uv": [14, 8, 15.25, 9.25], "texture": "#1"}
			}
		},
		{
			"from": [8.01828, 5.53226, 6.28154],
			"to": [8.03889, 5.60735, 6.35664],
			"rotation": {"angle": -45, "axis": "x", "origin": [8, 6.66487, 8]},
			"faces": {
				"north": {"uv": [14, 8, 15.25, 9.25], "texture": "#1"},
				"east": {"uv": [14, 8, 15.25, 9.25], "texture": "#1"},
				"south": {"uv": [14, 8, 15.25, 9.25], "texture": "#1"},
				"west": {"uv": [14, 8, 15.25, 9.25], "texture": "#1"},
				"up": {"uv": [14, 8, 15.25, 9.25], "texture": "#1"},
				"down": {"uv": [14, 8, 15.25, 9.25], "texture": "#1"}
			}
		},
		{
			"from": [8.47706, 5.3138, 7.83082],
			"to": [8.49767, 5.65556, 7.86004],
			"faces": {
				"north": {"uv": [14, 8, 15.25, 9.25], "rotation": 180, "texture": "#1"},
				"east": {"uv": [14, 8, 15.25, 9.25], "rotation": 270, "texture": "#1"},
				"south": {"uv": [14, 8, 15.25, 9.25], "texture": "#1"},
				"west": {"uv": [14, 8, 15.25, 9.25], "rotation": 90, "texture": "#1"},
				"up": {"uv": [14, 8, 15.25, 9.25], "rotation": 180, "texture": "#1"},
				"down": {"uv": [14, 8, 15.25, 9.25], "texture": "#1"}
			}
		},
		{
			"from": [8.47706, 5.54319, 7.80789],
			"to": [8.49767, 5.88495, 7.8371],
			"faces": {
				"north": {"uv": [14, 8, 15.25, 9.25], "rotation": 180, "texture": "#1"},
				"east": {"uv": [14, 8, 15.25, 9.25], "rotation": 270, "texture": "#1"},
				"south": {"uv": [14, 8, 15.25, 9.25], "texture": "#1"},
				"west": {"uv": [14, 8, 15.25, 9.25], "rotation": 90, "texture": "#1"},
				"up": {"uv": [14, 8, 15.25, 9.25], "rotation": 180, "texture": "#1"},
				"down": {"uv": [14, 8, 15.25, 9.25], "texture": "#1"}
			}
		},
		{
			"from": [8.47706, 5.79552, 7.83082],
			"to": [8.49767, 6.5043, 7.86004],
			"faces": {
				"north": {"uv": [14, 8, 15.25, 9.25], "rotation": 180, "texture": "#1"},
				"east": {"uv": [14, 8, 15.25, 9.25], "rotation": 270, "texture": "#1"},
				"south": {"uv": [14, 8, 15.25, 9.25], "texture": "#1"},
				"west": {"uv": [14, 8, 15.25, 9.25], "rotation": 90, "texture": "#1"},
				"up": {"uv": [14, 8, 15.25, 9.25], "rotation": 180, "texture": "#1"},
				"down": {"uv": [14, 8, 15.25, 9.25], "texture": "#1"}
			}
		},
		{
			"from": [8.47706, 5.79552, 7.3491],
			"to": [8.49767, 6.5043, 7.37832],
			"faces": {
				"north": {"uv": [14, 8, 15.25, 9.25], "rotation": 180, "texture": "#1"},
				"east": {"uv": [14, 8, 15.25, 9.25], "rotation": 270, "texture": "#1"},
				"south": {"uv": [14, 8, 15.25, 9.25], "texture": "#1"},
				"west": {"uv": [14, 8, 15.25, 9.25], "rotation": 90, "texture": "#1"},
				"up": {"uv": [14, 8, 15.25, 9.25], "rotation": 180, "texture": "#1"},
				"down": {"uv": [14, 8, 15.25, 9.25], "texture": "#1"}
			}
		},
		{
			"from": [8.47706, 5.54319, 7.37204],
			"to": [8.49767, 5.88495, 7.40125],
			"faces": {
				"north": {"uv": [14, 8, 15.25, 9.25], "rotation": 180, "texture": "#1"},
				"east": {"uv": [14, 8, 15.25, 9.25], "rotation": 270, "texture": "#1"},
				"south": {"uv": [14, 8, 15.25, 9.25], "texture": "#1"},
				"west": {"uv": [14, 8, 15.25, 9.25], "rotation": 90, "texture": "#1"},
				"up": {"uv": [14, 8, 15.25, 9.25], "rotation": 180, "texture": "#1"},
				"down": {"uv": [14, 8, 15.25, 9.25], "texture": "#1"}
			}
		},
		{
			"from": [8.47706, 5.3138, 7.3491],
			"to": [8.49767, 5.65556, 7.37832],
			"faces": {
				"north": {"uv": [14, 8, 15.25, 9.25], "rotation": 180, "texture": "#1"},
				"east": {"uv": [14, 8, 15.25, 9.25], "rotation": 270, "texture": "#1"},
				"south": {"uv": [14, 8, 15.25, 9.25], "texture": "#1"},
				"west": {"uv": [14, 8, 15.25, 9.25], "rotation": 90, "texture": "#1"},
				"up": {"uv": [14, 8, 15.25, 9.25], "rotation": 180, "texture": "#1"},
				"down": {"uv": [14, 8, 15.25, 9.25], "texture": "#1"}
			}
		},
		{
			"from": [8.47706, 4.74032, 7.32616],
			"to": [8.49767, 5.35735, 7.35538],
			"faces": {
				"north": {"uv": [14, 8, 15.25, 9.25], "rotation": 180, "texture": "#1"},
				"east": {"uv": [14, 8, 15.25, 9.25], "rotation": 270, "texture": "#1"},
				"south": {"uv": [14, 8, 15.25, 9.25], "texture": "#1"},
				"west": {"uv": [14, 8, 15.25, 9.25], "rotation": 90, "texture": "#1"},
				"up": {"uv": [14, 8, 15.25, 9.25], "rotation": 180, "texture": "#1"},
				"down": {"uv": [14, 8, 15.25, 9.25], "texture": "#1"}
			}
		},
		{
			"from": [8.47706, 6.56846, 7.78495],
			"to": [8.49767, 6.97903, 7.81416],
			"rotation": {"angle": -22.5, "axis": "x", "origin": [8, 6.66487, 8]},
			"faces": {
				"north": {"uv": [14, 8, 15.25, 9.25], "rotation": 180, "texture": "#1"},
				"east": {"uv": [14, 8, 15.25, 9.25], "rotation": 270, "texture": "#1"},
				"south": {"uv": [14, 8, 15.25, 9.25], "texture": "#1"},
				"west": {"uv": [14, 8, 15.25, 9.25], "rotation": 90, "texture": "#1"},
				"up": {"uv": [14, 8, 15.25, 9.25], "rotation": 180, "texture": "#1"},
				"down": {"uv": [14, 8, 15.25, 9.25], "texture": "#1"}
			}
		},
		{
			"from": [8.47706, 6.27025, 7.46846],
			"to": [8.49767, 6.68082, 7.49767],
			"rotation": {"angle": 22.5, "axis": "x", "origin": [8, 6.66487, 8]},
			"faces": {
				"north": {"uv": [14, 8, 15.25, 9.25], "rotation": 180, "texture": "#1"},
				"east": {"uv": [14, 8, 15.25, 9.25], "rotation": 270, "texture": "#1"},
				"south": {"uv": [14, 8, 15.25, 9.25], "texture": "#1"},
				"west": {"uv": [14, 8, 15.25, 9.25], "rotation": 90, "texture": "#1"},
				"up": {"uv": [14, 8, 15.25, 9.25], "rotation": 180, "texture": "#1"},
				"down": {"uv": [14, 8, 15.25, 9.25], "texture": "#1"}
			}
		},
		{
			"from": [8.47706, 6.85072, 7.6803],
			"to": [8.49767, 7.05484, 7.70951],
			"faces": {
				"north": {"uv": [14, 8, 15.25, 9.25], "rotation": 180, "texture": "#1"},
				"east": {"uv": [14, 8, 15.25, 9.25], "rotation": 270, "texture": "#1"},
				"south": {"uv": [14, 8, 15.25, 9.25], "texture": "#1"},
				"west": {"uv": [14, 8, 15.25, 9.25], "rotation": 90, "texture": "#1"},
				"up": {"uv": [14, 8, 15.25, 9.25], "rotation": 180, "texture": "#1"},
				"down": {"uv": [14, 8, 15.25, 9.25], "texture": "#1"}
			}
		},
		{
			"from": [8.47706, 6.85072, 7.50968],
			"to": [8.49767, 7.05484, 7.53889],
			"faces": {
				"north": {"uv": [14, 8, 15.25, 9.25], "rotation": 180, "texture": "#1"},
				"east": {"uv": [14, 8, 15.25, 9.25], "rotation": 270, "texture": "#1"},
				"south": {"uv": [14, 8, 15.25, 9.25], "texture": "#1"},
				"west": {"uv": [14, 8, 15.25, 9.25], "rotation": 90, "texture": "#1"},
				"up": {"uv": [14, 8, 15.25, 9.25], "rotation": 180, "texture": "#1"},
				"down": {"uv": [14, 8, 15.25, 9.25], "texture": "#1"}
			}
		},
		{
			"from": [8.47706, 7.0233, 7.51828],
			"to": [8.49767, 7.05251, 7.69946],
			"faces": {
				"north": {"uv": [14, 8, 15.25, 9.25], "texture": "#1"},
				"east": {"uv": [14, 8, 15.25, 9.25], "texture": "#1"},
				"south": {"uv": [14, 8, 15.25, 9.25], "texture": "#1"},
				"west": {"uv": [14, 8, 15.25, 9.25], "texture": "#1"},
				"up": {"uv": [14, 8, 15.25, 9.25], "texture": "#1"},
				"down": {"uv": [14, 8, 15.25, 9.25], "texture": "#1"}
			}
		},
		{
			"from": [8.03262, 4.7862, 7.32616],
			"to": [8.05323, 5.35735, 7.35538],
			"faces": {
				"north": {"uv": [14, 8, 15.25, 9.25], "rotation": 180, "texture": "#1"},
				"east": {"uv": [14, 8, 15.25, 9.25], "rotation": 270, "texture": "#1"},
				"south": {"uv": [14, 8, 15.25, 9.25], "texture": "#1"},
				"west": {"uv": [14, 8, 15.25, 9.25], "rotation": 90, "texture": "#1"},
				"up": {"uv": [14, 8, 15.25, 9.25], "rotation": 180, "texture": "#1"},
				"down": {"uv": [14, 8, 15.25, 9.25], "texture": "#1"}
			}
		},
		{
			"from": [8.03262, 5.3138, 7.3491],
			"to": [8.05323, 5.65556, 7.37832],
			"faces": {
				"north": {"uv": [14, 8, 15.25, 9.25], "rotation": 180, "texture": "#1"},
				"east": {"uv": [14, 8, 15.25, 9.25], "rotation": 270, "texture": "#1"},
				"south": {"uv": [14, 8, 15.25, 9.25], "texture": "#1"},
				"west": {"uv": [14, 8, 15.25, 9.25], "rotation": 90, "texture": "#1"},
				"up": {"uv": [14, 8, 15.25, 9.25], "rotation": 180, "texture": "#1"},
				"down": {"uv": [14, 8, 15.25, 9.25], "texture": "#1"}
			}
		},
		{
			"from": [8.03262, 5.54319, 7.37204],
			"to": [8.05323, 5.88495, 7.40125],
			"faces": {
				"north": {"uv": [14, 8, 15.25, 9.25], "rotation": 180, "texture": "#1"},
				"east": {"uv": [14, 8, 15.25, 9.25], "rotation": 270, "texture": "#1"},
				"south": {"uv": [14, 8, 15.25, 9.25], "texture": "#1"},
				"west": {"uv": [14, 8, 15.25, 9.25], "rotation": 90, "texture": "#1"},
				"up": {"uv": [14, 8, 15.25, 9.25], "rotation": 180, "texture": "#1"},
				"down": {"uv": [14, 8, 15.25, 9.25], "texture": "#1"}
			}
		},
		{
			"from": [8.03262, 5.79552, 7.3491],
			"to": [8.05323, 6.5043, 7.37832],
			"faces": {
				"north": {"uv": [14, 8, 15.25, 9.25], "rotation": 180, "texture": "#1"},
				"east": {"uv": [14, 8, 15.25, 9.25], "rotation": 270, "texture": "#1"},
				"south": {"uv": [14, 8, 15.25, 9.25], "texture": "#1"},
				"west": {"uv": [14, 8, 15.25, 9.25], "rotation": 90, "texture": "#1"},
				"up": {"uv": [14, 8, 15.25, 9.25], "rotation": 180, "texture": "#1"},
				"down": {"uv": [14, 8, 15.25, 9.25], "texture": "#1"}
			}
		},
		{
			"from": [8.03262, 6.27025, 7.46846],
			"to": [8.05323, 6.68082, 7.49767],
			"rotation": {"angle": 22.5, "axis": "x", "origin": [7.55556, 6.66487, 8]},
			"faces": {
				"north": {"uv": [14, 8, 15.25, 9.25], "rotation": 180, "texture": "#1"},
				"east": {"uv": [14, 8, 15.25, 9.25], "rotation": 270, "texture": "#1"},
				"south": {"uv": [14, 8, 15.25, 9.25], "texture": "#1"},
				"west": {"uv": [14, 8, 15.25, 9.25], "rotation": 90, "texture": "#1"},
				"up": {"uv": [14, 8, 15.25, 9.25], "rotation": 180, "texture": "#1"},
				"down": {"uv": [14, 8, 15.25, 9.25], "texture": "#1"}
			}
		},
		{
			"from": [8.03262, 6.85072, 7.50968],
			"to": [8.05323, 7.05484, 7.53889],
			"faces": {
				"north": {"uv": [14, 8, 15.25, 9.25], "rotation": 180, "texture": "#1"},
				"east": {"uv": [14, 8, 15.25, 9.25], "rotation": 270, "texture": "#1"},
				"south": {"uv": [14, 8, 15.25, 9.25], "texture": "#1"},
				"west": {"uv": [14, 8, 15.25, 9.25], "rotation": 90, "texture": "#1"},
				"up": {"uv": [14, 8, 15.25, 9.25], "rotation": 180, "texture": "#1"},
				"down": {"uv": [14, 8, 15.25, 9.25], "texture": "#1"}
			}
		},
		{
			"from": [8.03262, 7.0233, 7.51828],
			"to": [8.05323, 7.05251, 7.69946],
			"faces": {
				"north": {"uv": [14, 8, 15.25, 9.25], "texture": "#1"},
				"east": {"uv": [14, 8, 15.25, 9.25], "texture": "#1"},
				"south": {"uv": [14, 8, 15.25, 9.25], "texture": "#1"},
				"west": {"uv": [14, 8, 15.25, 9.25], "texture": "#1"},
				"up": {"uv": [14, 8, 15.25, 9.25], "texture": "#1"},
				"down": {"uv": [14, 8, 15.25, 9.25], "texture": "#1"}
			}
		},
		{
			"from": [8.03262, 6.85072, 7.6803],
			"to": [8.05323, 7.05484, 7.70951],
			"faces": {
				"north": {"uv": [14, 8, 15.25, 9.25], "rotation": 180, "texture": "#1"},
				"east": {"uv": [14, 8, 15.25, 9.25], "rotation": 270, "texture": "#1"},
				"south": {"uv": [14, 8, 15.25, 9.25], "texture": "#1"},
				"west": {"uv": [14, 8, 15.25, 9.25], "rotation": 90, "texture": "#1"},
				"up": {"uv": [14, 8, 15.25, 9.25], "rotation": 180, "texture": "#1"},
				"down": {"uv": [14, 8, 15.25, 9.25], "texture": "#1"}
			}
		},
		{
			"from": [8.03262, 6.56846, 7.78495],
			"to": [8.05323, 6.97903, 7.81416],
			"rotation": {"angle": -22.5, "axis": "x", "origin": [7.55556, 6.66487, 8]},
			"faces": {
				"north": {"uv": [14, 8, 15.25, 9.25], "rotation": 180, "texture": "#1"},
				"east": {"uv": [14, 8, 15.25, 9.25], "rotation": 270, "texture": "#1"},
				"south": {"uv": [14, 8, 15.25, 9.25], "texture": "#1"},
				"west": {"uv": [14, 8, 15.25, 9.25], "rotation": 90, "texture": "#1"},
				"up": {"uv": [14, 8, 15.25, 9.25], "rotation": 180, "texture": "#1"},
				"down": {"uv": [14, 8, 15.25, 9.25], "texture": "#1"}
			}
		},
		{
			"from": [8.03262, 5.79552, 7.83082],
			"to": [8.05323, 6.5043, 7.86004],
			"faces": {
				"north": {"uv": [14, 8, 15.25, 9.25], "rotation": 180, "texture": "#1"},
				"east": {"uv": [14, 8, 15.25, 9.25], "rotation": 270, "texture": "#1"},
				"south": {"uv": [14, 8, 15.25, 9.25], "texture": "#1"},
				"west": {"uv": [14, 8, 15.25, 9.25], "rotation": 90, "texture": "#1"},
				"up": {"uv": [14, 8, 15.25, 9.25], "rotation": 180, "texture": "#1"},
				"down": {"uv": [14, 8, 15.25, 9.25], "texture": "#1"}
			}
		},
		{
			"from": [8.03262, 5.54319, 7.80789],
			"to": [8.05323, 5.88495, 7.8371],
			"faces": {
				"north": {"uv": [14, 8, 15.25, 9.25], "rotation": 180, "texture": "#1"},
				"east": {"uv": [14, 8, 15.25, 9.25], "rotation": 270, "texture": "#1"},
				"south": {"uv": [14, 8, 15.25, 9.25], "texture": "#1"},
				"west": {"uv": [14, 8, 15.25, 9.25], "rotation": 90, "texture": "#1"},
				"up": {"uv": [14, 8, 15.25, 9.25], "rotation": 180, "texture": "#1"},
				"down": {"uv": [14, 8, 15.25, 9.25], "texture": "#1"}
			}
		},
		{
			"from": [8.03262, 5.3138, 7.83082],
			"to": [8.05323, 5.65556, 7.86004],
			"faces": {
				"north": {"uv": [14, 8, 15.25, 9.25], "rotation": 180, "texture": "#1"},
				"east": {"uv": [14, 8, 15.25, 9.25], "rotation": 270, "texture": "#1"},
				"south": {"uv": [14, 8, 15.25, 9.25], "texture": "#1"},
				"west": {"uv": [14, 8, 15.25, 9.25], "rotation": 90, "texture": "#1"},
				"up": {"uv": [14, 8, 15.25, 9.25], "rotation": 180, "texture": "#1"},
				"down": {"uv": [14, 8, 15.25, 9.25], "texture": "#1"}
			}
		},
		{
			"from": [8.03262, 4.7862, 7.85376],
			"to": [8.05323, 5.35735, 7.88297],
			"faces": {
				"north": {"uv": [14, 8, 15.25, 9.25], "rotation": 180, "texture": "#1"},
				"east": {"uv": [14, 8, 15.25, 9.25], "rotation": 270, "texture": "#1"},
				"south": {"uv": [14, 8, 15.25, 9.25], "texture": "#1"},
				"west": {"uv": [14, 8, 15.25, 9.25], "rotation": 90, "texture": "#1"},
				"up": {"uv": [14, 8, 15.25, 9.25], "rotation": 180, "texture": "#1"},
				"down": {"uv": [14, 8, 15.25, 9.25], "texture": "#1"}
			}
		},
		{
			"from": [8.13584, 5.55753, 7.5595],
			"to": [8.38011, 5.67849, 8.10771],
			"faces": {
				"north": {"uv": [12, 10, 13.25, 11.25], "texture": "#2"},
				"east": {"uv": [12, 10, 13.25, 11.25], "texture": "#2"},
				"south": {"uv": [12, 10, 13.25, 11.25], "texture": "#2"},
				"west": {"uv": [12, 10, 13.25, 11.25], "texture": "#2"},
				"up": {"uv": [12, 10, 13.25, 11.25], "texture": "#2"},
				"down": {"uv": [12, 10, 13.25, 11.25], "texture": "#2"}
			}
		},
		{
			"from": [8.20179, 5.94516, 6.39427],
			"to": [8.36004, 5.99731, 6.73602],
			"rotation": {"angle": -22.5, "axis": "x", "origin": [8, 6.59606, 8]},
			"faces": {
				"north": {"uv": [12, 9, 13.25, 10.25], "texture": "#2"},
				"east": {"uv": [12, 9, 13.25, 10.25], "texture": "#2"},
				"south": {"uv": [12, 9, 13.25, 10.25], "texture": "#2"},
				"west": {"uv": [12, 9, 13.25, 10.25], "texture": "#2"},
				"up": {"uv": [12, 9, 13.25, 10.25], "texture": "#2"},
				"down": {"uv": [12, 9, 13.25, 10.25], "texture": "#2"}
			}
		},
		{
			"from": [8.20179, 6.61039, 5.95842],
			"to": [8.36004, 6.66254, 6.30018],
			"rotation": {"angle": -45, "axis": "x", "origin": [8, 6.66487, 8]},
			"faces": {
				"north": {"uv": [12, 9, 13.25, 10.25], "texture": "#2"},
				"east": {"uv": [12, 9, 13.25, 10.25], "texture": "#2"},
				"south": {"uv": [12, 9, 13.25, 10.25], "texture": "#2"},
				"west": {"uv": [12, 9, 13.25, 10.25], "texture": "#2"},
				"up": {"uv": [12, 9, 13.25, 10.25], "texture": "#2"},
				"down": {"uv": [12, 9, 13.25, 10.25], "texture": "#2"}
			}
		},
		{
			"from": [8.27061, 4.46272, 7.15358],
			"to": [8.29122, 4.80448, 7.1828],
			"rotation": {"angle": 22.5, "axis": "x", "origin": [8, 6.66487, 8]},
			"faces": {
				"north": {"uv": [14, 8, 15.25, 9.25], "rotation": 180, "texture": "#2"},
				"east": {"uv": [14, 8, 15.25, 9.25], "rotation": 90, "texture": "#2"},
				"south": {"uv": [14, 8, 15.25, 9.25], "texture": "#2"},
				"west": {"uv": [14, 8, 15.25, 9.25], "rotation": 270, "texture": "#2"},
				"up": {"uv": [14, 8, 15.25, 9.25], "texture": "#2"},
				"down": {"uv": [14, 8, 15.25, 9.25], "rotation": 180, "texture": "#2"}
			}
		},
		{
			"from": [8.08996, 4.21272, 7.11398],
			"to": [8.42599, 4.85036, 7.22867],
			"rotation": {"angle": 22.5, "axis": "x", "origin": [8, 6.66487, 8]},
			"faces": {
				"north": {"uv": [12, 6, 13.25, 7.25], "rotation": 90, "texture": "#2"},
				"east": {"uv": [12, 6, 13.25, 7.25], "rotation": 90, "texture": "#2"},
				"south": {"uv": [12, 6, 13.25, 7.25], "rotation": 90, "texture": "#2"},
				"west": {"uv": [12, 6, 13.25, 7.25], "rotation": 90, "texture": "#2"},
				"up": {"uv": [12, 6, 13.25, 7.25], "rotation": 90, "texture": "#2"},
				"down": {"uv": [12, 6, 13.25, 7.25], "rotation": 90, "texture": "#2"}
			}
		},
		{
			"from": [8.20179, 5.51165, 7.0595],
			"to": [8.36004, 5.5638, 7.40125],
			"faces": {
				"north": {"uv": [12, 9, 13.25, 10.25], "texture": "#2"},
				"east": {"uv": [12, 9, 13.25, 10.25], "texture": "#2"},
				"south": {"uv": [12, 9, 13.25, 10.25], "texture": "#2"},
				"west": {"uv": [12, 9, 13.25, 10.25], "texture": "#2"},
				"up": {"uv": [12, 9, 13.25, 10.25], "texture": "#2"},
				"down": {"uv": [12, 9, 13.25, 10.25], "texture": "#2"}
			}
		},
		{
			"from": [8.08996, 5.99104, 6.39427],
			"to": [8.42599, 6.11201, 6.7819],
			"rotation": {"angle": -22.5, "axis": "x", "origin": [8, 6.59606, 8]},
			"faces": {
				"north": {"uv": [12, 9, 13.25, 10.25], "texture": "#2"},
				"east": {"uv": [12, 9, 13.25, 10.25], "texture": "#2"},
				"south": {"uv": [12, 9, 13.25, 10.25], "texture": "#2"},
				"west": {"uv": [12, 9, 13.25, 10.25], "texture": "#2"},
				"up": {"uv": [12, 9, 13.25, 10.25], "texture": "#2"},
				"down": {"uv": [12, 9, 13.25, 10.25], "texture": "#2"}
			}
		},
		{
			"from": [8.13584, 5.21111, 7.24301],
			"to": [8.38011, 5.35502, 7.65358],
			"rotation": {"angle": -45, "axis": "x", "origin": [8, 6.66487, 8]},
			"faces": {
				"north": {"uv": [12, 9, 13.25, 10.25], "texture": "#2"},
				"east": {"uv": [12, 9, 13.25, 10.25], "texture": "#2"},
				"south": {"uv": [12, 9, 13.25, 10.25], "texture": "#2"},
				"west": {"uv": [12, 9, 13.25, 10.25], "texture": "#2"},
				"up": {"uv": [12, 9, 13.25, 10.25], "texture": "#2"},
				"down": {"uv": [12, 9, 13.25, 10.25], "texture": "#2"}
			}
		},
		{
			"from": [8.20179, 4.16685, 7.2224],
			"to": [8.36004, 4.80448, 7.27455],
			"rotation": {"angle": 22.5, "axis": "x", "origin": [8, 6.66487, 8]},
			"faces": {
				"north": {"uv": [12, 9, 13.25, 10.25], "rotation": 90, "texture": "#2"},
				"east": {"uv": [12, 9, 13.25, 10.25], "rotation": 90, "texture": "#2"},
				"south": {"uv": [12, 9, 13.25, 10.25], "rotation": 90, "texture": "#2"},
				"west": {"uv": [12, 9, 13.25, 10.25], "rotation": 90, "texture": "#2"},
				"up": {"uv": [12, 9, 13.25, 10.25], "rotation": 90, "texture": "#2"},
				"down": {"uv": [12, 9, 13.25, 10.25], "rotation": 90, "texture": "#2"}
			}
		},
		{
			"from": [8.08943, 5.66989, 6.97007],
			"to": [8.43118, 5.92849, 7.40591],
			"faces": {
				"north": {"uv": [14, 8, 15.25, 9.25], "texture": "#0"},
				"east": {"uv": [14, 8, 15.25, 9.25], "texture": "#0"},
				"south": {"uv": [14, 8, 15.25, 9.25], "texture": "#0"},
				"west": {"uv": [14, 8, 15.25, 9.25], "texture": "#0"},
				"up": {"uv": [14, 8, 15.25, 9.25], "texture": "#0"},
				"down": {"uv": [14, 8, 15.25, 9.25], "texture": "#0"}
			}
		},
		{
			"from": [8.08943, 6.10573, 6.42186],
			"to": [8.43118, 6.27258, 6.85538],
			"rotation": {"angle": -22.5, "axis": "x", "origin": [8, 6.66487, 8]},
			"faces": {
				"north": {"uv": [14, 8, 15.25, 9.25], "texture": "#0"},
				"east": {"uv": [14, 8, 15.25, 9.25], "texture": "#0"},
				"south": {"uv": [14, 8, 15.25, 9.25], "texture": "#0"},
				"west": {"uv": [14, 8, 15.25, 9.25], "texture": "#0"},
				"up": {"uv": [14, 8, 15.25, 9.25], "texture": "#0"},
				"down": {"uv": [14, 8, 15.25, 9.25], "texture": "#0"}
			}
		},
		{
			"from": [8.08943, 6.74803, 5.94014],
			"to": [8.43118, 6.93781, 6.46541],
			"rotation": {"angle": -45, "axis": "x", "origin": [8, 6.66487, 8]},
			"faces": {
				"north": {"uv": [14, 8, 15.25, 9.25], "texture": "#0"},
				"east": {"uv": [14, 8, 15.25, 9.25], "texture": "#0"},
				"south": {"uv": [14, 8, 15.25, 9.25], "texture": "#0"},
				"west": {"uv": [14, 8, 15.25, 9.25], "texture": "#0"},
				"up": {"uv": [14, 8, 15.25, 9.25], "texture": "#0"},
				"down": {"uv": [14, 8, 15.25, 9.25], "texture": "#0"}
			}
		},
		{
			"from": [8.08943, 4.37563, 6.90125],
			"to": [8.43118, 4.9009, 7.15986],
			"rotation": {"angle": 22.5, "axis": "x", "origin": [8, 6.66487, 8]},
			"faces": {
				"north": {"uv": [14, 8, 15.25, 9.25], "rotation": 180, "texture": "#0"},
				"east": {"uv": [14, 8, 15.25, 9.25], "rotation": 90, "texture": "#0"},
				"south": {"uv": [14, 8, 15.25, 9.25], "texture": "#0"},
				"west": {"uv": [14, 8, 15.25, 9.25], "rotation": 270, "texture": "#0"},
				"up": {"uv": [14, 8, 15.25, 9.25], "texture": "#0"},
				"down": {"uv": [14, 8, 15.25, 9.25], "rotation": 180, "texture": "#0"}
			}
		},
		{
			"from": [8.08943, 6.10573, 6.42186],
			"to": [8.43118, 6.37723, 6.76362],
			"rotation": {"angle": -22.5, "axis": "x", "origin": [8, 6.66487, 8]},
			"faces": {
				"north": {"uv": [14, 8, 15.25, 9.25], "texture": "#0"},
				"east": {"uv": [14, 8, 15.25, 9.25], "texture": "#0"},
				"south": {"uv": [14, 8, 15.25, 9.25], "texture": "#0"},
				"west": {"uv": [14, 8, 15.25, 9.25], "texture": "#0"},
				"up": {"uv": [14, 8, 15.25, 9.25], "texture": "#0"},
				"down": {"uv": [14, 8, 15.25, 9.25], "texture": "#0"}
			}
		},
		{
			"from": [8.08943, 6.88566, 5.94014],
			"to": [8.43118, 7.00663, 6.41953],
			"rotation": {"angle": -45, "axis": "x", "origin": [8, 6.66487, 8]},
			"faces": {
				"north": {"uv": [14, 8, 15.25, 9.25], "texture": "#0"},
				"east": {"uv": [14, 8, 15.25, 9.25], "texture": "#0"},
				"south": {"uv": [14, 8, 15.25, 9.25], "texture": "#0"},
				"west": {"uv": [14, 8, 15.25, 9.25], "texture": "#0"},
				"up": {"uv": [14, 8, 15.25, 9.25], "texture": "#0"},
				"down": {"uv": [14, 8, 15.25, 9.25], "texture": "#0"}
			}
		},
		{
			"from": [8.08943, 4.19211, 6.99301],
			"to": [8.43118, 4.87796, 7.15986],
			"rotation": {"angle": 22.5, "axis": "x", "origin": [8, 6.66487, 8]},
			"faces": {
				"north": {"uv": [14, 8, 15.25, 9.25], "rotation": 180, "texture": "#0"},
				"east": {"uv": [14, 8, 15.25, 9.25], "rotation": 90, "texture": "#0"},
				"south": {"uv": [14, 8, 15.25, 9.25], "texture": "#0"},
				"west": {"uv": [14, 8, 15.25, 9.25], "rotation": 270, "texture": "#0"},
				"up": {"uv": [14, 8, 15.25, 9.25], "texture": "#0"},
				"down": {"uv": [14, 8, 15.25, 9.25], "rotation": 180, "texture": "#0"}
			}
		},
		{
			"from": [8.08943, 4.6509, 6.09839],
			"to": [8.43118, 4.96971, 6.36703],
			"faces": {
				"north": {"uv": [14, 8, 15.25, 9.25], "rotation": 180, "texture": "#0"},
				"east": {"uv": [14, 8, 15.25, 9.25], "rotation": 90, "texture": "#0"},
				"south": {"uv": [14, 8, 15.25, 9.25], "texture": "#0"},
				"west": {"uv": [14, 8, 15.25, 9.25], "rotation": 270, "texture": "#0"},
				"up": {"uv": [14, 8, 15.25, 9.25], "texture": "#0"},
				"down": {"uv": [14, 8, 15.25, 9.25], "rotation": 180, "texture": "#0"}
			}
		},
		{
			"from": [8.20466, 4.57545, 5.91434],
			"to": [8.31129, 4.76093, 6.36935],
			"faces": {
				"north": {"uv": [12, 10, 13.25, 11.25], "texture": "#2"},
				"east": {"uv": [12, 10, 13.25, 11.25], "texture": "#2"},
				"south": {"uv": [12, 10, 13.25, 11.25], "texture": "#2"},
				"west": {"uv": [12, 10, 13.25, 11.25], "texture": "#2"},
				"up": {"uv": [12, 10, 13.25, 11.25], "texture": "#2"},
				"down": {"uv": [12, 10, 13.25, 11.25], "texture": "#2"}
			}
		},
		{
			"from": [8.20466, 3.92885, 6.65824],
			"to": [8.31129, 3.981, 6.86237],
			"rotation": {"angle": 22.5, "axis": "x", "origin": [8, 6.59606, 8]},
			"faces": {
				"north": {"uv": [12, 10, 13.25, 11.25], "texture": "#2"},
				"east": {"uv": [12, 10, 13.25, 11.25], "texture": "#2"},
				"south": {"uv": [12, 10, 13.25, 11.25], "texture": "#2"},
				"west": {"uv": [12, 10, 13.25, 11.25], "texture": "#2"},
				"up": {"uv": [12, 10, 13.25, 11.25], "texture": "#2"},
				"down": {"uv": [12, 10, 13.25, 11.25], "texture": "#2"}
			}
		},
		{
			"from": [8.20466, 5.64928, 5.19014],
			"to": [8.31129, 5.70143, 5.37133],
			"rotation": {"angle": -22.5, "axis": "x", "origin": [8, 6.59606, 8]},
			"faces": {
				"north": {"uv": [12, 10, 13.25, 11.25], "texture": "#2"},
				"east": {"uv": [12, 10, 13.25, 11.25], "texture": "#2"},
				"south": {"uv": [12, 10, 13.25, 11.25], "texture": "#2"},
				"west": {"uv": [12, 10, 13.25, 11.25], "texture": "#2"},
				"up": {"uv": [12, 10, 13.25, 11.25], "texture": "#2"},
				"down": {"uv": [12, 10, 13.25, 11.25], "texture": "#2"}
			}
		},
		{
			"from": [8.20466, 4.62133, 5.79964],
			"to": [8.31129, 4.71505, 6.02527],
			"faces": {
				"north": {"uv": [12, 10, 13.25, 11.25], "texture": "#2"},
				"east": {"uv": [12, 10, 13.25, 11.25], "texture": "#2"},
				"south": {"uv": [12, 10, 13.25, 11.25], "texture": "#2"},
				"west": {"uv": [12, 10, 13.25, 11.25], "texture": "#2"},
				"up": {"uv": [12, 10, 13.25, 11.25], "texture": "#2"},
				"down": {"uv": [12, 10, 13.25, 11.25], "texture": "#2"}
			}
		},
		{
			"from": [8.20466, 4.64427, 5.73082],
			"to": [8.31129, 4.69211, 6.02527],
			"faces": {
				"north": {"uv": [12, 10, 13.25, 11.25], "texture": "#2"},
				"east": {"uv": [12, 10, 13.25, 11.25], "texture": "#2"},
				"south": {"uv": [12, 10, 13.25, 11.25], "texture": "#2"},
				"west": {"uv": [12, 10, 13.25, 11.25], "texture": "#2"},
				"up": {"uv": [12, 10, 13.25, 11.25], "texture": "#2"},
				"down": {"uv": [12, 10, 13.25, 11.25], "texture": "#2"}
			}
		},
		{
			"from": [8.18172, 4.64427, 5.84552],
			"to": [8.33423, 4.69211, 6.18584],
			"faces": {
				"north": {"uv": [12, 10, 13.25, 11.25], "texture": "#2"},
				"east": {"uv": [12, 10, 13.25, 11.25], "texture": "#2"},
				"south": {"uv": [12, 10, 13.25, 11.25], "texture": "#2"},
				"west": {"uv": [12, 10, 13.25, 11.25], "texture": "#2"},
				"up": {"uv": [12, 10, 13.25, 11.25], "texture": "#2"},
				"down": {"uv": [12, 10, 13.25, 11.25], "texture": "#2"}
			}
		},
		{
			"from": [8.08943, 5.45376, 6.39659],
			"to": [8.43118, 5.77258, 6.67814],
			"faces": {
				"north": {"uv": [14, 8, 15.25, 9.25], "rotation": 180, "texture": "#0"},
				"east": {"uv": [14, 8, 15.25, 9.25], "rotation": 90, "texture": "#0"},
				"south": {"uv": [14, 8, 15.25, 9.25], "texture": "#0"},
				"west": {"uv": [14, 8, 15.25, 9.25], "rotation": 270, "texture": "#0"},
				"up": {"uv": [14, 8, 15.25, 9.25], "texture": "#0"},
				"down": {"uv": [14, 8, 15.25, 9.25], "rotation": 180, "texture": "#0"}
			}
		},
		{
			"from": [8.13584, 6.28925, 6.39427],
			"to": [8.38011, 6.46905, 6.80484],
			"rotation": {"angle": -22.5, "axis": "x", "origin": [8, 6.59606, 8]},
			"faces": {
				"north": {"uv": [12, 9, 13.25, 10.25], "texture": "#2"},
				"east": {"uv": [12, 9, 13.25, 10.25], "texture": "#2"},
				"south": {"uv": [12, 9, 13.25, 10.25], "texture": "#2"},
				"west": {"uv": [12, 9, 13.25, 10.25], "texture": "#2"},
				"up": {"uv": [12, 9, 13.25, 10.25], "texture": "#2"},
				"down": {"uv": [12, 9, 13.25, 10.25], "texture": "#2"}
			}
		},
		{
			"from": [8.13584, 7.00036, 5.95842],
			"to": [8.38011, 7.12133, 6.41487],
			"rotation": {"angle": -45, "axis": "x", "origin": [8, 6.66487, 8]},
			"faces": {
				"north": {"uv": [12, 9, 13.25, 10.25], "texture": "#2"},
				"east": {"uv": [12, 9, 13.25, 10.25], "texture": "#2"},
				"south": {"uv": [12, 9, 13.25, 10.25], "texture": "#2"},
				"west": {"uv": [12, 9, 13.25, 10.25], "texture": "#2"},
				"up": {"uv": [12, 9, 13.25, 10.25], "texture": "#2"},
				"down": {"uv": [12, 9, 13.25, 10.25], "texture": "#2"}
			}
		},
		{
			"from": [8.13584, 4.48799, 6.8],
			"to": [8.38011, 4.96505, 6.96707],
			"rotation": {"angle": 22.5, "axis": "x", "origin": [8, 6.66487, 8]},
			"faces": {
				"north": {"uv": [12, 6, 13.25, 7.25], "rotation": 90, "texture": "#2"},
				"east": {"uv": [12, 6, 13.25, 7.25], "rotation": 90, "texture": "#2"},
				"south": {"uv": [12, 6, 13.25, 7.25], "rotation": 90, "texture": "#2"},
				"west": {"uv": [12, 6, 13.25, 7.25], "rotation": 90, "texture": "#2"},
				"up": {"uv": [12, 6, 13.25, 7.25], "rotation": 90, "texture": "#2"},
				"down": {"uv": [12, 6, 13.25, 7.25], "rotation": 90, "texture": "#2"}
			}
		},
		{
			"from": [8.13584, 4.76326, 6.05878],
			"to": [8.38011, 5.12563, 6.22585],
			"faces": {
				"north": {"uv": [12, 6, 13.25, 7.25], "rotation": 90, "texture": "#2"},
				"east": {"uv": [12, 6, 13.25, 7.25], "rotation": 90, "texture": "#2"},
				"south": {"uv": [12, 6, 13.25, 7.25], "rotation": 90, "texture": "#2"},
				"west": {"uv": [12, 6, 13.25, 7.25], "rotation": 90, "texture": "#2"},
				"up": {"uv": [12, 6, 13.25, 7.25], "rotation": 90, "texture": "#2"},
				"down": {"uv": [12, 6, 13.25, 7.25], "rotation": 90, "texture": "#2"}
			}
		},
		{
			"from": [8.13584, 5.55753, 6.34839],
			"to": [8.38011, 5.81613, 6.55251],
			"faces": {
				"north": {"uv": [12, 10, 13.25, 11.25], "texture": "#2"},
				"east": {"uv": [12, 10, 13.25, 11.25], "texture": "#2"},
				"south": {"uv": [12, 10, 13.25, 11.25], "texture": "#2"},
				"west": {"uv": [12, 10, 13.25, 11.25], "texture": "#2"},
				"up": {"uv": [12, 10, 13.25, 11.25], "texture": "#2"},
				"down": {"uv": [12, 10, 13.25, 11.25], "texture": "#2"}
			}
		},
		{
			"from": [8.13584, 6.71272, 7.18082],
			"to": [8.38011, 15.53961, 8.01313],
			"faces": {
				"north": {"uv": [12, 6, 13.25, 7.25], "rotation": 90, "texture": "#2"},
				"east": {"uv": [12, 6, 13.25, 7.25], "rotation": 90, "texture": "#2"},
				"south": {"uv": [12, 6, 13.25, 7.25], "rotation": 90, "texture": "#2"},
				"west": {"uv": [12, 6, 13.25, 7.25], "rotation": 90, "texture": "#2"},
				"up": {"uv": [12, 6, 13.25, 7.25], "rotation": 90, "texture": "#2"},
				"down": {"uv": [12, 6, 13.25, 7.25], "rotation": 90, "texture": "#2"}
			}
		},
		{
			"from": [8.20466, 4.51093, 6.73],
			"to": [8.31129, 4.98799, 6.89707],
			"rotation": {"angle": 22.5, "axis": "x", "origin": [8, 6.68781, 7.93118]},
			"faces": {
				"north": {"uv": [12, 6, 13.25, 7.25], "rotation": 90, "texture": "#2"},
				"east": {"uv": [12, 6, 13.25, 7.25], "rotation": 90, "texture": "#2"},
				"south": {"uv": [12, 6, 13.25, 7.25], "rotation": 90, "texture": "#2"},
				"west": {"uv": [12, 6, 13.25, 7.25], "rotation": 90, "texture": "#2"},
				"up": {"uv": [12, 6, 13.25, 7.25], "rotation": 90, "texture": "#2"},
				"down": {"uv": [12, 6, 13.25, 7.25], "rotation": 90, "texture": "#2"}
			}
		},
		{
			"from": [8.20466, 5.58047, 6.27957],
			"to": [8.31129, 5.86201, 6.52957],
			"faces": {
				"north": {"uv": [12, 10, 13.25, 11.25], "texture": "#2"},
				"east": {"uv": [12, 10, 13.25, 11.25], "texture": "#2"},
				"south": {"uv": [12, 10, 13.25, 11.25], "texture": "#2"},
				"west": {"uv": [12, 10, 13.25, 11.25], "texture": "#2"},
				"up": {"uv": [12, 10, 13.25, 11.25], "texture": "#2"},
				"down": {"uv": [12, 10, 13.25, 11.25], "texture": "#2"}
			}
		},
		{
			"from": [8.20466, 7.0233, 5.88961],
			"to": [8.31129, 7.14427, 6.34606],
			"rotation": {"angle": -45, "axis": "x", "origin": [8, 6.68781, 7.93118]},
			"faces": {
				"north": {"uv": [12, 9, 13.25, 10.25], "texture": "#2"},
				"east": {"uv": [12, 9, 13.25, 10.25], "texture": "#2"},
				"south": {"uv": [12, 9, 13.25, 10.25], "texture": "#2"},
				"west": {"uv": [12, 9, 13.25, 10.25], "texture": "#2"},
				"up": {"uv": [12, 9, 13.25, 10.25], "texture": "#2"},
				"down": {"uv": [12, 9, 13.25, 10.25], "texture": "#2"}
			}
		},
		{
			"from": [8.20466, 6.31219, 6.32545],
			"to": [8.31129, 6.49199, 6.73602],
			"rotation": {"angle": -22.5, "axis": "x", "origin": [8, 6.619, 7.93118]},
			"faces": {
				"north": {"uv": [12, 9, 13.25, 10.25], "texture": "#2"},
				"east": {"uv": [12, 9, 13.25, 10.25], "texture": "#2"},
				"south": {"uv": [12, 9, 13.25, 10.25], "texture": "#2"},
				"west": {"uv": [12, 9, 13.25, 10.25], "texture": "#2"},
				"up": {"uv": [12, 9, 13.25, 10.25], "texture": "#2"},
				"down": {"uv": [12, 9, 13.25, 10.25], "texture": "#2"}
			}
		},
		{
			"from": [8.08943, 6.10573, 6.37599],
			"to": [8.43118, 6.37723, 6.76362],
			"rotation": {"angle": -22.5, "axis": "x", "origin": [8, 6.66487, 8]},
			"faces": {
				"north": {"uv": [14, 8, 15.25, 9.25], "texture": "#0"},
				"east": {"uv": [14, 8, 15.25, 9.25], "texture": "#0"},
				"south": {"uv": [14, 8, 15.25, 9.25], "texture": "#0"},
				"west": {"uv": [14, 8, 15.25, 9.25], "texture": "#0"},
				"up": {"uv": [14, 8, 15.25, 9.25], "texture": "#0"},
				"down": {"uv": [14, 8, 15.25, 9.25], "texture": "#0"}
			}
		},
		{
			"from": [8.08943, 5.57814, 7.3371],
			"to": [8.43118, 7.19014, 7.70412],
			"rotation": {"angle": 22.5, "axis": "x", "origin": [8, 6.66487, 8]},
			"faces": {
				"north": {"uv": [14, 8, 15.25, 9.25], "texture": "#0"},
				"east": {"uv": [14, 8, 15.25, 9.25], "texture": "#0"},
				"south": {"uv": [14, 8, 15.25, 9.25], "texture": "#0"},
				"west": {"uv": [14, 8, 15.25, 9.25], "texture": "#0"},
				"up": {"uv": [14, 8, 15.25, 9.25], "texture": "#0"},
				"down": {"uv": [14, 8, 15.25, 9.25], "texture": "#0"}
			}
		},
		{
			"from": [8.13584, 5.55215, 7.23118],
			"to": [8.38011, 6.80914, 7.46707],
			"rotation": {"angle": 22.5, "axis": "x", "origin": [8, 6.66487, 8]},
			"faces": {
				"north": {"uv": [12, 6, 13.25, 7.25], "rotation": 90, "texture": "#2"},
				"east": {"uv": [12, 6, 13.25, 7.25], "rotation": 90, "texture": "#2"},
				"south": {"uv": [12, 6, 13.25, 7.25], "rotation": 90, "texture": "#2"},
				"west": {"uv": [12, 6, 13.25, 7.25], "rotation": 90, "texture": "#2"},
				"up": {"uv": [12, 6, 13.25, 7.25], "rotation": 90, "texture": "#2"},
				"down": {"uv": [12, 6, 13.25, 7.25], "rotation": 90, "texture": "#2"}
			}
		},
		{
			"from": [8.20466, 4.7862, 5.98996],
			"to": [8.31129, 5.14857, 6.15704],
			"faces": {
				"north": {"uv": [12, 6, 13.25, 7.25], "rotation": 90, "texture": "#2"},
				"east": {"uv": [12, 6, 13.25, 7.25], "rotation": 90, "texture": "#2"},
				"south": {"uv": [12, 6, 13.25, 7.25], "rotation": 90, "texture": "#2"},
				"west": {"uv": [12, 6, 13.25, 7.25], "rotation": 90, "texture": "#2"},
				"up": {"uv": [12, 6, 13.25, 7.25], "rotation": 90, "texture": "#2"},
				"down": {"uv": [12, 6, 13.25, 7.25], "rotation": 90, "texture": "#2"}
			}
		},
		{
			"from": [8.08943, 6.01165, 7.54355],
			"to": [8.43118, 7.57778, 8.04821],
			"rotation": {"angle": -22.5, "axis": "x", "origin": [8, 6.66487, 8.75]},
			"faces": {
				"north": {"uv": [14, 8, 15.25, 9.25], "texture": "#0"},
				"east": {"uv": [14, 8, 15.25, 9.25], "texture": "#0"},
				"south": {"uv": [14, 8, 15.25, 9.25], "texture": "#0"},
				"west": {"uv": [14, 8, 15.25, 9.25], "texture": "#0"},
				"up": {"uv": [14, 8, 15.25, 9.25], "texture": "#0"},
				"down": {"uv": [14, 8, 15.25, 9.25], "texture": "#0"}
			}
		},
		{
			"from": [8.08943, 14.68262, 3.89498],
			"to": [8.43118, 15.21649, 4.14731],
			"rotation": {"angle": 22.5, "axis": "x", "origin": [8, 6.66487, 8]},
			"faces": {
				"north": {"uv": [14, 8, 15.25, 9.25], "texture": "#0"},
				"east": {"uv": [14, 8, 15.25, 9.25], "texture": "#0"},
				"south": {"uv": [14, 8, 15.25, 9.25], "texture": "#0"},
				"west": {"uv": [14, 8, 15.25, 9.25], "texture": "#0"},
				"up": {"uv": [14, 8, 15.25, 9.25], "texture": "#0"},
				"down": {"uv": [14, 8, 15.25, 9.25], "texture": "#0"}
			}
		},
		{
			"from": [8.08943, 5.82814, 7.26828],
			"to": [8.43118, 15.65233, 7.91057],
			"faces": {
				"north": {"uv": [14, 8, 15.25, 9.25], "texture": "#0"},
				"east": {"uv": [14, 8, 15.25, 9.25], "texture": "#0"},
				"south": {"uv": [14, 8, 15.25, 9.25], "texture": "#0"},
				"west": {"uv": [14, 8, 15.25, 9.25], "texture": "#0"},
				"up": {"uv": [14, 8, 15.25, 9.25], "texture": "#0"},
				"down": {"uv": [14, 8, 15.25, 9.25], "texture": "#0"}
			}
		},
		{
			"from": [8.08943, 14.95789, 11.0948],
			"to": [8.43118, 15.53763, 11.34713],
			"rotation": {"angle": -22.5, "axis": "x", "origin": [8, 6.66487, 8]},
			"faces": {
				"north": {"uv": [14, 8, 15.25, 9.25], "texture": "#0"},
				"east": {"uv": [14, 8, 15.25, 9.25], "texture": "#0"},
				"south": {"uv": [14, 8, 15.25, 9.25], "texture": "#0"},
				"west": {"uv": [14, 8, 15.25, 9.25], "texture": "#0"},
				"up": {"uv": [14, 8, 15.25, 9.25], "texture": "#0"},
				"down": {"uv": [14, 8, 15.25, 9.25], "texture": "#0"}
			}
		},
		{
			"from": [8.08943, 15.53136, 7.47043],
			"to": [8.43118, 16.13405, 7.69982],
			"faces": {
				"north": {"uv": [14, 8, 15.25, 9.25], "texture": "#0"},
				"east": {"uv": [14, 8, 15.25, 9.25], "texture": "#0"},
				"south": {"uv": [14, 8, 15.25, 9.25], "texture": "#0"},
				"west": {"uv": [14, 8, 15.25, 9.25], "texture": "#0"},
				"up": {"uv": [14, 8, 15.25, 9.25], "texture": "#0"},
				"down": {"uv": [14, 8, 15.25, 9.25], "texture": "#0"}
			}
		},
		{
			"from": [8.13584, 14.58082, 3.75627],
			"to": [8.38011, 15.28728, 4.1298],
			"rotation": {"angle": 22.5, "axis": "x", "origin": [8, 6.68781, 7.93118]},
			"faces": {
				"north": {"uv": [12, 6, 13.25, 7.25], "rotation": 90, "texture": "#2"},
				"east": {"uv": [12, 6, 13.25, 7.25], "rotation": 90, "texture": "#2"},
				"south": {"uv": [12, 6, 13.25, 7.25], "rotation": 90, "texture": "#2"},
				"west": {"uv": [12, 6, 13.25, 7.25], "rotation": 90, "texture": "#2"},
				"up": {"uv": [12, 6, 13.25, 7.25], "rotation": 90, "texture": "#2"},
				"down": {"uv": [12, 6, 13.25, 7.25], "rotation": 90, "texture": "#2"}
			}
		},
		{
			"from": [8.13584, 14.83315, 11.23441],
			"to": [8.38011, 15.53961, 11.49324],
			"rotation": {"angle": -22.5, "axis": "x", "origin": [8, 6.68781, 7.93118]},
			"faces": {
				"north": {"uv": [12, 6, 13.25, 7.25], "rotation": 90, "texture": "#2"},
				"east": {"uv": [12, 6, 13.25, 7.25], "rotation": 90, "texture": "#2"},
				"south": {"uv": [12, 6, 13.25, 7.25], "rotation": 90, "texture": "#2"},
				"west": {"uv": [12, 6, 13.25, 7.25], "rotation": 90, "texture": "#2"},
				"up": {"uv": [12, 6, 13.25, 7.25], "rotation": 90, "texture": "#2"},
				"down": {"uv": [12, 6, 13.25, 7.25], "rotation": 90, "texture": "#2"}
			}
		},
		{
			"from": [8.13584, 12.90627, 7.36434],
			"to": [8.38011, 16.25072, 7.82962],
			"faces": {
				"north": {"uv": [12, 6, 13.25, 7.25], "rotation": 90, "texture": "#2"},
				"east": {"uv": [12, 6, 13.25, 7.25], "rotation": 90, "texture": "#2"},
				"south": {"uv": [12, 6, 13.25, 7.25], "rotation": 90, "texture": "#2"},
				"west": {"uv": [12, 6, 13.25, 7.25], "rotation": 90, "texture": "#2"},
				"up": {"uv": [12, 6, 13.25, 7.25], "rotation": 90, "texture": "#2"},
				"down": {"uv": [12, 6, 13.25, 7.25], "rotation": 90, "texture": "#2"}
			}
		},
		{
			"from": [8.08943, 5.62401, 7.97007],
			"to": [8.43118, 5.99731, 8.68118],
			"rotation": {"angle": 22.5, "axis": "x", "origin": [8, 6.66487, 8]},
			"faces": {
				"north": {"uv": [14, 8, 15.25, 9.25], "texture": "#0"},
				"east": {"uv": [14, 8, 15.25, 9.25], "texture": "#0"},
				"south": {"uv": [14, 8, 15.25, 9.25], "texture": "#0"},
				"west": {"uv": [14, 8, 15.25, 9.25], "texture": "#0"},
				"up": {"uv": [14, 8, 15.25, 9.25], "texture": "#0"},
				"down": {"uv": [14, 8, 15.25, 9.25], "texture": "#0"}
			}
		},
		{
			"from": [8.08943, 5.45376, 8.25466],
			"to": [8.43118, 5.91022, 8.6509],
			"faces": {
				"north": {"uv": [14, 8, 15.25, 9.25], "rotation": 180, "texture": "#0"},
				"east": {"uv": [14, 8, 15.25, 9.25], "rotation": 90, "texture": "#0"},
				"south": {"uv": [14, 8, 15.25, 9.25], "texture": "#0"},
				"west": {"uv": [14, 8, 15.25, 9.25], "rotation": 270, "texture": "#0"},
				"up": {"uv": [14, 8, 15.25, 9.25], "texture": "#0"},
				"down": {"uv": [14, 8, 15.25, 9.25], "rotation": 180, "texture": "#0"}
			}
		},
		{
			"from": [8.08943, 5.95842, 9.01165],
			"to": [8.43118, 6.30018, 9.36201],
			"rotation": {"angle": 45, "axis": "x", "origin": [8, 6.66487, 8]},
			"faces": {
				"north": {"uv": [14, 8, 15.25, 9.25], "rotation": 180, "texture": "#0"},
				"east": {"uv": [14, 8, 15.25, 9.25], "rotation": 90, "texture": "#0"},
				"south": {"uv": [14, 8, 15.25, 9.25], "texture": "#0"},
				"west": {"uv": [14, 8, 15.25, 9.25], "rotation": 270, "texture": "#0"},
				"up": {"uv": [14, 8, 15.25, 9.25], "texture": "#0"},
				"down": {"uv": [14, 8, 15.25, 9.25], "rotation": 180, "texture": "#0"}
			}
		},
		{
			"from": [8.08943, 5.95842, 8.75932],
			"to": [8.43118, 6.32312, 9.20143],
			"rotation": {"angle": 45, "axis": "x", "origin": [8, 6.66487, 8]},
			"faces": {
				"north": {"uv": [14, 8, 15.25, 9.25], "rotation": 180, "texture": "#0"},
				"east": {"uv": [14, 8, 15.25, 9.25], "rotation": 90, "texture": "#0"},
				"south": {"uv": [14, 8, 15.25, 9.25], "texture": "#0"},
				"west": {"uv": [14, 8, 15.25, 9.25], "rotation": 270, "texture": "#0"},
				"up": {"uv": [14, 8, 15.25, 9.25], "texture": "#0"},
				"down": {"uv": [14, 8, 15.25, 9.25], "rotation": 180, "texture": "#0"}
			}
		},
		{
			"from": [8.08996, 5.55753, 7.0595],
			"to": [8.42599, 5.67849, 7.40125],
			"faces": {
				"north": {"uv": [12, 10, 13.25, 11.25], "texture": "#2"},
				"east": {"uv": [12, 10, 13.25, 11.25], "texture": "#2"},
				"south": {"uv": [12, 10, 13.25, 11.25], "texture": "#2"},
				"west": {"uv": [12, 10, 13.25, 11.25], "texture": "#2"},
				"up": {"uv": [12, 10, 13.25, 11.25], "texture": "#2"},
				"down": {"uv": [12, 10, 13.25, 11.25], "texture": "#2"}
			}
		},
		{
			"from": [8.08996, 6.65627, 5.95842],
			"to": [8.42599, 6.77724, 6.369],
			"rotation": {"angle": -45, "axis": "x", "origin": [8, 6.66487, 8]},
			"faces": {
				"north": {"uv": [12, 9, 13.25, 10.25], "texture": "#2"},
				"east": {"uv": [12, 9, 13.25, 10.25], "texture": "#2"},
				"south": {"uv": [12, 9, 13.25, 10.25], "texture": "#2"},
				"west": {"uv": [12, 9, 13.25, 10.25], "texture": "#2"},
				"up": {"uv": [12, 9, 13.25, 10.25], "texture": "#2"},
				"down": {"uv": [12, 9, 13.25, 10.25], "texture": "#2"}
			}
		},
		{
			"from": [8.13584, 5.87634, 9.03226],
			"to": [8.38011, 5.99731, 9.44283],
			"rotation": {"angle": 45, "axis": "x", "origin": [8, 6.66487, 8]},
			"faces": {
				"north": {"uv": [12, 9, 13.25, 10.25], "texture": "#2"},
				"east": {"uv": [12, 9, 13.25, 10.25], "texture": "#2"},
				"south": {"uv": [12, 9, 13.25, 10.25], "texture": "#2"},
				"west": {"uv": [12, 9, 13.25, 10.25], "texture": "#2"},
				"up": {"uv": [12, 9, 13.25, 10.25], "texture": "#2"},
				"down": {"uv": [12, 9, 13.25, 10.25], "texture": "#2"}
			}
		},
		{
			"from": [8.13584, 5.26165, 8.33244],
			"to": [8.38011, 5.38262, 8.74301],
			"rotation": {"angle": 22.5, "axis": "x", "origin": [8, 6.66487, 8.75]},
			"faces": {
				"north": {"uv": [12, 9, 13.25, 10.25], "texture": "#2"},
				"east": {"uv": [12, 9, 13.25, 10.25], "texture": "#2"},
				"south": {"uv": [12, 9, 13.25, 10.25], "texture": "#2"},
				"west": {"uv": [12, 9, 13.25, 10.25], "texture": "#2"},
				"up": {"uv": [12, 9, 13.25, 10.25], "texture": "#2"},
				"down": {"uv": [12, 9, 13.25, 10.25], "texture": "#2"}
			}
		},
		{
			"from": [8.13584, 5.44283, 8.23369],
			"to": [8.38011, 5.93082, 8.71308],
			"faces": {
				"north": {"uv": [12, 10, 13.25, 11.25], "texture": "#2"},
				"east": {"uv": [12, 10, 13.25, 11.25], "texture": "#2"},
				"south": {"uv": [12, 10, 13.25, 11.25], "texture": "#2"},
				"west": {"uv": [12, 10, 13.25, 11.25], "texture": "#2"},
				"up": {"uv": [12, 10, 13.25, 11.25], "texture": "#2"},
				"down": {"uv": [12, 10, 13.25, 11.25], "texture": "#2"}
			}
		},
		{
			"from": [8.13584, 5.55215, 7.8276],
			"to": [8.38011, 6.80914, 8.06349],
			"rotation": {"angle": -22.5, "axis": "x", "origin": [8, 6.66487, 8]},
			"faces": {
				"north": {"uv": [12, 6, 13.25, 7.25], "rotation": 90, "texture": "#2"},
				"east": {"uv": [12, 6, 13.25, 7.25], "rotation": 90, "texture": "#2"},
				"south": {"uv": [12, 6, 13.25, 7.25], "rotation": 90, "texture": "#2"},
				"west": {"uv": [12, 6, 13.25, 7.25], "rotation": 90, "texture": "#2"},
				"up": {"uv": [12, 6, 13.25, 7.25], "rotation": 90, "texture": "#2"},
				"down": {"uv": [12, 6, 13.25, 7.25], "rotation": 90, "texture": "#2"}
			}
		},
		{
			"from": [8.20466, 5.41989, 8.30018],
			"to": [8.31129, 5.9767, 8.77957],
			"faces": {
				"north": {"uv": [12, 10, 13.25, 11.25], "texture": "#2"},
				"east": {"uv": [12, 10, 13.25, 11.25], "texture": "#2"},
				"south": {"uv": [12, 10, 13.25, 11.25], "texture": "#2"},
				"west": {"uv": [12, 10, 13.25, 11.25], "texture": "#2"},
				"up": {"uv": [12, 10, 13.25, 11.25], "texture": "#2"},
				"down": {"uv": [12, 10, 13.25, 11.25], "texture": "#2"}
			}
		},
		{
			"from": [8.20466, 5.8328, 8.85072],
			"to": [8.31129, 6.45842, 9.46774],
			"rotation": {"angle": 45, "axis": "x", "origin": [8, 6.619, 7.93118]},
			"faces": {
				"north": {"uv": [12, 10, 13.25, 11.25], "texture": "#2"},
				"east": {"uv": [12, 10, 13.25, 11.25], "texture": "#2"},
				"south": {"uv": [12, 10, 13.25, 11.25], "texture": "#2"},
				"west": {"uv": [12, 10, 13.25, 11.25], "texture": "#2"},
				"up": {"uv": [12, 10, 13.25, 11.25], "texture": "#2"},
				"down": {"uv": [12, 10, 13.25, 11.25], "texture": "#2"}
			}
		},
		{
			"from": [8.20466, 5.16989, 8.33244],
			"to": [8.31129, 5.38262, 8.74301],
			"rotation": {"angle": 22.5, "axis": "x", "origin": [8, 6.66487, 8.75]},
			"faces": {
				"north": {"uv": [12, 9, 13.25, 10.25], "texture": "#2"},
				"east": {"uv": [12, 9, 13.25, 10.25], "texture": "#2"},
				"south": {"uv": [12, 9, 13.25, 10.25], "texture": "#2"},
				"west": {"uv": [12, 9, 13.25, 10.25], "texture": "#2"},
				"up": {"uv": [12, 9, 13.25, 10.25], "texture": "#2"},
				"down": {"uv": [12, 9, 13.25, 10.25], "texture": "#2"}
			}
		},
		{
			"from": [8.18172, 5.55215, 7.16237],
			"to": [8.31129, 6.80914, 7.46707],
			"rotation": {"angle": 22.5, "axis": "x", "origin": [8, 6.66487, 8]},
			"faces": {
				"north": {"uv": [12, 6, 13.25, 7.25], "rotation": 90, "texture": "#2"},
				"east": {"uv": [12, 6, 13.25, 7.25], "rotation": 90, "texture": "#2"},
				"south": {"uv": [12, 6, 13.25, 7.25], "rotation": 90, "texture": "#2"},
				"west": {"uv": [12, 6, 13.25, 7.25], "rotation": 90, "texture": "#2"},
				"up": {"uv": [12, 6, 13.25, 7.25], "rotation": 90, "texture": "#2"},
				"down": {"uv": [12, 6, 13.25, 7.25], "rotation": 90, "texture": "#2"}
			}
		},
		{
			"from": [8.18172, 5.68978, 7.82061],
			"to": [8.31129, 6.94677, 8.12532],
			"rotation": {"angle": -22.5, "axis": "x", "origin": [8, 6.66487, 8]},
			"faces": {
				"north": {"uv": [12, 6, 13.25, 7.25], "rotation": 90, "texture": "#2"},
				"east": {"uv": [12, 6, 13.25, 7.25], "rotation": 90, "texture": "#2"},
				"south": {"uv": [12, 6, 13.25, 7.25], "rotation": 90, "texture": "#2"},
				"west": {"uv": [12, 6, 13.25, 7.25], "rotation": 90, "texture": "#2"},
				"up": {"uv": [12, 6, 13.25, 7.25], "rotation": 90, "texture": "#2"},
				"down": {"uv": [12, 6, 13.25, 7.25], "rotation": 90, "texture": "#2"}
			}
		},
		{
			"from": [8.04409, 6.41452, 8.09839],
			"to": [8.19659, 15.58548, 8.25093],
			"rotation": {"angle": 45, "axis": "y", "origin": [8, 6.68781, 7.93118]},
			"faces": {
				"north": {"uv": [12, 6, 13.25, 7.25], "rotation": 90, "texture": "#2"},
				"east": {"uv": [12, 6, 13.25, 7.25], "rotation": 90, "texture": "#2"},
				"south": {"uv": [12, 6, 13.25, 7.25], "rotation": 90, "texture": "#2"},
				"west": {"uv": [12, 6, 13.25, 7.25], "rotation": 90, "texture": "#2"},
				"up": {"uv": [12, 6, 13.25, 7.25], "rotation": 90, "texture": "#2"},
				"down": {"uv": [12, 6, 13.25, 7.25], "rotation": 90, "texture": "#2"}
			}
		},
		{
			"from": [8.6405, 6.48333, 7.50197],
			"to": [8.79301, 15.58548, 7.65451],
			"rotation": {"angle": 45, "axis": "y", "origin": [8, 6.68781, 7.93118]},
			"faces": {
				"north": {"uv": [12, 6, 13.25, 7.25], "rotation": 90, "texture": "#2"},
				"east": {"uv": [12, 6, 13.25, 7.25], "rotation": 90, "texture": "#2"},
				"south": {"uv": [12, 6, 13.25, 7.25], "rotation": 90, "texture": "#2"},
				"west": {"uv": [12, 6, 13.25, 7.25], "rotation": 90, "texture": "#2"},
				"up": {"uv": [12, 6, 13.25, 7.25], "rotation": 90, "texture": "#2"},
				"down": {"uv": [12, 6, 13.25, 7.25], "rotation": 90, "texture": "#2"}
			}
		},
		{
			"from": [8.06649, 0.43118, 7.26595],
			"to": [8.47706, 0.73566, 7.95179],
			"faces": {
				"north": {"uv": [14, 8, 15.25, 9.25], "texture": "#0"},
				"east": {"uv": [14, 8, 15.25, 9.25], "texture": "#0"},
				"south": {"uv": [14, 8, 15.25, 9.25], "texture": "#0"},
				"west": {"uv": [14, 8, 15.25, 9.25], "texture": "#0"},
				"up": {"uv": [14, 8, 15.25, 9.25], "texture": "#0"},
				"down": {"uv": [14, 8, 15.25, 9.25], "texture": "#0"}
			}
		},
		{
			"from": [8.18118, 0.43118, 7.74767],
			"to": [8.84176, 0.73566, 8.08943],
			"rotation": {"angle": 45, "axis": "y", "origin": [8, 8.5, 8]},
			"faces": {
				"north": {"uv": [14, 8, 15.25, 9.25], "texture": "#0"},
				"east": {"uv": [14, 8, 15.25, 9.25], "texture": "#0"},
				"south": {"uv": [14, 8, 15.25, 9.25], "texture": "#0"},
				"west": {"uv": [14, 8, 15.25, 9.25], "texture": "#0"},
				"up": {"uv": [14, 8, 15.25, 9.25], "texture": "#0"},
				"down": {"uv": [14, 8, 15.25, 9.25], "texture": "#0"}
			}
		},
		{
			"from": [8.25233, 0.43118, 7.54821],
			"to": [8.6629, 0.73566, 8.25466],
			"rotation": {"angle": 45, "axis": "y", "origin": [8, 8.5, 8]},
			"faces": {
				"north": {"uv": [14, 8, 15.25, 9.25], "rotation": 270, "texture": "#0"},
				"east": {"uv": [14, 8, 15.25, 9.25], "rotation": 270, "texture": "#0"},
				"south": {"uv": [14, 8, 15.25, 9.25], "rotation": 270, "texture": "#0"},
				"west": {"uv": [14, 8, 15.25, 9.25], "rotation": 270, "texture": "#0"},
				"up": {"uv": [14, 8, 15.25, 9.25], "rotation": 270, "texture": "#0"},
				"down": {"uv": [14, 8, 15.25, 9.25], "rotation": 270, "texture": "#0"}
			}
		},
		{
			"from": [8.08943, 0.43118, 7.72473],
			"to": [8.59176, 0.73566, 8.08943],
			"rotation": {"angle": 45, "axis": "y", "origin": [8, 8.5, 8]},
			"faces": {
				"north": {"uv": [14, 8, 15.25, 9.25], "texture": "#0"},
				"east": {"uv": [14, 8, 15.25, 9.25], "texture": "#0"},
				"south": {"uv": [14, 8, 15.25, 9.25], "texture": "#0"},
				"west": {"uv": [14, 8, 15.25, 9.25], "texture": "#0"},
				"up": {"uv": [14, 8, 15.25, 9.25], "texture": "#0"},
				"down": {"uv": [14, 8, 15.25, 9.25], "texture": "#0"}
			}
		},
		{
			"from": [7.86004, 0.43118, 7.42652],
			"to": [8.63763, 0.73566, 7.76828],
			"faces": {
				"north": {"uv": [14, 8, 15.25, 9.25], "texture": "#0"},
				"east": {"uv": [14, 8, 15.25, 9.25], "texture": "#0"},
				"south": {"uv": [14, 8, 15.25, 9.25], "texture": "#0"},
				"west": {"uv": [14, 8, 15.25, 9.25], "texture": "#0"},
				"up": {"uv": [14, 8, 15.25, 9.25], "texture": "#0"},
				"down": {"uv": [14, 8, 15.25, 9.25], "texture": "#0"}
			}
		},
		{
			"from": [8.06649, 3.98674, 7.26595],
			"to": [8.47706, 4.29122, 7.95179],
			"faces": {
				"north": {"uv": [14, 8, 15.25, 9.25], "texture": "#1"},
				"east": {"uv": [14, 8, 15.25, 9.25], "texture": "#1"},
				"south": {"uv": [14, 8, 15.25, 9.25], "texture": "#1"},
				"west": {"uv": [14, 8, 15.25, 9.25], "texture": "#1"},
				"up": {"uv": [14, 8, 15.25, 9.25], "texture": "#1"},
				"down": {"uv": [14, 8, 15.25, 9.25], "texture": "#1"}
			}
		},
		{
			"from": [8.18118, 3.98674, 7.74767],
			"to": [8.84176, 4.29122, 8.08943],
			"rotation": {"angle": 45, "axis": "y", "origin": [8, 12.05556, 8]},
			"faces": {
				"north": {"uv": [14, 8, 15.25, 9.25], "texture": "#1"},
				"east": {"uv": [14, 8, 15.25, 9.25], "texture": "#1"},
				"south": {"uv": [14, 8, 15.25, 9.25], "texture": "#1"},
				"west": {"uv": [14, 8, 15.25, 9.25], "texture": "#1"},
				"up": {"uv": [14, 8, 15.25, 9.25], "texture": "#1"},
				"down": {"uv": [14, 8, 15.25, 9.25], "texture": "#1"}
			}
		},
		{
			"from": [8.25233, 3.98674, 7.54821],
			"to": [8.6629, 4.29122, 8.25466],
			"rotation": {"angle": 45, "axis": "y", "origin": [8, 12.05556, 8]},
			"faces": {
				"north": {"uv": [14, 8, 15.25, 9.25], "rotation": 270, "texture": "#1"},
				"east": {"uv": [14, 8, 15.25, 9.25], "rotation": 270, "texture": "#1"},
				"south": {"uv": [14, 8, 15.25, 9.25], "rotation": 270, "texture": "#1"},
				"west": {"uv": [14, 8, 15.25, 9.25], "rotation": 270, "texture": "#1"},
				"up": {"uv": [14, 8, 15.25, 9.25], "rotation": 270, "texture": "#1"},
				"down": {"uv": [14, 8, 15.25, 9.25], "rotation": 270, "texture": "#1"}
			}
		},
		{
			"from": [8.08943, 3.98674, 7.72473],
			"to": [8.59176, 4.29122, 8.08943],
			"rotation": {"angle": 45, "axis": "y", "origin": [8, 12.05556, 8]},
			"faces": {
				"north": {"uv": [14, 8, 15.25, 9.25], "texture": "#1"},
				"east": {"uv": [14, 8, 15.25, 9.25], "texture": "#1"},
				"south": {"uv": [14, 8, 15.25, 9.25], "texture": "#1"},
				"west": {"uv": [14, 8, 15.25, 9.25], "texture": "#1"},
				"up": {"uv": [14, 8, 15.25, 9.25], "texture": "#1"},
				"down": {"uv": [14, 8, 15.25, 9.25], "texture": "#1"}
			}
		},
		{
			"from": [7.86004, 3.98674, 7.42652],
			"to": [8.63763, 4.29122, 7.76828],
			"faces": {
				"north": {"uv": [14, 8, 15.25, 9.25], "texture": "#1"},
				"east": {"uv": [14, 8, 15.25, 9.25], "texture": "#1"},
				"south": {"uv": [14, 8, 15.25, 9.25], "texture": "#1"},
				"west": {"uv": [14, 8, 15.25, 9.25], "texture": "#1"},
				"up": {"uv": [14, 8, 15.25, 9.25], "texture": "#1"},
				"down": {"uv": [14, 8, 15.25, 9.25], "texture": "#1"}
			}
		},
		{
			"from": [8.32115, 0.5, 7.56541],
			"to": [8.57115, 4.51165, 8.18011],
			"rotation": {"angle": 45, "axis": "y", "origin": [8, 8.5, 7.97133]},
			"faces": {
				"north": {"uv": [14, 8, 15.25, 9.25], "rotation": 270, "texture": "#0"},
				"east": {"uv": [14, 8, 15.25, 9.25], "rotation": 270, "texture": "#0"},
				"south": {"uv": [14, 8, 15.25, 9.25], "rotation": 270, "texture": "#0"},
				"west": {"uv": [14, 8, 15.25, 9.25], "rotation": 270, "texture": "#0"},
				"up": {"uv": [14, 8, 15.25, 9.25], "rotation": 270, "texture": "#0"},
				"down": {"uv": [14, 8, 15.25, 9.25], "rotation": 270, "texture": "#0"}
			}
		},
		{
			"from": [8.15824, 0.5, 7.74194],
			"to": [8.5, 4.51165, 8.01487],
			"rotation": {"angle": 45, "axis": "y", "origin": [8, 8.5, 7.97133]},
			"faces": {
				"north": {"uv": [14, 8, 15.25, 9.25], "texture": "#0"},
				"east": {"uv": [14, 8, 15.25, 9.25], "texture": "#0"},
				"south": {"uv": [14, 8, 15.25, 9.25], "texture": "#0"},
				"west": {"uv": [14, 8, 15.25, 9.25], "texture": "#0"},
				"up": {"uv": [14, 8, 15.25, 9.25], "texture": "#0"},
				"down": {"uv": [14, 8, 15.25, 9.25], "texture": "#0"}
			}
		},
		{
			"from": [7.92885, 0.5, 7.44373],
			"to": [8.54588, 4.51165, 7.69373],
			"faces": {
				"north": {"uv": [14, 8, 15.25, 9.25], "texture": "#0"},
				"east": {"uv": [14, 8, 15.25, 9.25], "texture": "#0"},
				"south": {"uv": [14, 8, 15.25, 9.25], "texture": "#0"},
				"west": {"uv": [14, 8, 15.25, 9.25], "texture": "#0"},
				"up": {"uv": [14, 8, 15.25, 9.25], "texture": "#0"},
				"down": {"uv": [14, 8, 15.25, 9.25], "texture": "#0"}
			}
		},
		{
			"from": [8.1353, 0.5, 7.28315],
			"to": [8.3853, 4.51165, 7.87724],
			"faces": {
				"north": {"uv": [14, 8, 15.25, 9.25], "texture": "#0"},
				"east": {"uv": [14, 8, 15.25, 9.25], "texture": "#0"},
				"south": {"uv": [14, 8, 15.25, 9.25], "texture": "#0"},
				"west": {"uv": [14, 8, 15.25, 9.25], "texture": "#0"},
				"up": {"uv": [14, 8, 15.25, 9.25], "texture": "#0"},
				"down": {"uv": [14, 8, 15.25, 9.25], "texture": "#0"}
			}
		}
	],
	"display": {
		"thirdperson_righthand": {
			"translation": [-1, 6.5, 1.5],
			"scale": [1.5, 1.5, 1.5]
		},
		"firstperson_righthand": {
			"translation": [3, 4.5, 0],
			"scale": [1.5, 1.5, 1.5]
		},
		"firstperson_lefthand": {
			"translation": [3, 4.5, 0],
			"scale": [1.5, 1.5, 1.5]
		},
		"ground": {
			"rotation": [45, 90, 90],
			"translation": [0, 3.5, 0],
			"scale": [1.6, 1.6, 1.6]
		},
		"gui": {
			"rotation": [90, 135, -90],
			"scale": [1.2, 1.2, 1.2]
		},
		"head": {
			"rotation": [90, 52, 90],
			"translation": [1.5, -14, 3],
			"scale": [1.8, 1.8, 1.8]
		},
		"fixed": {
			"rotation": [90, 24, 90],
			"translation": [-1.5, -1.5, -1]
		}
	},
	"groups": [
		{
			"name": "group",
			"origin": [8, 8, 8],
			"children": [0, 1, 2, 3, 4, 5, 6, 7, 8, 9, 10, 11, 12, 13, 14, 15, 16, 17, 18, 19, 20, 21, 22, 23, 24, 25, 26, 27, 28, 29, 30, 31, 32, 33, 34, 35, 36, 37, 38, 39, 40, 41, 42, 43, 44, 45, 46, 47, 48, 49, 50, 51, 52, 53, 54, 55, 56, 57, 58, 59, 60, 61, 62, 63, 64, 65, 66, 67, 68, 69, 70, 71, 72, 73, 74, 75, 76, 77, 78, 79, 80, 81, 82, 83, 84, 85, 86, 87, 88, 89, 90, 91, 92, 93, 94, 95, 96, 97, 98, 99, 100, 101, 102, 103, 104, 105, 106, 107, 108, 109, 110, 111, 112, 113, 114, 115, 116, 117, 118, 119, 120, 121, 122, 123, 124, 125, 126, 127, 128, 129, 130, 131, 132, 133, 134, 135, 136, 137]
		},
		{
			"name": "group",
			"origin": [8, 8, 8],
			"children": [138, 139, 140, 141, 142]
		},
		{
			"name": "group",
			"origin": [8, 8, 8],
			"children": [143, 144, 145, 146, 147]
		},
		{
			"name": "group",
			"origin": [8, 8, 8],
			"children": [148, 149, 150, 151]
		}
	]
}