{
	"credit": "Made with Blockbench",
	"textures": {
		"0": "block/cyan_concrete_powder",
		"1": "block/light_blue_concrete",
		"2": "block/beacon",
		"3": "block/light_blue_concrete",
		"4": "block/chain_command_block_back",
		"particle": "block/cyan_concrete_powder"
	},
	"elements": [
		{
			"from": [8.32115, 0.5, 7.56541],
			"to": [8.57115, 4.51165, 8.18011],
			"rotation": {"angle": 45, "axis": "y", "origin": [8, 8.5, 7.97133]},
			"faces": {
				"north": {"uv": [14, 8, 15.25, 9.25], "rotation": 270, "texture": "#0"},
				"east": {"uv": [14, 8, 15.25, 9.25], "rotation": 270, "texture": "#0"},
				"south": {"uv": [14, 8, 15.25, 9.25], "rotation": 270, "texture": "#0"},
				"west": {"uv": [14, 8, 15.25, 9.25], "rotation": 270, "texture": "#0"},
				"up": {"uv": [14, 8, 15.25, 9.25], "rotation": 270, "texture": "#0"},
				"down": {"uv": [14, 8, 15.25, 9.25], "rotation": 270, "texture": "#0"}
			}
		},
		{
			"from": [8.15824, 0.5, 7.74194],
			"to": [8.75233, 4.51165, 8.01487],
			"rotation": {"angle": 45, "axis": "y", "origin": [8, 8.5, 7.97133]},
			"faces": {
				"north": {"uv": [14, 8, 15.25, 9.25], "texture": "#0"},
				"east": {"uv": [14, 8, 15.25, 9.25], "texture": "#0"},
				"south": {"uv": [14, 8, 15.25, 9.25], "texture": "#0"},
				"west": {"uv": [14, 8, 15.25, 9.25], "texture": "#0"},
				"up": {"uv": [14, 8, 15.25, 9.25], "texture": "#0"},
				"down": {"uv": [14, 8, 15.25, 9.25], "texture": "#0"}
			}
		},
		{
			"from": [7.92885, 0.5, 7.44373],
			"to": [8.54588, 4.51165, 7.69373],
			"faces": {
				"north": {"uv": [14, 8, 15.25, 9.25], "texture": "#0"},
				"east": {"uv": [14, 8, 15.25, 9.25], "texture": "#0"},
				"south": {"uv": [14, 8, 15.25, 9.25], "texture": "#0"},
				"west": {"uv": [14, 8, 15.25, 9.25], "texture": "#0"},
				"up": {"uv": [14, 8, 15.25, 9.25], "texture": "#0"},
				"down": {"uv": [14, 8, 15.25, 9.25], "texture": "#0"}
			}
		},
		{
			"from": [8.1353, 0.5, 7.28315],
			"to": [8.3853, 4.51165, 7.87724],
			"faces": {
				"north": {"uv": [14, 8, 15.25, 9.25], "texture": "#0"},
				"east": {"uv": [14, 8, 15.25, 9.25], "texture": "#0"},
				"south": {"uv": [14, 8, 15.25, 9.25], "texture": "#0"},
				"west": {"uv": [14, 8, 15.25, 9.25], "texture": "#0"},
				"up": {"uv": [14, 8, 15.25, 9.25], "texture": "#0"},
				"down": {"uv": [14, 8, 15.25, 9.25], "texture": "#0"}
			}
		},
		{
			"from": [8.1353, 0.6147, 7.26021],
			"to": [8.3853, 2.58477, 7.90018],
			"faces": {
				"north": {"uv": [14, 8, 15.25, 9.25], "texture": "#1"},
				"east": {"uv": [14, 8, 15.25, 9.25], "texture": "#1"},
				"south": {"uv": [14, 8, 15.25, 9.25], "texture": "#1"},
				"west": {"uv": [14, 8, 15.25, 9.25], "texture": "#1"},
				"up": {"uv": [14, 8, 15.25, 9.25], "texture": "#1"},
				"down": {"uv": [14, 8, 15.25, 9.25], "texture": "#1"}
			}
		},
		{
			"from": [2.7905, 2.33513, 7.42078],
			"to": [2.85698, 2.49301, 7.71667],
			"rotation": {"angle": 45, "axis": "z", "origin": [8, 8, 8]},
			"faces": {
				"north": {"uv": [14, 8, 15.25, 9.25], "texture": "#1"},
				"east": {"uv": [14, 8, 15.25, 9.25], "texture": "#1"},
				"south": {"uv": [14, 8, 15.25, 9.25], "texture": "#1"},
				"west": {"uv": [14, 8, 15.25, 9.25], "texture": "#1"},
				"up": {"uv": [14, 8, 15.25, 9.25], "texture": "#1"},
				"down": {"uv": [14, 8, 15.25, 9.25], "texture": "#1"}
			}
		},
		{
			"from": [13.45107, 2.65627, 7.42078],
			"to": [13.51756, 2.86272, 7.71667],
			"rotation": {"angle": -45, "axis": "z", "origin": [8, 8, 8]},
			"faces": {
				"north": {"uv": [14, 8, 15.25, 9.25], "texture": "#1"},
				"east": {"uv": [14, 8, 15.25, 9.25], "rotation": 180, "texture": "#1"},
				"south": {"uv": [14, 8, 15.25, 9.25], "texture": "#1"},
				"west": {"uv": [14, 8, 15.25, 9.25], "rotation": 180, "texture": "#1"},
				"up": {"uv": [14, 8, 15.25, 9.25], "rotation": 180, "texture": "#1"},
				"down": {"uv": [14, 8, 15.25, 9.25], "rotation": 180, "texture": "#1"}
			}
		},
		{
			"from": [8.32115, 0.5, 7.56541],
			"to": [8.57115, 0.95609, 8.18011],
			"rotation": {"angle": 45, "axis": "y", "origin": [8, 8.5, 7.97133]},
			"faces": {
				"north": {"uv": [14, 8, 15.25, 9.25], "rotation": 270, "texture": "#0"},
				"east": {"uv": [14, 8, 15.25, 9.25], "rotation": 270, "texture": "#0"},
				"south": {"uv": [14, 8, 15.25, 9.25], "rotation": 270, "texture": "#0"},
				"west": {"uv": [14, 8, 15.25, 9.25], "rotation": 270, "texture": "#0"},
				"up": {"uv": [14, 8, 15.25, 9.25], "rotation": 270, "texture": "#0"},
				"down": {"uv": [14, 8, 15.25, 9.25], "rotation": 270, "texture": "#0"}
			}
		},
		{
			"from": [8.15824, 0.5, 7.74194],
			"to": [8.75233, 0.95609, 8.01487],
			"rotation": {"angle": 45, "axis": "y", "origin": [8, 8.5, 7.97133]},
			"faces": {
				"north": {"uv": [14, 8, 15.25, 9.25], "texture": "#0"},
				"east": {"uv": [14, 8, 15.25, 9.25], "texture": "#0"},
				"south": {"uv": [14, 8, 15.25, 9.25], "texture": "#0"},
				"west": {"uv": [14, 8, 15.25, 9.25], "texture": "#0"},
				"up": {"uv": [14, 8, 15.25, 9.25], "texture": "#0"},
				"down": {"uv": [14, 8, 15.25, 9.25], "texture": "#0"}
			}
		},
		{
			"from": [10.59373, 0.95304, 7.44373],
			"to": [11.16452, 1.57007, 7.69373],
			"rotation": {"angle": -22.5, "axis": "z", "origin": [8, 8, 8]},
			"faces": {
				"north": {"uv": [8, 8, 9.25, 9.25], "rotation": 270, "texture": "#0"},
				"east": {"uv": [8, 8, 9.25, 9.25], "rotation": 270, "texture": "#0"},
				"south": {"uv": [8, 8, 9.25, 9.25], "rotation": 270, "texture": "#0"},
				"west": {"uv": [8, 8, 9.25, 9.25], "rotation": 270, "texture": "#0"},
				"up": {"uv": [8, 8, 9.25, 9.25], "rotation": 270, "texture": "#0"},
				"down": {"uv": [8, 8, 9.25, 9.25], "rotation": 270, "texture": "#0"}
			}
		},
		{
			"from": [8.1353, 0.5, 7.28315],
			"to": [8.3853, 0.95609, 7.87724],
			"faces": {
				"north": {"uv": [14, 8, 15.25, 9.25], "texture": "#0"},
				"east": {"uv": [14, 8, 15.25, 9.25], "texture": "#0"},
				"south": {"uv": [14, 8, 15.25, 9.25], "texture": "#0"},
				"west": {"uv": [14, 8, 15.25, 9.25], "texture": "#0"},
				"up": {"uv": [14, 8, 15.25, 9.25], "texture": "#0"},
				"down": {"uv": [14, 8, 15.25, 9.25], "texture": "#0"}
			}
		},
		{
			"from": [5.24892, 0.79247, 7.44373],
			"to": [5.84265, 1.36362, 7.69373],
			"rotation": {"angle": 22.5, "axis": "z", "origin": [8, 8, 8]},
			"faces": {
				"north": {"uv": [7, 9, 8.25, 10.25], "rotation": 270, "texture": "#0"},
				"east": {"uv": [7, 9, 8.25, 10.25], "rotation": 270, "texture": "#0"},
				"south": {"uv": [7, 9, 8.25, 10.25], "rotation": 270, "texture": "#0"},
				"west": {"uv": [7, 9, 8.25, 10.25], "rotation": 270, "texture": "#0"},
				"up": {"uv": [7, 9, 8.25, 10.25], "rotation": 270, "texture": "#0"},
				"down": {"uv": [7, 9, 8.25, 10.25], "rotation": 270, "texture": "#0"}
			}
		},
		{
			"from": [8.25233, 4.33244, 7.49659],
			"to": [8.63997, 4.60502, 8.22599],
			"rotation": {"angle": 45, "axis": "y", "origin": [8, 12.33244, 7.97133]},
			"faces": {
				"north": {"uv": [14, 8, 15.25, 9.25], "rotation": 270, "texture": "#0"},
				"east": {"uv": [14, 8, 15.25, 9.25], "rotation": 270, "texture": "#0"},
				"south": {"uv": [14, 8, 15.25, 9.25], "rotation": 270, "texture": "#0"},
				"west": {"uv": [14, 8, 15.25, 9.25], "rotation": 270, "texture": "#0"},
				"up": {"uv": [14, 8, 15.25, 9.25], "rotation": 270, "texture": "#0"},
				"down": {"uv": [14, 8, 15.25, 9.25], "rotation": 270, "texture": "#0"}
			}
		},
		{
			"from": [8.08942, 4.33244, 7.67312],
			"to": [8.82115, 4.60502, 8.06075],
			"rotation": {"angle": 45, "axis": "y", "origin": [8, 12.33244, 7.97133]},
			"faces": {
				"north": {"uv": [14, 8, 15.25, 9.25], "texture": "#0"},
				"east": {"uv": [14, 8, 15.25, 9.25], "texture": "#0"},
				"south": {"uv": [14, 8, 15.25, 9.25], "texture": "#0"},
				"west": {"uv": [14, 8, 15.25, 9.25], "texture": "#0"},
				"up": {"uv": [14, 8, 15.25, 9.25], "texture": "#0"},
				"down": {"uv": [14, 8, 15.25, 9.25], "texture": "#0"}
			}
		},
		{
			"from": [7.86003, 4.33244, 7.37491],
			"to": [8.6147, 4.60502, 7.73961],
			"faces": {
				"north": {"uv": [14, 8, 15.25, 9.25], "texture": "#0"},
				"east": {"uv": [14, 8, 15.25, 9.25], "texture": "#0"},
				"south": {"uv": [14, 8, 15.25, 9.25], "texture": "#0"},
				"west": {"uv": [14, 8, 15.25, 9.25], "texture": "#0"},
				"up": {"uv": [14, 8, 15.25, 9.25], "texture": "#0"},
				"down": {"uv": [14, 8, 15.25, 9.25], "texture": "#0"}
			}
		},
		{
			"from": [8.06648, 4.33244, 7.21433],
			"to": [8.45412, 4.60502, 7.92312],
			"faces": {
				"north": {"uv": [14, 8, 15.25, 9.25], "texture": "#0"},
				"east": {"uv": [14, 8, 15.25, 9.25], "texture": "#0"},
				"south": {"uv": [14, 8, 15.25, 9.25], "texture": "#0"},
				"west": {"uv": [14, 8, 15.25, 9.25], "texture": "#0"},
				"up": {"uv": [14, 8, 15.25, 9.25], "texture": "#0"},
				"down": {"uv": [14, 8, 15.25, 9.25], "texture": "#0"}
			}
		},
		{
			"from": [6.80483, 4.65591, 7.26021],
			"to": [7.67419, 5.13495, 7.90018],
			"rotation": {"angle": 22.5, "axis": "z", "origin": [8, 8, 8]},
			"faces": {
				"north": {"uv": [13, 5, 14.25, 6.25], "texture": "#2"},
				"east": {"uv": [13, 5, 14.25, 6.25], "texture": "#2"},
				"south": {"uv": [13, 5, 14.25, 6.25], "texture": "#2"},
				"west": {"uv": [13, 5, 14.25, 6.25], "texture": "#2"},
				"up": {"uv": [13, 5, 14.25, 6.25], "texture": "#2"},
				"down": {"uv": [13, 5, 14.25, 6.25], "texture": "#2"}
			}
		},
		{
			"from": [8.78459, 4.83208, 7.26021],
			"to": [9.65395, 5.31111, 7.90018],
			"rotation": {"angle": -22.5, "axis": "z", "origin": [8, 8, 8]},
			"faces": {
				"north": {"uv": [13, 5, 14.25, 6.25], "rotation": 180, "texture": "#2"},
				"east": {"uv": [13, 5, 14.25, 6.25], "rotation": 180, "texture": "#2"},
				"south": {"uv": [13, 5, 14.25, 6.25], "rotation": 180, "texture": "#2"},
				"west": {"uv": [13, 5, 14.25, 6.25], "texture": "#2"},
				"up": {"uv": [13, 5, 14.25, 6.25], "rotation": 180, "texture": "#2"},
				"down": {"uv": [13, 5, 14.25, 6.25], "texture": "#2"}
			}
		},
		{
			"from": [7.69946, 4.90161, 7.26021],
			"to": [8.7982, 5.38065, 7.90018],
			"faces": {
				"north": {"uv": [13, 5, 14.25, 6.25], "texture": "#2"},
				"east": {"uv": [13, 5, 14.25, 6.25], "texture": "#2"},
				"south": {"uv": [13, 5, 14.25, 6.25], "texture": "#2"},
				"west": {"uv": [13, 5, 14.25, 6.25], "texture": "#2"},
				"up": {"uv": [13, 5, 14.25, 6.25], "texture": "#2"},
				"down": {"uv": [13, 5, 14.25, 6.25], "texture": "#2"}
			}
		},
		{
			"from": [7.34212, 4.93745, 7.30609],
			"to": [9.15198, 5.27885, 7.8543],
			"faces": {
				"north": {"uv": [13, 5, 14.25, 6.25], "rotation": 180, "texture": "#2"},
				"east": {"uv": [13, 5, 14.25, 6.25], "rotation": 180, "texture": "#2"},
				"south": {"uv": [13, 5, 14.25, 6.25], "rotation": 180, "texture": "#2"},
				"west": {"uv": [13, 5, 14.25, 6.25], "texture": "#2"},
				"up": {"uv": [13, 5, 14.25, 6.25], "rotation": 180, "texture": "#2"},
				"down": {"uv": [13, 5, 14.25, 6.25], "texture": "#2"}
			}
		},
		{
			"from": [7.34212, 4.93745, 7.30609],
			"to": [9.15198, 5.27885, 7.8543],
			"faces": {
				"north": {"uv": [13, 5, 14.25, 6.25], "rotation": 180, "texture": "#2"},
				"east": {"uv": [13, 5, 14.25, 6.25], "rotation": 180, "texture": "#2"},
				"south": {"uv": [13, 5, 14.25, 6.25], "rotation": 180, "texture": "#2"},
				"west": {"uv": [13, 5, 14.25, 6.25], "texture": "#2"},
				"up": {"uv": [13, 5, 14.25, 6.25], "rotation": 180, "texture": "#2"},
				"down": {"uv": [13, 5, 14.25, 6.25], "texture": "#2"}
			}
		},
		{
			"from": [5.61469, 4.92813, 7.32903],
			"to": [7.28691, 5.22366, 7.83136],
			"faces": {
				"north": {"uv": [14.25, 5, 13, 6.25], "rotation": 180, "texture": "#3"},
				"east": {"uv": [14.25, 5, 13, 6.25], "texture": "#2"},
				"south": {"uv": [10.25, 1, 9, 2.25], "rotation": 180, "texture": "#3"},
				"west": {"uv": [14.25, 5, 13, 6.25], "rotation": 180, "texture": "#2"},
				"up": {"uv": [14.25, 5, 13, 6.25], "rotation": 180, "texture": "#2"},
				"down": {"uv": [14.25, 5, 13, 6.25], "texture": "#2"}
			}
		},
		{
			"from": [6.89301, 4.0577, 7.30609],
			"to": [7.96881, 4.3991, 7.8543],
			"rotation": {"angle": -22.5, "axis": "z", "origin": [8.42724, 8, 8]},
			"faces": {
				"north": {"uv": [14.25, 5, 13, 6.25], "rotation": 180, "texture": "#2"},
				"east": {"uv": [14.25, 5, 13, 6.25], "texture": "#2"},
				"south": {"uv": [14.25, 5, 13, 6.25], "rotation": 180, "texture": "#2"},
				"west": {"uv": [14.25, 5, 13, 6.25], "rotation": 180, "texture": "#2"},
				"up": {"uv": [14.25, 5, 13, 6.25], "rotation": 180, "texture": "#2"},
				"down": {"uv": [14.25, 5, 13, 6.25], "texture": "#2"}
			}
		},
		{
			"from": [4.64856, 6.2034, 7.30609],
			"to": [5.77025, 6.5448, 7.8543],
			"rotation": {"angle": 22.5, "axis": "z", "origin": [8.42724, 8, 8]},
			"faces": {
				"north": {"uv": [14.25, 5, 13, 6.25], "rotation": 180, "texture": "#2"},
				"east": {"uv": [14.25, 5, 13, 6.25], "texture": "#2"},
				"south": {"uv": [14.25, 5, 13, 6.25], "rotation": 180, "texture": "#2"},
				"west": {"uv": [14.25, 5, 13, 6.25], "rotation": 180, "texture": "#2"},
				"up": {"uv": [14.25, 5, 13, 6.25], "rotation": 180, "texture": "#2"},
				"down": {"uv": [14.25, 5, 13, 6.25], "texture": "#2"}
			}
		},
		{
			"from": [7.55824, 4.76684, 7.30609],
			"to": [8.56523, 5.0853, 7.8543],
			"rotation": {"angle": -22.5, "axis": "z", "origin": [8.42724, 8, 8]},
			"faces": {
				"north": {"uv": [14.25, 5, 13, 6.25], "rotation": 180, "texture": "#2"},
				"east": {"uv": [14.25, 5, 13, 6.25], "texture": "#2"},
				"south": {"uv": [14.25, 5, 13, 6.25], "rotation": 180, "texture": "#2"},
				"west": {"uv": [14.25, 5, 13, 6.25], "rotation": 180, "texture": "#2"},
				"up": {"uv": [14.25, 5, 13, 6.25], "rotation": 180, "texture": "#2"},
				"down": {"uv": [14.25, 5, 13, 6.25], "texture": "#2"}
			}
		},
		{
			"from": [5.31379, 5.53387, 7.30609],
			"to": [6.43548, 5.87527, 7.8543],
			"rotation": {"angle": 22.5, "axis": "z", "origin": [8.42724, 8, 8]},
			"faces": {
				"north": {"uv": [14.25, 5, 13, 6.25], "rotation": 180, "texture": "#2"},
				"east": {"uv": [14.25, 5, 13, 6.25], "texture": "#2"},
				"south": {"uv": [14.25, 5, 13, 6.25], "rotation": 180, "texture": "#2"},
				"west": {"uv": [14.25, 5, 13, 6.25], "rotation": 180, "texture": "#2"},
				"up": {"uv": [14.25, 5, 13, 6.25], "rotation": 180, "texture": "#2"},
				"down": {"uv": [14.25, 5, 13, 6.25], "texture": "#2"}
			}
		},
		{
			"from": [5.5, 4.92813, 7.35197],
			"to": [7.01164, 5.22366, 7.80842],
			"faces": {
				"north": {"uv": [14.25, 5, 13, 6.25], "rotation": 180, "texture": "#2"},
				"east": {"uv": [14.25, 5, 13, 6.25], "rotation": 180, "texture": "#2"},
				"south": {"uv": [14.25, 5, 13, 6.25], "rotation": 180, "texture": "#2"},
				"west": {"uv": [14.25, 5, 13, 6.25], "rotation": 180, "texture": "#2"},
				"up": {"uv": [14.25, 5, 13, 6.25], "rotation": 180, "texture": "#2"},
				"down": {"uv": [14.25, 5, 13, 6.25], "rotation": 180, "texture": "#2"}
			}
		},
		{
			"from": [9.31524, 4.88226, 7.32903],
			"to": [10.66631, 5.33835, 7.83136],
			"faces": {
				"north": {"uv": [13, 5, 14.25, 6.25], "rotation": 180, "texture": "#3"},
				"east": {"uv": [13, 5, 14.25, 6.25], "rotation": 180, "texture": "#2"},
				"south": {"uv": [9, 1, 10.25, 2.25], "rotation": 180, "texture": "#3"},
				"west": {"uv": [13, 5, 14.25, 6.25], "texture": "#2"},
				"up": {"uv": [13, 5, 14.25, 6.25], "rotation": 180, "texture": "#2"},
				"down": {"uv": [13, 5, 14.25, 6.25], "texture": "#2"}
			}
		},
		{
			"from": [9.24642, 4.92813, 7.32903],
			"to": [10.91864, 5.22366, 7.83136],
			"faces": {
				"north": {"uv": [13, 5, 14.25, 6.25], "rotation": 180, "texture": "#3"},
				"east": {"uv": [13, 5, 14.25, 6.25], "rotation": 180, "texture": "#2"},
				"south": {"uv": [9, 1, 10.25, 2.25], "rotation": 180, "texture": "#3"},
				"west": {"uv": [13, 5, 14.25, 6.25], "texture": "#2"},
				"up": {"uv": [13, 5, 14.25, 6.25], "rotation": 180, "texture": "#2"},
				"down": {"uv": [13, 5, 14.25, 6.25], "texture": "#2"}
			}
		},
		{
			"from": [10.76309, 6.2034, 7.30609],
			"to": [11.88477, 6.5448, 7.8543],
			"rotation": {"angle": -22.5, "axis": "z", "origin": [8.10609, 8, 8]},
			"faces": {
				"north": {"uv": [13, 5, 14.25, 6.25], "rotation": 180, "texture": "#2"},
				"east": {"uv": [13, 5, 14.25, 6.25], "rotation": 180, "texture": "#2"},
				"south": {"uv": [13, 5, 14.25, 6.25], "rotation": 180, "texture": "#2"},
				"west": {"uv": [13, 5, 14.25, 6.25], "texture": "#2"},
				"up": {"uv": [13, 5, 14.25, 6.25], "rotation": 180, "texture": "#2"},
				"down": {"uv": [13, 5, 14.25, 6.25], "texture": "#2"}
			}
		},
		{
			"from": [7.96811, 4.76684, 7.30609],
			"to": [8.97509, 5.0853, 7.8543],
			"rotation": {"angle": 22.5, "axis": "z", "origin": [8.10609, 8, 8]},
			"faces": {
				"north": {"uv": [13, 5, 14.25, 6.25], "rotation": 180, "texture": "#2"},
				"east": {"uv": [13, 5, 14.25, 6.25], "rotation": 180, "texture": "#2"},
				"south": {"uv": [13, 5, 14.25, 6.25], "rotation": 180, "texture": "#2"},
				"west": {"uv": [13, 5, 14.25, 6.25], "texture": "#2"},
				"up": {"uv": [13, 5, 14.25, 6.25], "rotation": 180, "texture": "#2"},
				"down": {"uv": [13, 5, 14.25, 6.25], "texture": "#2"}
			}
		},
		{
			"from": [10.09785, 5.53387, 7.30609],
			"to": [11.21954, 5.87527, 7.8543],
			"rotation": {"angle": -22.5, "axis": "z", "origin": [8.10609, 8, 8]},
			"faces": {
				"north": {"uv": [13, 5, 14.25, 6.25], "rotation": 180, "texture": "#2"},
				"east": {"uv": [13, 5, 14.25, 6.25], "rotation": 180, "texture": "#2"},
				"south": {"uv": [13, 5, 14.25, 6.25], "rotation": 180, "texture": "#2"},
				"west": {"uv": [13, 5, 14.25, 6.25], "texture": "#2"},
				"up": {"uv": [13, 5, 14.25, 6.25], "rotation": 180, "texture": "#2"},
				"down": {"uv": [13, 5, 14.25, 6.25], "texture": "#2"}
			}
		},
		{
			"from": [8.56452, 4.0577, 7.30609],
			"to": [9.64033, 4.3991, 7.8543],
			"rotation": {"angle": 22.5, "axis": "z", "origin": [8.10609, 8, 8]},
			"faces": {
				"north": {"uv": [13, 5, 14.25, 6.25], "rotation": 180, "texture": "#2"},
				"east": {"uv": [13, 5, 14.25, 6.25], "rotation": 180, "texture": "#2"},
				"south": {"uv": [13, 5, 14.25, 6.25], "rotation": 180, "texture": "#2"},
				"west": {"uv": [13, 5, 14.25, 6.25], "texture": "#2"},
				"up": {"uv": [13, 5, 14.25, 6.25], "rotation": 180, "texture": "#2"},
				"down": {"uv": [13, 5, 14.25, 6.25], "texture": "#2"}
			}
		},
		{
			"from": [9.52169, 4.92813, 7.35197],
			"to": [11.03334, 5.22366, 7.80842],
			"faces": {
				"north": {"uv": [13, 5, 14.25, 6.25], "rotation": 180, "texture": "#2"},
				"east": {"uv": [13, 5, 14.25, 6.25], "rotation": 180, "texture": "#2"},
				"south": {"uv": [13, 5, 14.25, 6.25], "rotation": 180, "texture": "#2"},
				"west": {"uv": [13, 5, 14.25, 6.25], "rotation": 180, "texture": "#2"},
				"up": {"uv": [13, 5, 14.25, 6.25], "rotation": 180, "texture": "#2"},
				"down": {"uv": [13, 5, 14.25, 6.25], "rotation": 180, "texture": "#2"}
			}
		},
		{
			"from": [8.11236, 4.90161, 7.21433],
			"to": [8.40824, 5.33477, 7.94606],
			"faces": {
				"north": {"uv": [2, 1, 14.25, 14.25], "texture": "#2"},
				"east": {"uv": [2, 1, 14.25, 14.25], "texture": "#2"},
				"south": {"uv": [2, 1, 14.25, 14.25], "texture": "#2"},
				"west": {"uv": [2, 1, 14.25, 14.25], "texture": "#2"},
				"up": {"uv": [2, 1, 14.25, 14.25], "texture": "#2"},
				"down": {"uv": [2, 1, 14.25, 14.25], "texture": "#2"}
			}
		},
		{
			"from": [6.05914, 4.75036, 7.32903],
			"to": [6.93136, 5.40143, 7.83136],
			"faces": {
				"north": {"uv": [14.25, 5, 13, 6.25], "rotation": 180, "texture": "#3"},
				"east": {"uv": [14.25, 5, 13, 6.25], "texture": "#2"},
				"south": {"uv": [10.25, 1, 9, 2.25], "rotation": 180, "texture": "#3"},
				"west": {"uv": [14.25, 5, 13, 6.25], "rotation": 180, "texture": "#2"},
				"up": {"uv": [14.25, 5, 13, 6.25], "rotation": 180, "texture": "#2"},
				"down": {"uv": [14.25, 5, 13, 6.25], "texture": "#2"}
			}
		},
		{
			"from": [7.74534, 4.90161, 7.35197],
			"to": [8.75233, 5.63298, 7.80842],
			"faces": {
				"north": {"uv": [8, 7, 9.25, 8.25], "texture": "#2"},
				"east": {"uv": [8, 7, 9.25, 8.25], "texture": "#2"},
				"south": {"uv": [8, 7, 9.25, 8.25], "texture": "#2"},
				"west": {"uv": [8, 7, 9.25, 8.25], "texture": "#2"},
				"up": {"uv": [8, 7, 9.25, 8.25], "texture": "#2"},
				"down": {"uv": [8, 7, 9.25, 8.25], "texture": "#2"}
			}
		},
		{
			"from": [6.80716, 5.63566, 7.35197],
			"to": [7.56182, 6.36703, 7.80842],
			"rotation": {"angle": 22.5, "axis": "z", "origin": [8, 8, 8]},
			"faces": {
				"north": {"uv": [8, 7, 9.25, 8.25], "texture": "#2"},
				"east": {"uv": [8, 7, 9.25, 8.25], "texture": "#2"},
				"south": {"uv": [8, 7, 9.25, 8.25], "texture": "#2"},
				"west": {"uv": [8, 7, 9.25, 8.25], "texture": "#2"},
				"up": {"uv": [8, 7, 9.25, 8.25], "texture": "#2"},
				"down": {"uv": [8, 7, 9.25, 8.25], "texture": "#2"}
			}
		},
		{
			"from": [8.89462, 5.81918, 7.35197],
			"to": [9.64928, 6.55054, 7.80842],
			"rotation": {"angle": -22.5, "axis": "z", "origin": [8, 8, 8]},
			"faces": {
				"north": {"uv": [8, 7, 9.25, 8.25], "texture": "#2"},
				"east": {"uv": [8, 7, 9.25, 8.25], "texture": "#2"},
				"south": {"uv": [8, 7, 9.25, 8.25], "texture": "#2"},
				"west": {"uv": [8, 7, 9.25, 8.25], "texture": "#2"},
				"up": {"uv": [8, 7, 9.25, 8.25], "texture": "#2"},
				"down": {"uv": [8, 7, 9.25, 8.25], "texture": "#2"}
			}
		},
		{
			"from": [8.4129, 6.09444, 7.35197],
			"to": [9.16756, 6.82581, 7.80842],
			"rotation": {"angle": -22.5, "axis": "z", "origin": [8, 8, 8]},
			"faces": {
				"north": {"uv": [8, 7, 9.25, 8.25], "texture": "#2"},
				"east": {"uv": [8, 7, 9.25, 8.25], "texture": "#2"},
				"south": {"uv": [8, 7, 9.25, 8.25], "texture": "#2"},
				"west": {"uv": [8, 7, 9.25, 8.25], "texture": "#2"},
				"up": {"uv": [8, 7, 9.25, 8.25], "texture": "#2"},
				"down": {"uv": [8, 7, 9.25, 8.25], "texture": "#2"}
			}
		},
		{
			"from": [6.80716, 5.63566, 7.35197],
			"to": [7.56182, 6.36703, 7.80842],
			"rotation": {"angle": 22.5, "axis": "z", "origin": [8, 8, 8]},
			"faces": {
				"north": {"uv": [8, 7, 9.25, 8.25], "texture": "#2"},
				"east": {"uv": [8, 7, 9.25, 8.25], "texture": "#2"},
				"south": {"uv": [8, 7, 9.25, 8.25], "texture": "#2"},
				"west": {"uv": [8, 7, 9.25, 8.25], "texture": "#2"},
				"up": {"uv": [8, 7, 9.25, 8.25], "texture": "#2"},
				"down": {"uv": [8, 7, 9.25, 8.25], "texture": "#2"}
			}
		},
		{
			"from": [7.24301, 5.93387, 7.35197],
			"to": [7.99767, 6.66523, 7.80842],
			"rotation": {"angle": 22.5, "axis": "z", "origin": [8, 8, 8]},
			"faces": {
				"north": {"uv": [8, 7, 9.25, 8.25], "texture": "#2"},
				"east": {"uv": [8, 7, 9.25, 8.25], "texture": "#2"},
				"south": {"uv": [8, 7, 9.25, 8.25], "texture": "#2"},
				"west": {"uv": [8, 7, 9.25, 8.25], "texture": "#2"},
				"up": {"uv": [8, 7, 9.25, 8.25], "texture": "#2"},
				"down": {"uv": [8, 7, 9.25, 8.25], "texture": "#2"}
			}
		},
		{
			"from": [7.15125, 6.53029, 7.35197],
			"to": [7.7224, 7.26165, 7.80842],
			"rotation": {"angle": 45, "axis": "z", "origin": [8, 8, 8]},
			"faces": {
				"north": {"uv": [8, 7, 9.25, 8.25], "texture": "#2"},
				"east": {"uv": [8, 7, 9.25, 8.25], "texture": "#2"},
				"south": {"uv": [8, 7, 9.25, 8.25], "texture": "#2"},
				"west": {"uv": [8, 7, 9.25, 8.25], "texture": "#2"},
				"up": {"uv": [8, 7, 9.25, 8.25], "texture": "#2"},
				"down": {"uv": [8, 7, 9.25, 8.25], "texture": "#2"}
			}
		},
		{
			"from": [7.24301, 5.93387, 7.35197],
			"to": [7.99767, 6.66523, 7.80842],
			"rotation": {"angle": 22.5, "axis": "z", "origin": [8, 8, 8]},
			"faces": {
				"north": {"uv": [8, 7, 9.25, 8.25], "texture": "#2"},
				"east": {"uv": [8, 7, 9.25, 8.25], "texture": "#2"},
				"south": {"uv": [8, 7, 9.25, 8.25], "texture": "#2"},
				"west": {"uv": [8, 7, 9.25, 8.25], "texture": "#2"},
				"up": {"uv": [8, 7, 9.25, 8.25], "texture": "#2"},
				"down": {"uv": [8, 7, 9.25, 8.25], "texture": "#2"}
			}
		},
		{
			"from": [8.61935, 6.85143, 7.35197],
			"to": [9.16756, 7.5828, 7.80842],
			"rotation": {"angle": -45, "axis": "z", "origin": [8, 8, 8]},
			"faces": {
				"north": {"uv": [8, 7, 9.25, 8.25], "texture": "#2"},
				"east": {"uv": [8, 7, 9.25, 8.25], "texture": "#2"},
				"south": {"uv": [8, 7, 9.25, 8.25], "texture": "#2"},
				"west": {"uv": [8, 7, 9.25, 8.25], "texture": "#2"},
				"up": {"uv": [8, 7, 9.25, 8.25], "texture": "#2"},
				"down": {"uv": [8, 7, 9.25, 8.25], "texture": "#2"}
			}
		},
		{
			"from": [7.76827, 6.78262, 7.32903],
			"to": [8.70645, 14.5862, 7.83136],
			"faces": {
				"north": {"uv": [15, 15, 16, 16], "texture": "#4"},
				"east": {"uv": [15, 15, 16, 16], "texture": "#4"},
				"south": {"uv": [15, 15, 16, 16], "texture": "#4"},
				"west": {"uv": [15, 15, 16, 16], "texture": "#4"},
				"up": {"uv": [15, 15, 16, 16], "texture": "#4"},
				"down": {"uv": [15, 15, 16, 16], "texture": "#4"}
			}
		},
		{
			"from": [8.11236, 5.31452, 7.30609],
			"to": [8.40824, 9.64731, 7.8543],
			"faces": {
				"north": {"uv": [14, 14, 15.25, 15.25], "texture": "#3"},
				"east": {"uv": [14, 14, 15.25, 15.25], "texture": "#3"},
				"south": {"uv": [14, 14, 15.25, 15.25], "texture": "#3"},
				"west": {"uv": [14, 14, 15.25, 15.25], "texture": "#3"},
				"up": {"uv": [14, 14, 15.25, 15.25], "texture": "#3"},
				"down": {"uv": [14, 14, 15.25, 15.25], "texture": "#3"}
			}
		},
		{
			"from": [8.08942, 4.87903, 7.23727],
			"to": [8.43118, 5.381, 7.92312],
			"faces": {
				"north": {"uv": [14, 14, 15.25, 15.25], "texture": "#3"},
				"east": {"uv": [14, 14, 15.25, 15.25], "texture": "#3"},
				"south": {"uv": [14, 14, 15.25, 15.25], "texture": "#3"},
				"west": {"uv": [14, 14, 15.25, 15.25], "texture": "#3"},
				"up": {"uv": [14, 14, 15.25, 15.25], "texture": "#3"},
				"down": {"uv": [14, 14, 15.25, 15.25], "texture": "#3"}
			}
		},
		{
			"from": [7.6077, 5.01667, 7.23727],
			"to": [8.95878, 5.22043, 7.92312],
			"faces": {
				"north": {"uv": [14, 14, 15.25, 15.25], "texture": "#3"},
				"east": {"uv": [14, 14, 15.25, 15.25], "texture": "#3"},
				"south": {"uv": [14, 14, 15.25, 15.25], "texture": "#3"},
				"west": {"uv": [14, 14, 15.25, 15.25], "texture": "#3"},
				"up": {"uv": [14, 14, 15.25, 15.25], "texture": "#3"},
				"down": {"uv": [14, 14, 15.25, 15.25], "texture": "#3"}
			}
		},
		{
			"from": [10.06218, 13.82419, 7.35197],
			"to": [11.25268, 15.36129, 7.80842],
			"rotation": {"angle": 22.5, "axis": "z", "origin": [8, 8, 8]},
			"faces": {
				"north": {"uv": [8, 7, 9.25, 8.25], "texture": "#2"},
				"east": {"uv": [8, 7, 9.25, 8.25], "texture": "#2"},
				"south": {"uv": [8, 7, 9.25, 8.25], "texture": "#2"},
				"west": {"uv": [8, 7, 9.25, 8.25], "texture": "#2"},
				"up": {"uv": [8, 7, 9.25, 8.25], "texture": "#2"},
				"down": {"uv": [8, 7, 9.25, 8.25], "texture": "#2"}
			}
		},
		{
			"from": [5.15752, 13.96183, 7.35197],
			"to": [6.34802, 15.47312, 7.80842],
			"rotation": {"angle": -22.5, "axis": "z", "origin": [8, 8, 8]},
			"faces": {
				"north": {"uv": [8, 7, 9.25, 8.25], "texture": "#2"},
				"east": {"uv": [8, 7, 9.25, 8.25], "texture": "#2"},
				"south": {"uv": [8, 7, 9.25, 8.25], "texture": "#2"},
				"west": {"uv": [8, 7, 9.25, 8.25], "texture": "#2"},
				"up": {"uv": [8, 7, 9.25, 8.25], "texture": "#2"},
				"down": {"uv": [8, 7, 9.25, 8.25], "texture": "#2"}
			}
		},
		{
			"from": [4.24856, 14.66864, 7.35197],
			"to": [5.43906, 16.35627, 7.80842],
			"rotation": {"angle": -22.5, "axis": "z", "origin": [8, 8, 8]},
			"faces": {
				"north": {"uv": [8, 7, 9.25, 8.25], "texture": "#2"},
				"east": {"uv": [8, 7, 9.25, 8.25], "texture": "#2"},
				"south": {"uv": [8, 7, 9.25, 8.25], "texture": "#2"},
				"west": {"uv": [8, 7, 9.25, 8.25], "texture": "#2"},
				"up": {"uv": [8, 7, 9.25, 8.25], "texture": "#2"},
				"down": {"uv": [8, 7, 9.25, 8.25], "texture": "#2"}
			}
		},
		{
			"from": [10.92383, 14.43925, 7.35197],
			"to": [12.11433, 16.21864, 7.80842],
			"rotation": {"angle": 22.5, "axis": "z", "origin": [8, 8, 8]},
			"faces": {
				"north": {"uv": [8, 7, 9.25, 8.25], "texture": "#2"},
				"east": {"uv": [8, 7, 9.25, 8.25], "texture": "#2"},
				"south": {"uv": [8, 7, 9.25, 8.25], "texture": "#2"},
				"west": {"uv": [8, 7, 9.25, 8.25], "texture": "#2"},
				"up": {"uv": [8, 7, 9.25, 8.25], "texture": "#2"},
				"down": {"uv": [8, 7, 9.25, 8.25], "texture": "#2"}
			}
		},
		{
			"from": [7.74534, 15.15538, 7.35197],
			"to": [8.66057, 17.15538, 7.80842],
			"faces": {
				"north": {"uv": [8, 7, 9.25, 8.25], "texture": "#2"},
				"east": {"uv": [8, 7, 9.25, 8.25], "texture": "#2"},
				"south": {"uv": [8, 7, 9.25, 8.25], "texture": "#2"},
				"west": {"uv": [8, 7, 9.25, 8.25], "texture": "#2"},
				"up": {"uv": [8, 7, 9.25, 8.25], "texture": "#2"},
				"down": {"uv": [8, 7, 9.25, 8.25], "texture": "#2"}
			}
		},
		{
			"from": [14.28297, 14.02204, 7.35197],
			"to": [14.94587, 14.65502, 7.80842],
			"rotation": {"angle": 45, "axis": "z", "origin": [8, 8, 8]},
			"faces": {
				"north": {"uv": [8, 7, 9.25, 8.25], "texture": "#2"},
				"east": {"uv": [8, 7, 9.25, 8.25], "texture": "#2"},
				"south": {"uv": [8, 7, 9.25, 8.25], "texture": "#2"},
				"west": {"uv": [8, 7, 9.25, 8.25], "texture": "#2"},
				"up": {"uv": [8, 7, 9.25, 8.25], "texture": "#2"},
				"down": {"uv": [8, 7, 9.25, 8.25], "texture": "#2"}
			}
		},
		{
			"from": [7.63064, 6.73674, 7.35197],
			"to": [8.82114, 16.65072, 7.80842],
			"faces": {
				"north": {"uv": [8, 7, 9.25, 8.25], "texture": "#2"},
				"east": {"uv": [8, 7, 9.25, 8.25], "texture": "#2"},
				"south": {"uv": [8, 7, 9.25, 8.25], "texture": "#2"},
				"west": {"uv": [8, 7, 9.25, 8.25], "texture": "#2"},
				"up": {"uv": [8, 7, 9.25, 8.25], "texture": "#2"},
				"down": {"uv": [8, 7, 9.25, 8.25], "texture": "#2"}
			}
		},
		{
			"from": [6.91953, 5.58978, 7.32903],
			"to": [7.74301, 6.25932, 7.83136],
			"rotation": {"angle": 22.5, "axis": "z", "origin": [8, 8, 8]},
			"faces": {
				"north": {"uv": [15, 15, 16, 16], "texture": "#4"},
				"east": {"uv": [15, 15, 16, 16], "texture": "#4"},
				"south": {"uv": [15, 15, 16, 16], "texture": "#4"},
				"west": {"uv": [15, 15, 16, 16], "texture": "#4"},
				"up": {"uv": [15, 15, 16, 16], "texture": "#4"},
				"down": {"uv": [15, 15, 16, 16], "texture": "#4"}
			}
		},
		{
			"from": [8.70878, 5.88799, 7.32903],
			"to": [9.53225, 6.41989, 7.83136],
			"rotation": {"angle": -22.5, "axis": "z", "origin": [8, 8, 8]},
			"faces": {
				"north": {"uv": [15, 15, 16, 16], "texture": "#4"},
				"east": {"uv": [15, 15, 16, 16], "texture": "#4"},
				"south": {"uv": [15, 15, 16, 16], "texture": "#4"},
				"west": {"uv": [15, 15, 16, 16], "texture": "#4"},
				"up": {"uv": [15, 15, 16, 16], "texture": "#4"},
				"down": {"uv": [15, 15, 16, 16], "texture": "#4"}
			}
		},
		{
			"from": [8.52491, 6.02491, 7.32903],
			"to": [8.94211, 6.84838, 7.83136],
			"rotation": {"angle": -22.5, "axis": "z", "origin": [8, 8, 8]},
			"faces": {
				"north": {"uv": [15, 15, 16, 16], "rotation": 90, "texture": "#4"},
				"east": {"uv": [15, 15, 16, 16], "rotation": 270, "texture": "#4"},
				"south": {"uv": [15, 15, 16, 16], "rotation": 270, "texture": "#4"},
				"west": {"uv": [15, 15, 16, 16], "rotation": 90, "texture": "#4"},
				"up": {"uv": [15, 15, 16, 16], "rotation": 270, "texture": "#4"},
				"down": {"uv": [15, 15, 16, 16], "rotation": 270, "texture": "#4"}
			}
		},
		{
			"from": [7.42491, 5.80251, 7.32903],
			"to": [7.88799, 6.62599, 7.83136],
			"rotation": {"angle": 22.5, "axis": "z", "origin": [8, 8, 8]},
			"faces": {
				"north": {"uv": [15, 15, 16, 16], "rotation": 270, "texture": "#4"},
				"east": {"uv": [15, 15, 16, 16], "rotation": 90, "texture": "#4"},
				"south": {"uv": [15, 15, 16, 16], "rotation": 90, "texture": "#4"},
				"west": {"uv": [15, 15, 16, 16], "rotation": 90, "texture": "#4"},
				"up": {"uv": [15, 15, 16, 16], "rotation": 270, "texture": "#4"},
				"down": {"uv": [15, 15, 16, 16], "rotation": 90, "texture": "#4"}
			}
		},
		{
			"from": [6.98907, 6.6742, 7.32903],
			"to": [7.45215, 7.22241, 7.83136],
			"rotation": {"angle": 45, "axis": "z", "origin": [8, 8, 8]},
			"faces": {
				"north": {"uv": [15, 15, 16, 16], "rotation": 270, "texture": "#4"},
				"east": {"uv": [15, 15, 16, 16], "rotation": 90, "texture": "#4"},
				"south": {"uv": [15, 15, 16, 16], "rotation": 90, "texture": "#4"},
				"west": {"uv": [15, 15, 16, 16], "rotation": 90, "texture": "#4"},
				"up": {"uv": [15, 15, 16, 16], "rotation": 270, "texture": "#4"},
				"down": {"uv": [15, 15, 16, 16], "rotation": 90, "texture": "#4"}
			}
		},
		{
			"from": [7.10376, 6.62832, 7.32903],
			"to": [7.56685, 7.17653, 7.83136],
			"rotation": {"angle": 45, "axis": "z", "origin": [8, 8, 8]},
			"faces": {
				"north": {"uv": [15, 15, 16, 16], "rotation": 270, "texture": "#4"},
				"east": {"uv": [15, 15, 16, 16], "rotation": 90, "texture": "#4"},
				"south": {"uv": [15, 15, 16, 16], "rotation": 90, "texture": "#4"},
				"west": {"uv": [15, 15, 16, 16], "rotation": 90, "texture": "#4"},
				"up": {"uv": [15, 15, 16, 16], "rotation": 270, "texture": "#4"},
				"down": {"uv": [15, 15, 16, 16], "rotation": 90, "texture": "#4"}
			}
		},
		{
			"from": [7.83709, 5.131, 7.32903],
			"to": [8.66057, 5.6629, 7.83136],
			"faces": {
				"north": {"uv": [15, 15, 16, 16], "texture": "#4"},
				"east": {"uv": [15, 15, 16, 16], "texture": "#4"},
				"south": {"uv": [15, 15, 16, 16], "texture": "#4"},
				"west": {"uv": [15, 15, 16, 16], "texture": "#4"},
				"up": {"uv": [15, 15, 16, 16], "texture": "#4"},
				"down": {"uv": [15, 15, 16, 16], "texture": "#4"}
			}
		},
		{
			"from": [4.43548, 14.75197, 7.32903],
			"to": [5.05914, 16.35537, 7.83136],
			"rotation": {"angle": -22.5, "axis": "z", "origin": [8, 8, 8]},
			"faces": {
				"north": {"uv": [15, 15, 16, 16], "rotation": 90, "texture": "#4"},
				"east": {"uv": [15, 15, 16, 16], "rotation": 270, "texture": "#4"},
				"south": {"uv": [15, 15, 16, 16], "rotation": 270, "texture": "#4"},
				"west": {"uv": [15, 15, 16, 16], "rotation": 90, "texture": "#4"},
				"up": {"uv": [15, 15, 16, 16], "rotation": 270, "texture": "#4"},
				"down": {"uv": [15, 15, 16, 16], "rotation": 270, "texture": "#4"}
			}
		},
		{
			"from": [11.27132, 14.54552, 7.32903],
			"to": [11.91792, 16.30949, 7.83136],
			"rotation": {"angle": 22.5, "axis": "z", "origin": [8, 8, 8]},
			"faces": {
				"north": {"uv": [15, 15, 16, 16], "rotation": 90, "texture": "#4"},
				"east": {"uv": [15, 15, 16, 16], "rotation": 270, "texture": "#4"},
				"south": {"uv": [15, 15, 16, 16], "rotation": 270, "texture": "#4"},
				"west": {"uv": [15, 15, 16, 16], "rotation": 90, "texture": "#4"},
				"up": {"uv": [15, 15, 16, 16], "rotation": 270, "texture": "#4"},
				"down": {"uv": [15, 15, 16, 16], "rotation": 270, "texture": "#4"}
			}
		},
		{
			"from": [5.49068, 13.78853, 7.32903],
			"to": [6.13728, 15.39193, 7.83136],
			"rotation": {"angle": -22.5, "axis": "z", "origin": [8, 8, 8]},
			"faces": {
				"north": {"uv": [15, 15, 16, 16], "rotation": 90, "texture": "#4"},
				"east": {"uv": [15, 15, 16, 16], "rotation": 270, "texture": "#4"},
				"south": {"uv": [15, 15, 16, 16], "rotation": 270, "texture": "#4"},
				"west": {"uv": [15, 15, 16, 16], "rotation": 90, "texture": "#4"},
				"up": {"uv": [15, 15, 16, 16], "rotation": 270, "texture": "#4"},
				"down": {"uv": [15, 15, 16, 16], "rotation": 270, "texture": "#4"}
			}
		},
		{
			"from": [10.26201, 13.5362, 7.32903],
			"to": [10.88566, 15.30017, 7.83136],
			"rotation": {"angle": 22.5, "axis": "z", "origin": [8, 8, 8]},
			"faces": {
				"north": {"uv": [15, 15, 16, 16], "rotation": 90, "texture": "#4"},
				"east": {"uv": [15, 15, 16, 16], "rotation": 270, "texture": "#4"},
				"south": {"uv": [15, 15, 16, 16], "rotation": 270, "texture": "#4"},
				"west": {"uv": [15, 15, 16, 16], "rotation": 90, "texture": "#4"},
				"up": {"uv": [15, 15, 16, 16], "rotation": 270, "texture": "#4"},
				"down": {"uv": [15, 15, 16, 16], "rotation": 270, "texture": "#4"}
			}
		},
		{
			"from": [14.32885, 14.16918, 7.32903],
			"to": [14.78763, 14.51201, 7.83136],
			"rotation": {"angle": 45, "axis": "z", "origin": [8, 8, 8]},
			"faces": {
				"north": {"uv": [15, 15, 16, 16], "texture": "#4"},
				"east": {"uv": [15, 15, 16, 16], "texture": "#4"},
				"south": {"uv": [15, 15, 16, 16], "texture": "#4"},
				"west": {"uv": [15, 15, 16, 16], "texture": "#4"},
				"up": {"uv": [15, 15, 16, 16], "texture": "#4"},
				"down": {"uv": [15, 15, 16, 16], "texture": "#4"}
			}
		},
		{
			"from": [7.51595, 6.73674, 7.46666],
			"to": [8.93584, 16.65072, 7.69373],
			"faces": {
				"north": {"uv": [8, 7, 9.25, 8.25], "texture": "#2"},
				"east": {"uv": [8, 7, 9.25, 8.25], "texture": "#2"},
				"south": {"uv": [8, 7, 9.25, 8.25], "texture": "#2"},
				"west": {"uv": [8, 7, 9.25, 8.25], "texture": "#2"},
				"up": {"uv": [8, 7, 9.25, 8.25], "texture": "#2"},
				"down": {"uv": [8, 7, 9.25, 8.25], "texture": "#2"}
			}
		},
		{
			"from": [7.83709, 6.73674, 7.32903],
			"to": [8.66057, 16.65072, 7.83136],
			"faces": {
				"north": {"uv": [15, 15, 16, 16], "texture": "#4"},
				"east": {"uv": [15, 15, 16, 16], "texture": "#4"},
				"south": {"uv": [15, 15, 16, 16], "texture": "#4"},
				"west": {"uv": [15, 15, 16, 16], "texture": "#4"},
				"up": {"uv": [15, 15, 16, 16], "texture": "#4"},
				"down": {"uv": [15, 15, 16, 16], "texture": "#4"}
			}
		},
		{
			"from": [6.66953, 5.63566, 7.4896],
			"to": [7.56182, 6.45878, 7.69373],
			"rotation": {"angle": 22.5, "axis": "z", "origin": [8, 8, 8]},
			"faces": {
				"north": {"uv": [8, 7, 9.25, 8.25], "texture": "#2"},
				"east": {"uv": [8, 7, 9.25, 8.25], "texture": "#2"},
				"south": {"uv": [8, 7, 9.25, 8.25], "texture": "#2"},
				"west": {"uv": [8, 7, 9.25, 8.25], "texture": "#2"},
				"up": {"uv": [8, 7, 9.25, 8.25], "texture": "#2"},
				"down": {"uv": [8, 7, 9.25, 8.25], "texture": "#2"}
			}
		},
		{
			"from": [8.27526, 6.09444, 7.4896],
			"to": [9.16756, 6.82581, 7.67079],
			"rotation": {"angle": -22.5, "axis": "z", "origin": [8, 8, 8]},
			"faces": {
				"north": {"uv": [8, 7, 9.25, 8.25], "texture": "#2"},
				"east": {"uv": [8, 7, 9.25, 8.25], "texture": "#2"},
				"south": {"uv": [8, 7, 9.25, 8.25], "texture": "#2"},
				"west": {"uv": [8, 7, 9.25, 8.25], "texture": "#2"},
				"up": {"uv": [8, 7, 9.25, 8.25], "texture": "#2"},
				"down": {"uv": [8, 7, 9.25, 8.25], "texture": "#2"}
			}
		},
		{
			"from": [8.55053, 6.75968, 7.4896],
			"to": [9.16756, 7.5828, 7.67079],
			"rotation": {"angle": -45, "axis": "z", "origin": [8, 8, 8]},
			"faces": {
				"north": {"uv": [8, 7, 9.25, 8.25], "texture": "#2"},
				"east": {"uv": [8, 7, 9.25, 8.25], "texture": "#2"},
				"south": {"uv": [8, 7, 9.25, 8.25], "texture": "#2"},
				"west": {"uv": [8, 7, 9.25, 8.25], "texture": "#2"},
				"up": {"uv": [8, 7, 9.25, 8.25], "texture": "#2"},
				"down": {"uv": [8, 7, 9.25, 8.25], "texture": "#2"}
			}
		},
		{
			"from": [7.28656, 6.75968, 7.4896],
			"to": [7.90359, 7.5828, 7.67079],
			"rotation": {"angle": 45, "axis": "z", "origin": [8.45412, 8, 8]},
			"faces": {
				"north": {"uv": [9.25, 7, 8, 8.25], "texture": "#2"},
				"east": {"uv": [9.25, 7, 8, 8.25], "texture": "#2"},
				"south": {"uv": [9.25, 7, 8, 8.25], "texture": "#2"},
				"west": {"uv": [9.25, 7, 8, 8.25], "texture": "#2"},
				"up": {"uv": [9.25, 7, 8, 8.25], "texture": "#2"},
				"down": {"uv": [9.25, 7, 8, 8.25], "texture": "#2"}
			}
		},
		{
			"from": [7.28656, 6.09444, 7.4896],
			"to": [8.17886, 6.82581, 7.67079],
			"rotation": {"angle": 22.5, "axis": "z", "origin": [8.45412, 8, 8]},
			"faces": {
				"north": {"uv": [9.25, 7, 8, 8.25], "texture": "#2"},
				"east": {"uv": [9.25, 7, 8, 8.25], "texture": "#2"},
				"south": {"uv": [9.25, 7, 8, 8.25], "texture": "#2"},
				"west": {"uv": [9.25, 7, 8, 8.25], "texture": "#2"},
				"up": {"uv": [9.25, 7, 8, 8.25], "texture": "#2"},
				"down": {"uv": [9.25, 7, 8, 8.25], "texture": "#2"}
			}
		},
		{
			"from": [8.8923, 5.63566, 7.4896],
			"to": [9.78459, 6.45878, 7.69373],
			"rotation": {"angle": -22.5, "axis": "z", "origin": [8.45412, 8, 8]},
			"faces": {
				"north": {"uv": [9.25, 7, 8, 8.25], "texture": "#2"},
				"east": {"uv": [9.25, 7, 8, 8.25], "texture": "#2"},
				"south": {"uv": [9.25, 7, 8, 8.25], "texture": "#2"},
				"west": {"uv": [9.25, 7, 8, 8.25], "texture": "#2"},
				"up": {"uv": [9.25, 7, 8, 8.25], "texture": "#2"},
				"down": {"uv": [9.25, 7, 8, 8.25], "texture": "#2"}
			}
		},
		{
			"from": [8.1353, 6.20914, 7.28315],
			"to": [8.3853, 6.50466, 7.87724],
			"faces": {
				"north": {"uv": [2, 1, 14.25, 14.25], "texture": "#2"},
				"east": {"uv": [2, 1, 14.25, 14.25], "texture": "#2"},
				"south": {"uv": [2, 1, 14.25, 14.25], "texture": "#2"},
				"west": {"uv": [2, 1, 14.25, 14.25], "texture": "#2"},
				"up": {"uv": [2, 1, 14.25, 14.25], "texture": "#2"},
				"down": {"uv": [2, 1, 14.25, 14.25], "texture": "#2"}
			}
		}
	],
	"display": {
		"thirdperson_righthand": {
			"rotation": [0, 90, 0],
			"translation": [0, 6, 1.5],
			"scale": [1.5, 1.5, 1.5]
		},
		"firstperson_righthand": {
			"rotation": [0, -90, 0],
			"translation": [3, 4.5, 0],
			"scale": [1.5, 1.5, 1.5]
		},
		"firstperson_lefthand": {
			"rotation": [0, 90, 0],
			"translation": [3, 4.5, 0],
			"scale": [1.5, 1.5, 1.5]
		},
		"ground": {
			"rotation": [45, 90, 90],
			"translation": [0, 3.5, 0],
			"scale": [1.6, 1.6, 1.6]
		},
		"gui": {
			"rotation": [-12, 180, -47],
			"scale": [1.2, 1.2, 1.2]
		},
		"head": {
			"rotation": [180, 2, -40],
			"translation": [-1.5, -14, 3],
			"scale": [1.8, 1.8, 1.8]
		},
		"fixed": {
			"rotation": [90, 24, 90],
			"translation": [-1.5, -1.5, -1]
		}
	},
	"groups": [
		{
			"name": "group",
			"origin": [8, 8, 8],
			"children": [0, 1, 2, 3, 4, 5, 6]
		},
		{
			"name": "group",
			"origin": [8, 8, 8],
			"children": [7, 8, 9, 10, 11]
		},
		{
			"name": "group",
			"origin": [8, 8, 8],
			"children": [12, 13, 14, 15]
		}, 16, 17, 18, 19, 20, 21, 22, 23, 24, 25, 26, 27, 28, 29, 30, 31, 32, 33, 34, 35, 36, 37, 38, 39, 40, 41, 42, 43, 44, 45, 46, 47, 48, 49, 50, 51, 52, 53, 54, 55, 56, 57, 58, 59, 60, 61, 62, 63, 64, 65, 66, 67, 68, 69, 70, 71, 72, 73, 74, 75, 76]
}