{
  "type": "minecraft:entity",
  "pools": [
    {
      "rolls": 1,
      "entries": [
        {
          "type": "minecraft:item",
          "name": "minecraft:iron_sword",
          "functions": [
            {
                "function": "minecraft:set_name",
                "name": {"text":"ページ1-1: 近接装備","color":"aqua","italic":false}
            },
            {
                "function": "minecraft:set_lore",
                "lore": [
                  {"text":"Enderchest: ページ1-1を開く","italic":false,"color":"light_purple"}
                ]
            },
            {
                "function": "minecraft:set_nbt",
                "tag": "{invGUI:9b,invGUIitem:1b,AttributeModifiers:[{}]}"
            }
          ]
        }
      ]
    }
  ]
}