{
  "type": "minecraft:entity",
  "pools": [
    {
      "rolls": 1,
      "entries": [
        {
          "type": "minecraft:item",
          "name": "minecraft:shield",
          "functions": [
            {
                "function": "minecraft:set_name",
                "name": {"text":"ページ1-2: オフハンド装備","color":"aqua","italic":false}
            },
            {
                "function": "minecraft:set_lore",
                "lore": [
                  {"text":"Enderchest: ページ1-2を開く","italic":false,"color":"light_purple"},
                  [{"text":"Tips: ","italic":false,"color":"aqua"},{"text":"他の装備にスキルを追加する装備もあります。","italic":false,"color":"gold"}]
                ]
            },
            {
                "function": "minecraft:set_nbt",
                "tag": "{invGUI:18b,invGUIitem:1b}"
            }
          ]
        }
      ]
    }
  ]
}