{
  "type": "minecraft:entity",
  "pools": [
    {
      "rolls": 1,
      "entries": [
        {
          "type": "minecraft:item",
          "name": "minecraft:bow",
          "functions": [
            {
                "function": "minecraft:set_name",
                "name": {"text":"ページ2-1: 弓・矢筒","color":"aqua","italic":false}
            },
            {
                "function": "minecraft:set_lore",
                "lore": [
                  {"text":"Enderchest: ページ2-1を開く","italic":false,"color":"light_purple"},
                  [{"text":"※注意：","italic":false,"color":"red"},{"text":"矢筒はスタックした状態でないと使用できません。","italic":false,"color":"gold"}]
                ]
            },
            {
                "function": "minecraft:set_nbt",
                "tag": "{invGUI:10b,invGUIitem:1b}"
            }
          ]
        }
      ]
    }
  ]
}