{
  "type": "minecraft:entity",
  "pools": [
    {
      "rolls": 1,
      "entries": [
        {
          "type": "minecraft:item",
          "name": "minecraft:carrot_on_a_stick",
          "functions": [
            {
                "function": "minecraft:set_name",
                "name": {"text":"ページ5-2: 補助魔法Ⅱ","color":"aqua","italic":false}
            },
            {
                "function": "minecraft:set_lore",
                "lore": [
                  {"text":"Enderchest: ページ5-2を開く","italic":false,"color":"light_purple"}
                ]
            },
            {
                "function": "minecraft:set_nbt",
                "tag": "{CustomModelData:92,invGUI:22b,invGUIitem:1b}"
            }
          ]
        }
      ]
    }
  ]
}