{
  "type": "minecraft:entity",
  "pools": [
    {
      "rolls": 1,
      "entries": [
        {
          "type": "minecraft:item",
          "name": "minecraft:nether_star",
          "functions": [
            {
                "function": "minecraft:set_name",
                "name": {"text":"OP: モニターを開く","color":"light_purple","italic":false}
            },
            {
                "function": "minecraft:set_nbt",
                "tag": "{invGUI:34b,invGUIitem:1b}"
            }
          ]
        }
      ]
    }
  ]
}