{
	"credit": "Made with Blockbench",
	"textures": {
		"0": "block/campfire_log",
		"1": "block/gray_wool",
		"2": "block/stripped_spruce_log",
		"3": "block/light_gray_wool",
		"particle": "block/campfire_log"
	},
	"elements": [
		{
			"from": [8.25, 7.73258, 6.71181],
			"to": [8.75, 8.13258, 6.81181],
			"rotation": {"angle": 0, "axis": "y", "origin": [7, 7.93258, 6.76181]},
			"faces": {
				"north": {"uv": [2.5, 0.5, 2.5, 0.5], "texture": "#0"},
				"east": {"uv": [2.5, 0.5, 2.5, 0.5], "texture": "#0"},
				"south": {"uv": [2.5, 0.5, 2.5, 0.5], "texture": "#0"},
				"west": {"uv": [2.5, 0.5, 2.5, 0.5], "texture": "#0"},
				"up": {"uv": [2.5, 0.5, 2.5, 0.5], "texture": "#0"},
				"down": {"uv": [2.5, 0.5, 2.5, 0.5], "texture": "#0"}
			}
		},
		{
			"from": [8.80699, 7.73258, 6.32532],
			"to": [9.55699, 8.13258, 6.42532],
			"rotation": {"angle": -22.5, "axis": "y", "origin": [7.80699, 7.93258, 6.37532]},
			"faces": {
				"north": {"uv": [2.5, 0.5, 2.5, 0.5], "texture": "#0"},
				"east": {"uv": [2.5, 0.5, 2.5, 0.5], "texture": "#0"},
				"south": {"uv": [2.5, 0.5, 2.5, 0.5], "texture": "#0"},
				"west": {"uv": [2.5, 0.5, 2.5, 0.5], "texture": "#0"},
				"up": {"uv": [2.5, 0.5, 2.5, 0.5], "texture": "#0"},
				"down": {"uv": [2.5, 0.5, 2.5, 0.5], "texture": "#0"}
			}
		},
		{
			"from": [9.69676, 7.73258, 6.27607],
			"to": [9.94676, 8.13258, 6.37607],
			"rotation": {"angle": -45, "axis": "y", "origin": [8.69676, 7.93258, 6.32607]},
			"faces": {
				"north": {"uv": [2.5, 0.5, 2.5, 0.5], "texture": "#0"},
				"east": {"uv": [2.5, 0.5, 2.5, 0.5], "texture": "#0"},
				"south": {"uv": [2.5, 0.5, 2.5, 0.5], "texture": "#0"},
				"west": {"uv": [2.5, 0.5, 2.5, 0.5], "texture": "#0"},
				"up": {"uv": [2.5, 0.5, 2.5, 0.5], "texture": "#0"},
				"down": {"uv": [2.5, 0.5, 2.5, 0.5], "texture": "#0"}
			}
		},
		{
			"from": [9.03842, 7.73258, 7.28655],
			"to": [9.13842, 8.13258, 8.28655],
			"rotation": {"angle": 22.5, "axis": "y", "origin": [9.08842, 7.93258, 6.03655]},
			"faces": {
				"north": {"uv": [2.5, 0.5, 2.5, 0.5], "texture": "#0"},
				"east": {"uv": [2.5, 0.5, 2.5, 0.5], "texture": "#0"},
				"south": {"uv": [2.5, 0.5, 2.5, 0.5], "texture": "#0"},
				"west": {"uv": [2.5, 0.5, 2.5, 0.5], "texture": "#0"},
				"up": {"uv": [2.5, 0.5, 2.5, 0.5], "rotation": 270, "texture": "#0"},
				"down": {"uv": [2.5, 0.5, 2.5, 0.5], "rotation": 90, "texture": "#0"}
			}
		},
		{
			"from": [9.89375, 7.73258, 8.09283],
			"to": [9.99375, 8.13258, 8.74283],
			"rotation": {"angle": 0, "axis": "y", "origin": [9.94375, 7.93258, 6.84283]},
			"faces": {
				"north": {"uv": [2.5, 0.5, 2.5, 0.5], "texture": "#0"},
				"east": {"uv": [2.5, 0.5, 2.5, 0.5], "texture": "#0"},
				"south": {"uv": [2.5, 0.5, 2.5, 0.5], "texture": "#0"},
				"west": {"uv": [2.5, 0.5, 2.5, 0.5], "texture": "#0"},
				"up": {"uv": [2.5, 0.5, 2.5, 0.5], "rotation": 270, "texture": "#0"},
				"down": {"uv": [2.5, 0.5, 2.5, 0.5], "rotation": 90, "texture": "#0"}
			}
		},
		{
			"from": [9.86875, 7.99258, 8.08658],
			"to": [10.01875, 8.15258, 8.76783],
			"rotation": {"angle": 0, "axis": "y", "origin": [9.94375, 7.93258, 6.84283]},
			"faces": {
				"north": {"uv": [0.5, 8.5, 0.5, 8.5], "rotation": 270, "texture": "#0"},
				"east": {"uv": [0.5, 8.5, 0.5, 8.5], "rotation": 270, "texture": "#0"},
				"south": {"uv": [0.5, 8.5, 0.5, 8.5], "rotation": 270, "texture": "#0"},
				"west": {"uv": [0.5, 8.5, 0.5, 8.5], "rotation": 270, "texture": "#0"},
				"up": {"uv": [0.5, 8.5, 0.5, 8.5], "rotation": 270, "texture": "#0"},
				"down": {"uv": [0.5, 8.5, 0.5, 8.5], "rotation": 270, "texture": "#0"}
			}
		},
		{
			"from": [8.25, 7.99258, 6.68681],
			"to": [8.75625, 8.15258, 6.83681],
			"rotation": {"angle": 0, "axis": "y", "origin": [7, 7.93258, 6.76181]},
			"faces": {
				"north": {"uv": [0.5, 8.5, 0.5, 8.5], "texture": "#0"},
				"east": {"uv": [0.5, 8.5, 0.5, 8.5], "texture": "#0"},
				"south": {"uv": [0.5, 8.5, 0.5, 8.5], "texture": "#0"},
				"west": {"uv": [0.5, 8.5, 0.5, 8.5], "texture": "#0"},
				"up": {"uv": [0.5, 8.5, 0.5, 8.5], "texture": "#0"},
				"down": {"uv": [0.5, 8.5, 0.5, 8.5], "texture": "#0"}
			}
		},
		{
			"from": [8.80074, 7.99258, 6.30032],
			"to": [9.55699, 8.15258, 6.45032],
			"rotation": {"angle": -22.5, "axis": "y", "origin": [7.80699, 7.93258, 6.37532]},
			"faces": {
				"north": {"uv": [0.5, 8.5, 0.5, 8.5], "texture": "#0"},
				"east": {"uv": [0.5, 8.5, 0.5, 8.5], "texture": "#0"},
				"south": {"uv": [0.5, 8.5, 0.5, 8.5], "texture": "#0"},
				"west": {"uv": [0.5, 8.5, 0.5, 8.5], "texture": "#0"},
				"up": {"uv": [0.5, 8.5, 0.5, 8.5], "texture": "#0"},
				"down": {"uv": [0.5, 8.5, 0.5, 8.5], "texture": "#0"}
			}
		},
		{
			"from": [9.69051, 7.99258, 6.25107],
			"to": [9.94676, 8.15258, 6.40107],
			"rotation": {"angle": -45, "axis": "y", "origin": [8.69676, 7.93258, 6.32607]},
			"faces": {
				"north": {"uv": [0.5, 8.5, 0.5, 8.5], "texture": "#0"},
				"east": {"uv": [0.5, 8.5, 0.5, 8.5], "texture": "#0"},
				"south": {"uv": [0.5, 8.5, 0.5, 8.5], "texture": "#0"},
				"west": {"uv": [0.5, 8.5, 0.5, 8.5], "texture": "#0"},
				"up": {"uv": [0.5, 8.5, 0.5, 8.5], "texture": "#0"},
				"down": {"uv": [0.5, 8.5, 0.5, 8.5], "texture": "#0"}
			}
		},
		{
			"from": [9.01342, 7.99258, 7.2803],
			"to": [9.16342, 8.15258, 8.28655],
			"rotation": {"angle": 22.5, "axis": "y", "origin": [9.08842, 7.93258, 6.03655]},
			"faces": {
				"north": {"uv": [0.5, 8.5, 0.5, 8.5], "rotation": 270, "texture": "#0"},
				"east": {"uv": [0.5, 8.5, 0.5, 8.5], "rotation": 270, "texture": "#0"},
				"south": {"uv": [0.5, 8.5, 0.5, 8.5], "rotation": 270, "texture": "#0"},
				"west": {"uv": [0.5, 8.5, 0.5, 8.5], "rotation": 270, "texture": "#0"},
				"up": {"uv": [0.5, 8.5, 0.5, 8.5], "rotation": 270, "texture": "#0"},
				"down": {"uv": [0.5, 8.5, 0.5, 8.5], "rotation": 270, "texture": "#0"}
			}
		},
		{
			"from": [9.86875, 7.71258, 8.08658],
			"to": [10.01875, 7.87258, 8.76783],
			"rotation": {"angle": 0, "axis": "y", "origin": [9.94375, 7.65258, 6.84283]},
			"faces": {
				"north": {"uv": [0.5, 8.5, 0.5, 8.5], "rotation": 270, "texture": "#0"},
				"east": {"uv": [0.5, 8.5, 0.5, 8.5], "rotation": 270, "texture": "#0"},
				"south": {"uv": [0.5, 8.5, 0.5, 8.5], "rotation": 270, "texture": "#0"},
				"west": {"uv": [0.5, 8.5, 0.5, 8.5], "rotation": 270, "texture": "#0"},
				"up": {"uv": [0.5, 8.5, 0.5, 8.5], "rotation": 270, "texture": "#0"},
				"down": {"uv": [0.5, 8.5, 0.5, 8.5], "rotation": 270, "texture": "#0"}
			}
		},
		{
			"from": [8.25, 7.71258, 6.68681],
			"to": [8.75625, 7.87258, 6.83681],
			"rotation": {"angle": 0, "axis": "y", "origin": [7, 7.65258, 6.76181]},
			"faces": {
				"north": {"uv": [0.5, 8.5, 0.5, 8.5], "texture": "#0"},
				"east": {"uv": [0.5, 8.5, 0.5, 8.5], "texture": "#0"},
				"south": {"uv": [0.5, 8.5, 0.5, 8.5], "texture": "#0"},
				"west": {"uv": [0.5, 8.5, 0.5, 8.5], "texture": "#0"},
				"up": {"uv": [0.5, 8.5, 0.5, 8.5], "texture": "#0"},
				"down": {"uv": [0.5, 8.5, 0.5, 8.5], "texture": "#0"}
			}
		},
		{
			"from": [8.80074, 7.71258, 6.30032],
			"to": [9.55699, 7.87258, 6.45032],
			"rotation": {"angle": -22.5, "axis": "y", "origin": [7.80699, 7.65258, 6.37532]},
			"faces": {
				"north": {"uv": [0.5, 8.5, 0.5, 8.5], "texture": "#0"},
				"east": {"uv": [0.5, 8.5, 0.5, 8.5], "texture": "#0"},
				"south": {"uv": [0.5, 8.5, 0.5, 8.5], "texture": "#0"},
				"west": {"uv": [0.5, 8.5, 0.5, 8.5], "texture": "#0"},
				"up": {"uv": [0.5, 8.5, 0.5, 8.5], "texture": "#0"},
				"down": {"uv": [0.5, 8.5, 0.5, 8.5], "texture": "#0"}
			}
		},
		{
			"from": [9.69051, 7.71258, 6.25107],
			"to": [9.94676, 7.87258, 6.40107],
			"rotation": {"angle": -45, "axis": "y", "origin": [8.69676, 7.65258, 6.32607]},
			"faces": {
				"north": {"uv": [0.5, 8.5, 0.5, 8.5], "texture": "#0"},
				"east": {"uv": [0.5, 8.5, 0.5, 8.5], "texture": "#0"},
				"south": {"uv": [0.5, 8.5, 0.5, 8.5], "texture": "#0"},
				"west": {"uv": [0.5, 8.5, 0.5, 8.5], "texture": "#0"},
				"up": {"uv": [0.5, 8.5, 0.5, 8.5], "texture": "#0"},
				"down": {"uv": [0.5, 8.5, 0.5, 8.5], "texture": "#0"}
			}
		},
		{
			"from": [9.01342, 7.71258, 7.2803],
			"to": [9.16342, 7.87258, 8.28655],
			"rotation": {"angle": 22.5, "axis": "y", "origin": [9.08842, 7.65258, 6.03655]},
			"faces": {
				"north": {"uv": [0.5, 8.5, 0.5, 8.5], "rotation": 270, "texture": "#0"},
				"east": {"uv": [0.5, 8.5, 0.5, 8.5], "rotation": 270, "texture": "#0"},
				"south": {"uv": [0.5, 8.5, 0.5, 8.5], "rotation": 270, "texture": "#0"},
				"west": {"uv": [0.5, 8.5, 0.5, 8.5], "rotation": 270, "texture": "#0"},
				"up": {"uv": [0.5, 8.5, 0.5, 8.5], "rotation": 270, "texture": "#0"},
				"down": {"uv": [0.5, 8.5, 0.5, 8.5], "rotation": 270, "texture": "#0"}
			}
		},
		{
			"from": [7.25, 7.73258, 6.71181],
			"to": [7.75, 8.13258, 6.81181],
			"rotation": {"angle": 0, "axis": "y", "origin": [9, 7.93258, 6.76181]},
			"faces": {
				"north": {"uv": [2.5, 0.5, 2.5, 0.5], "texture": "#0"},
				"east": {"uv": [2.5, 0.5, 2.5, 0.5], "texture": "#0"},
				"south": {"uv": [2.5, 0.5, 2.5, 0.5], "texture": "#0"},
				"west": {"uv": [2.5, 0.5, 2.5, 0.5], "texture": "#0"},
				"up": {"uv": [2.5, 0.5, 2.5, 0.5], "texture": "#0"},
				"down": {"uv": [2.5, 0.5, 2.5, 0.5], "texture": "#0"}
			}
		},
		{
			"from": [6.44301, 7.73258, 6.32532],
			"to": [7.19301, 8.13258, 6.42532],
			"rotation": {"angle": 22.5, "axis": "y", "origin": [8.19301, 7.93258, 6.37532]},
			"faces": {
				"north": {"uv": [2.5, 0.5, 2.5, 0.5], "texture": "#0"},
				"east": {"uv": [2.5, 0.5, 2.5, 0.5], "texture": "#0"},
				"south": {"uv": [2.5, 0.5, 2.5, 0.5], "texture": "#0"},
				"west": {"uv": [2.5, 0.5, 2.5, 0.5], "texture": "#0"},
				"up": {"uv": [2.5, 0.5, 2.5, 0.5], "texture": "#0"},
				"down": {"uv": [2.5, 0.5, 2.5, 0.5], "texture": "#0"}
			}
		},
		{
			"from": [6.05324, 7.73258, 6.27607],
			"to": [6.30324, 8.13258, 6.37607],
			"rotation": {"angle": 45, "axis": "y", "origin": [7.30324, 7.93258, 6.32607]},
			"faces": {
				"north": {"uv": [2.5, 0.5, 2.5, 0.5], "texture": "#0"},
				"east": {"uv": [2.5, 0.5, 2.5, 0.5], "texture": "#0"},
				"south": {"uv": [2.5, 0.5, 2.5, 0.5], "texture": "#0"},
				"west": {"uv": [2.5, 0.5, 2.5, 0.5], "texture": "#0"},
				"up": {"uv": [2.5, 0.5, 2.5, 0.5], "texture": "#0"},
				"down": {"uv": [2.5, 0.5, 2.5, 0.5], "texture": "#0"}
			}
		},
		{
			"from": [6.86158, 7.73258, 7.28655],
			"to": [6.96158, 8.13258, 8.28655],
			"rotation": {"angle": -22.5, "axis": "y", "origin": [6.91158, 7.93258, 6.03655]},
			"faces": {
				"north": {"uv": [2.5, 0.5, 2.5, 0.5], "texture": "#0"},
				"east": {"uv": [2.5, 0.5, 2.5, 0.5], "texture": "#0"},
				"south": {"uv": [2.5, 0.5, 2.5, 0.5], "texture": "#0"},
				"west": {"uv": [2.5, 0.5, 2.5, 0.5], "texture": "#0"},
				"up": {"uv": [2.5, 0.5, 2.5, 0.5], "rotation": 270, "texture": "#0"},
				"down": {"uv": [2.5, 0.5, 2.5, 0.5], "rotation": 90, "texture": "#0"}
			}
		},
		{
			"from": [6.00625, 7.73258, 8.09283],
			"to": [6.10625, 8.13258, 8.74283],
			"rotation": {"angle": 0, "axis": "y", "origin": [6.05625, 7.93258, 6.84283]},
			"faces": {
				"north": {"uv": [2.5, 0.5, 2.5, 0.5], "texture": "#0"},
				"east": {"uv": [2.5, 0.5, 2.5, 0.5], "texture": "#0"},
				"south": {"uv": [2.5, 0.5, 2.5, 0.5], "texture": "#0"},
				"west": {"uv": [2.5, 0.5, 2.5, 0.5], "texture": "#0"},
				"up": {"uv": [2.5, 0.5, 2.5, 0.5], "rotation": 270, "texture": "#0"},
				"down": {"uv": [2.5, 0.5, 2.5, 0.5], "rotation": 90, "texture": "#0"}
			}
		},
		{
			"from": [5.98125, 7.99258, 8.08658],
			"to": [6.13125, 8.15258, 8.76783],
			"rotation": {"angle": 0, "axis": "y", "origin": [6.05625, 7.93258, 6.84283]},
			"faces": {
				"north": {"uv": [0.5, 8.5, 0.5, 8.5], "rotation": 270, "texture": "#0"},
				"east": {"uv": [0.5, 8.5, 0.5, 8.5], "rotation": 270, "texture": "#0"},
				"south": {"uv": [0.5, 8.5, 0.5, 8.5], "rotation": 270, "texture": "#0"},
				"west": {"uv": [0.5, 8.5, 0.5, 8.5], "rotation": 270, "texture": "#0"},
				"up": {"uv": [0.5, 8.5, 0.5, 8.5], "rotation": 270, "texture": "#0"},
				"down": {"uv": [0.5, 8.5, 0.5, 8.5], "rotation": 270, "texture": "#0"}
			}
		},
		{
			"from": [7.24375, 7.99258, 6.68681],
			"to": [7.75, 8.15258, 6.83681],
			"rotation": {"angle": 0, "axis": "y", "origin": [9, 7.93258, 6.76181]},
			"faces": {
				"north": {"uv": [0.5, 8.5, 0.5, 8.5], "texture": "#0"},
				"east": {"uv": [0.5, 8.5, 0.5, 8.5], "texture": "#0"},
				"south": {"uv": [0.5, 8.5, 0.5, 8.5], "texture": "#0"},
				"west": {"uv": [0.5, 8.5, 0.5, 8.5], "texture": "#0"},
				"up": {"uv": [0.5, 8.5, 0.5, 8.5], "texture": "#0"},
				"down": {"uv": [0.5, 8.5, 0.5, 8.5], "texture": "#0"}
			}
		},
		{
			"from": [6.44301, 7.99258, 6.30032],
			"to": [7.19926, 8.15258, 6.45032],
			"rotation": {"angle": 22.5, "axis": "y", "origin": [8.19301, 7.93258, 6.37532]},
			"faces": {
				"north": {"uv": [0.5, 8.5, 0.5, 8.5], "texture": "#0"},
				"east": {"uv": [0.5, 8.5, 0.5, 8.5], "texture": "#0"},
				"south": {"uv": [0.5, 8.5, 0.5, 8.5], "texture": "#0"},
				"west": {"uv": [0.5, 8.5, 0.5, 8.5], "texture": "#0"},
				"up": {"uv": [0.5, 8.5, 0.5, 8.5], "texture": "#0"},
				"down": {"uv": [0.5, 8.5, 0.5, 8.5], "texture": "#0"}
			}
		},
		{
			"from": [6.05324, 7.99258, 6.25107],
			"to": [6.30949, 8.15258, 6.40107],
			"rotation": {"angle": 45, "axis": "y", "origin": [7.30324, 7.93258, 6.32607]},
			"faces": {
				"north": {"uv": [0.5, 8.5, 0.5, 8.5], "texture": "#0"},
				"east": {"uv": [0.5, 8.5, 0.5, 8.5], "texture": "#0"},
				"south": {"uv": [0.5, 8.5, 0.5, 8.5], "texture": "#0"},
				"west": {"uv": [0.5, 8.5, 0.5, 8.5], "texture": "#0"},
				"up": {"uv": [0.5, 8.5, 0.5, 8.5], "texture": "#0"},
				"down": {"uv": [0.5, 8.5, 0.5, 8.5], "texture": "#0"}
			}
		},
		{
			"from": [6.83658, 7.99258, 7.2803],
			"to": [6.98658, 8.15258, 8.28655],
			"rotation": {"angle": -22.5, "axis": "y", "origin": [6.91158, 7.93258, 6.03655]},
			"faces": {
				"north": {"uv": [0.5, 8.5, 0.5, 8.5], "rotation": 270, "texture": "#0"},
				"east": {"uv": [0.5, 8.5, 0.5, 8.5], "rotation": 270, "texture": "#0"},
				"south": {"uv": [0.5, 8.5, 0.5, 8.5], "rotation": 270, "texture": "#0"},
				"west": {"uv": [0.5, 8.5, 0.5, 8.5], "rotation": 270, "texture": "#0"},
				"up": {"uv": [0.5, 8.5, 0.5, 8.5], "rotation": 270, "texture": "#0"},
				"down": {"uv": [0.5, 8.5, 0.5, 8.5], "rotation": 270, "texture": "#0"}
			}
		},
		{
			"from": [5.98125, 7.71258, 8.08658],
			"to": [6.13125, 7.87258, 8.76783],
			"rotation": {"angle": 0, "axis": "y", "origin": [6.05625, 7.65258, 6.84283]},
			"faces": {
				"north": {"uv": [0.5, 8.5, 0.5, 8.5], "rotation": 270, "texture": "#0"},
				"east": {"uv": [0.5, 8.5, 0.5, 8.5], "rotation": 270, "texture": "#0"},
				"south": {"uv": [0.5, 8.5, 0.5, 8.5], "rotation": 270, "texture": "#0"},
				"west": {"uv": [0.5, 8.5, 0.5, 8.5], "rotation": 270, "texture": "#0"},
				"up": {"uv": [0.5, 8.5, 0.5, 8.5], "rotation": 270, "texture": "#0"},
				"down": {"uv": [0.5, 8.5, 0.5, 8.5], "rotation": 270, "texture": "#0"}
			}
		},
		{
			"from": [7.24375, 7.71258, 6.68681],
			"to": [7.75, 7.87258, 6.83681],
			"rotation": {"angle": 0, "axis": "y", "origin": [9, 7.65258, 6.76181]},
			"faces": {
				"north": {"uv": [0.5, 8.5, 0.5, 8.5], "texture": "#0"},
				"east": {"uv": [0.5, 8.5, 0.5, 8.5], "texture": "#0"},
				"south": {"uv": [0.5, 8.5, 0.5, 8.5], "texture": "#0"},
				"west": {"uv": [0.5, 8.5, 0.5, 8.5], "texture": "#0"},
				"up": {"uv": [0.5, 8.5, 0.5, 8.5], "texture": "#0"},
				"down": {"uv": [0.5, 8.5, 0.5, 8.5], "texture": "#0"}
			}
		},
		{
			"from": [6.44301, 7.71258, 6.30032],
			"to": [7.19926, 7.87258, 6.45032],
			"rotation": {"angle": 22.5, "axis": "y", "origin": [8.19301, 7.65258, 6.37532]},
			"faces": {
				"north": {"uv": [0.5, 8.5, 0.5, 8.5], "texture": "#0"},
				"east": {"uv": [0.5, 8.5, 0.5, 8.5], "texture": "#0"},
				"south": {"uv": [0.5, 8.5, 0.5, 8.5], "texture": "#0"},
				"west": {"uv": [0.5, 8.5, 0.5, 8.5], "texture": "#0"},
				"up": {"uv": [0.5, 8.5, 0.5, 8.5], "texture": "#0"},
				"down": {"uv": [0.5, 8.5, 0.5, 8.5], "texture": "#0"}
			}
		},
		{
			"from": [6.05324, 7.71258, 6.25107],
			"to": [6.30949, 7.87258, 6.40107],
			"rotation": {"angle": 45, "axis": "y", "origin": [7.30324, 7.65258, 6.32607]},
			"faces": {
				"north": {"uv": [0.5, 8.5, 0.5, 8.5], "texture": "#0"},
				"east": {"uv": [0.5, 8.5, 0.5, 8.5], "texture": "#0"},
				"south": {"uv": [0.5, 8.5, 0.5, 8.5], "texture": "#0"},
				"west": {"uv": [0.5, 8.5, 0.5, 8.5], "texture": "#0"},
				"up": {"uv": [0.5, 8.5, 0.5, 8.5], "texture": "#0"},
				"down": {"uv": [0.5, 8.5, 0.5, 8.5], "texture": "#0"}
			}
		},
		{
			"from": [6.83658, 7.71258, 7.2803],
			"to": [6.98658, 7.87258, 8.28655],
			"rotation": {"angle": -22.5, "axis": "y", "origin": [6.91158, 7.65258, 6.03655]},
			"faces": {
				"north": {"uv": [0.5, 8.5, 0.5, 8.5], "rotation": 270, "texture": "#0"},
				"east": {"uv": [0.5, 8.5, 0.5, 8.5], "rotation": 270, "texture": "#0"},
				"south": {"uv": [0.5, 8.5, 0.5, 8.5], "rotation": 270, "texture": "#0"},
				"west": {"uv": [0.5, 8.5, 0.5, 8.5], "rotation": 270, "texture": "#0"},
				"up": {"uv": [0.5, 8.5, 0.5, 8.5], "rotation": 270, "texture": "#0"},
				"down": {"uv": [0.5, 8.5, 0.5, 8.5], "rotation": 270, "texture": "#0"}
			}
		},
		{
			"from": [7.5625, 7.69508, 6.44931],
			"to": [8.4375, 8.05758, 7.07431],
			"rotation": {"angle": 0, "axis": "y", "origin": [8, 7.72008, 6.76181]},
			"faces": {
				"north": {"uv": [1.5, 8.5, 1.5, 8.5], "texture": "#0"},
				"east": {"uv": [1.5, 8.5, 1.5, 8.5], "texture": "#0"},
				"south": {"uv": [1.5, 8.5, 1.5, 8.5], "texture": "#0"},
				"west": {"uv": [1.5, 8.5, 1.5, 8.5], "texture": "#0"},
				"up": {"uv": [1.5, 8.5, 1.5, 8.5], "texture": "#0"},
				"down": {"uv": [1.5, 8.5, 1.5, 8.5], "texture": "#0"}
			}
		},
		{
			"from": [7.5625, 7.92703, 6.82682],
			"to": [8.4375, 8.18953, 7.13932],
			"rotation": {"angle": 45, "axis": "x", "origin": [8, 7.88953, 6.82682]},
			"faces": {
				"north": {"uv": [1.5, 8.5, 1.5, 8.5], "texture": "#0"},
				"east": {"uv": [1.5, 8.5, 1.5, 8.5], "texture": "#0"},
				"south": {"uv": [1.5, 8.5, 1.5, 8.5], "texture": "#0"},
				"west": {"uv": [1.5, 8.5, 1.5, 8.5], "texture": "#0"},
				"up": {"uv": [1.5, 8.5, 1.5, 8.5], "texture": "#0"},
				"down": {"uv": [1.5, 8.5, 1.5, 8.5], "texture": "#0"}
			}
		},
		{
			"from": [7.5625, 7.84046, 7.03474],
			"to": [8.4375, 7.92796, 7.50974],
			"rotation": {"angle": -22.5, "axis": "x", "origin": [8, 8.06546, 7.24724]},
			"faces": {
				"north": {"uv": [1.5, 8.5, 1.5, 8.5], "texture": "#0"},
				"east": {"uv": [1.5, 8.5, 1.5, 8.5], "rotation": 90, "texture": "#0"},
				"south": {"uv": [1.5, 8.5, 1.5, 8.5], "rotation": 180, "texture": "#0"},
				"west": {"uv": [1.5, 8.5, 1.5, 8.5], "rotation": 270, "texture": "#0"},
				"up": {"uv": [1.5, 8.5, 1.5, 8.5], "texture": "#0"},
				"down": {"uv": [1.5, 8.5, 1.5, 8.5], "rotation": 180, "texture": "#0"}
			}
		},
		{
			"from": [7.5625, 7.87648, 6.82725],
			"to": [8.4375, 8.06398, 10.321],
			"rotation": {"angle": 0, "axis": "x", "origin": [8, 8.06398, 6.91475]},
			"faces": {
				"north": {"uv": [1.5, 8.5, 1.5, 8.5], "texture": "#0"},
				"east": {"uv": [1.5, 8.5, 1.5, 8.5], "rotation": 90, "texture": "#0"},
				"south": {"uv": [1.5, 8.5, 1.5, 8.5], "rotation": 180, "texture": "#0"},
				"west": {"uv": [1.5, 8.5, 1.5, 8.5], "rotation": 270, "texture": "#0"},
				"up": {"uv": [1.5, 8.5, 1.5, 8.5], "texture": "#0"},
				"down": {"uv": [1.5, 8.5, 1.5, 8.5], "rotation": 180, "texture": "#0"}
			}
		},
		{
			"from": [7.7214, 8.13086, 6.44931],
			"to": [7.8464, 8.27461, 10.13681],
			"rotation": {"angle": -22.5, "axis": "z", "origin": [7.3464, 7.93711, 6.76181]},
			"faces": {
				"north": {"uv": [1.5, 8.5, 1.5, 8.5], "texture": "#0"},
				"east": {"uv": [1.5, 8.5, 1.5, 8.5], "texture": "#0"},
				"south": {"uv": [1.5, 8.5, 1.5, 8.5], "texture": "#0"},
				"west": {"uv": [1.5, 8.5, 1.5, 8.5], "texture": "#0"},
				"up": {"uv": [1.5, 8.5, 1.5, 8.5], "texture": "#0"},
				"down": {"uv": [1.5, 8.5, 1.5, 8.5], "texture": "#0"}
			}
		},
		{
			"from": [7.61106, 8.42657, 6.44931],
			"to": [7.79231, 8.55782, 10.13681],
			"rotation": {"angle": -45, "axis": "z", "origin": [7.22981, 8.22032, 6.76181]},
			"faces": {
				"north": {"uv": [1.5, 8.5, 1.5, 8.5], "texture": "#0"},
				"east": {"uv": [1.5, 8.5, 1.5, 8.5], "texture": "#0"},
				"south": {"uv": [1.5, 8.5, 1.5, 8.5], "texture": "#0"},
				"west": {"uv": [1.5, 8.5, 1.5, 8.5], "texture": "#0"},
				"up": {"uv": [1.5, 8.5, 1.5, 8.5], "texture": "#0"},
				"down": {"uv": [1.5, 8.5, 1.5, 8.5], "texture": "#0"}
			}
		},
		{
			"from": [7.4445, 7.97764, 6.44931],
			"to": [7.58825, 8.10264, 10.13681],
			"rotation": {"angle": 22.5, "axis": "z", "origin": [7.25075, 8.54014, 6.76181]},
			"faces": {
				"north": {"uv": [1.5, 8.5, 1.5, 8.5], "rotation": 90, "texture": "#0"},
				"east": {"uv": [1.5, 8.5, 1.5, 8.5], "rotation": 90, "texture": "#0"},
				"south": {"uv": [1.5, 8.5, 1.5, 8.5], "rotation": 270, "texture": "#0"},
				"west": {"uv": [1.5, 8.5, 1.5, 8.5], "rotation": 90, "texture": "#0"},
				"up": {"uv": [1.5, 8.5, 1.5, 8.5], "rotation": 90, "texture": "#0"},
				"down": {"uv": [1.5, 8.5, 1.5, 8.5], "rotation": 90, "texture": "#0"}
			}
		},
		{
			"from": [7.5625, 8.02759, 6.44931],
			"to": [7.7255, 8.26509, 10.13681],
			"rotation": {"angle": 0, "axis": "y", "origin": [8.10499, 7.74009, 6.78681]},
			"faces": {
				"north": {"uv": [1.5, 8.5, 1.5, 8.5], "texture": "#0"},
				"east": {"uv": [1.5, 8.5, 1.5, 8.5], "texture": "#0"},
				"south": {"uv": [1.5, 8.5, 1.5, 8.5], "texture": "#0"},
				"west": {"uv": [1.5, 8.5, 1.5, 8.5], "texture": "#0"},
				"up": {"uv": [1.5, 8.5, 1.5, 8.5], "texture": "#0"},
				"down": {"uv": [1.5, 8.5, 1.5, 8.5], "texture": "#0"}
			}
		},
		{
			"from": [8.1536, 8.13086, 6.44931],
			"to": [8.2786, 8.27461, 10.13681],
			"rotation": {"angle": 22.5, "axis": "z", "origin": [8.6536, 7.93711, 6.76181]},
			"faces": {
				"north": {"uv": [1.5, 8.5, 1.5, 8.5], "texture": "#0"},
				"east": {"uv": [1.5, 8.5, 1.5, 8.5], "texture": "#0"},
				"south": {"uv": [1.5, 8.5, 1.5, 8.5], "texture": "#0"},
				"west": {"uv": [1.5, 8.5, 1.5, 8.5], "texture": "#0"},
				"up": {"uv": [1.5, 8.5, 1.5, 8.5], "texture": "#0"},
				"down": {"uv": [1.5, 8.5, 1.5, 8.5], "texture": "#0"}
			}
		},
		{
			"from": [8.20769, 8.42657, 6.44931],
			"to": [8.38894, 8.55782, 10.13681],
			"rotation": {"angle": 45, "axis": "z", "origin": [8.77019, 8.22032, 6.76181]},
			"faces": {
				"north": {"uv": [1.5, 8.5, 1.5, 8.5], "texture": "#0"},
				"east": {"uv": [1.5, 8.5, 1.5, 8.5], "texture": "#0"},
				"south": {"uv": [1.5, 8.5, 1.5, 8.5], "texture": "#0"},
				"west": {"uv": [1.5, 8.5, 1.5, 8.5], "texture": "#0"},
				"up": {"uv": [1.5, 8.5, 1.5, 8.5], "texture": "#0"},
				"down": {"uv": [1.5, 8.5, 1.5, 8.5], "texture": "#0"}
			}
		},
		{
			"from": [8.41175, 7.97764, 6.44931],
			"to": [8.5555, 8.10264, 10.13681],
			"rotation": {"angle": -22.5, "axis": "z", "origin": [8.74925, 8.54014, 6.76181]},
			"faces": {
				"north": {"uv": [1.5, 8.5, 1.5, 8.5], "rotation": 90, "texture": "#0"},
				"east": {"uv": [1.5, 8.5, 1.5, 8.5], "rotation": 90, "texture": "#0"},
				"south": {"uv": [1.5, 8.5, 1.5, 8.5], "rotation": 270, "texture": "#0"},
				"west": {"uv": [1.5, 8.5, 1.5, 8.5], "rotation": 90, "texture": "#0"},
				"up": {"uv": [1.5, 8.5, 1.5, 8.5], "rotation": 90, "texture": "#0"},
				"down": {"uv": [1.5, 8.5, 1.5, 8.5], "rotation": 90, "texture": "#0"}
			}
		},
		{
			"from": [8.2745, 8.02759, 6.44931],
			"to": [8.4375, 8.26509, 10.13681],
			"rotation": {"angle": 0, "axis": "y", "origin": [7.89501, 7.74009, 6.78681]},
			"faces": {
				"north": {"uv": [1.5, 8.5, 1.5, 8.5], "texture": "#0"},
				"east": {"uv": [1.5, 8.5, 1.5, 8.5], "texture": "#0"},
				"south": {"uv": [1.5, 8.5, 1.5, 8.5], "texture": "#0"},
				"west": {"uv": [1.5, 8.5, 1.5, 8.5], "texture": "#0"},
				"up": {"uv": [1.5, 8.5, 1.5, 8.5], "texture": "#0"},
				"down": {"uv": [1.5, 8.5, 1.5, 8.5], "texture": "#0"}
			}
		},
		{
			"from": [7.75, 7.85655, 10.4212],
			"to": [8.25, 8.0128, 10.4962],
			"rotation": {"angle": 22.5, "axis": "x", "origin": [8.00569, 8.24405, 10.4712]},
			"faces": {
				"north": {"uv": [1.5, 8.5, 1.5, 8.5], "texture": "#0"},
				"east": {"uv": [1.5, 8.5, 1.5, 8.5], "texture": "#0"},
				"south": {"uv": [1.5, 8.5, 1.5, 8.5], "texture": "#0"},
				"west": {"uv": [1.5, 8.5, 1.5, 8.5], "texture": "#0"},
				"up": {"uv": [1.5, 8.5, 1.5, 8.5], "texture": "#0"},
				"down": {"uv": [1.5, 8.5, 1.5, 8.5], "texture": "#0"}
			}
		},
		{
			"from": [7.75, 8.02287, 10.38195],
			"to": [8.25, 8.06037, 10.5007],
			"rotation": {"angle": -22.5, "axis": "x", "origin": [8.00569, 8.04787, 10.51945]},
			"faces": {
				"north": {"uv": [1.5, 8.5, 1.5, 8.5], "texture": "#0"},
				"east": {"uv": [1.5, 8.5, 1.5, 8.5], "rotation": 90, "texture": "#0"},
				"south": {"uv": [1.5, 8.5, 1.5, 8.5], "rotation": 180, "texture": "#0"},
				"west": {"uv": [1.5, 8.5, 1.5, 8.5], "rotation": 270, "texture": "#0"},
				"up": {"uv": [1.5, 8.5, 1.5, 8.5], "texture": "#0"},
				"down": {"uv": [1.5, 8.5, 1.5, 8.5], "rotation": 180, "texture": "#0"}
			}
		},
		{
			"from": [7.75, 8.02287, 10.30695],
			"to": [8.25, 8.06037, 10.4257],
			"rotation": {"angle": -45, "axis": "x", "origin": [8.00569, 8.04787, 10.44445]},
			"faces": {
				"north": {"uv": [1.5, 8.5, 1.5, 8.5], "texture": "#0"},
				"east": {"uv": [1.5, 8.5, 1.5, 8.5], "rotation": 90, "texture": "#0"},
				"south": {"uv": [1.5, 8.5, 1.5, 8.5], "rotation": 180, "texture": "#0"},
				"west": {"uv": [1.5, 8.5, 1.5, 8.5], "rotation": 270, "texture": "#0"},
				"up": {"uv": [1.5, 8.5, 1.5, 8.5], "texture": "#0"},
				"down": {"uv": [1.5, 8.5, 1.5, 8.5], "rotation": 180, "texture": "#0"}
			}
		},
		{
			"from": [7.75, 8.01398, 10.321],
			"to": [8.25, 8.06398, 10.846],
			"rotation": {"angle": 0, "axis": "x", "origin": [8, 8.03898, 10.5835]},
			"faces": {
				"north": {"uv": [1.5, 8.5, 1.5, 8.5], "texture": "#0"},
				"east": {"uv": [1.5, 8.5, 1.5, 8.5], "rotation": 90, "texture": "#0"},
				"south": {"uv": [1.5, 8.5, 1.5, 8.5], "rotation": 180, "texture": "#0"},
				"west": {"uv": [1.5, 8.5, 1.5, 8.5], "rotation": 270, "texture": "#0"},
				"up": {"uv": [1.5, 8.5, 1.5, 8.5], "texture": "#0"},
				"down": {"uv": [1.5, 8.5, 1.5, 8.5], "rotation": 180, "texture": "#0"}
			}
		},
		{
			"from": [8.26569, 8.01398, 10.32725],
			"to": [8.38319, 8.06398, 10.45225],
			"rotation": {"angle": 22.5, "axis": "y", "origin": [8.06819, 8.03898, 10.26475]},
			"faces": {
				"north": {"uv": [1.5, 8.5, 1.5, 8.5], "rotation": 270, "texture": "#0"},
				"east": {"uv": [1.5, 8.5, 1.5, 8.5], "texture": "#0"},
				"south": {"uv": [1.5, 8.5, 1.5, 8.5], "rotation": 90, "texture": "#0"},
				"west": {"uv": [1.5, 8.5, 1.5, 8.5], "rotation": 180, "texture": "#0"},
				"up": {"uv": [1.5, 8.5, 1.5, 8.5], "rotation": 270, "texture": "#0"},
				"down": {"uv": [1.5, 8.5, 1.5, 8.5], "rotation": 270, "texture": "#0"}
			}
		},
		{
			"from": [8.22618, 8.01398, 10.56221],
			"to": [8.31368, 8.06398, 10.65596],
			"rotation": {"angle": 45, "axis": "y", "origin": [7.95118, 8.03898, 10.46846]},
			"faces": {
				"north": {"uv": [1.5, 8.5, 1.5, 8.5], "rotation": 270, "texture": "#0"},
				"east": {"uv": [1.5, 8.5, 1.5, 8.5], "texture": "#0"},
				"south": {"uv": [1.5, 8.5, 1.5, 8.5], "rotation": 90, "texture": "#0"},
				"west": {"uv": [1.5, 8.5, 1.5, 8.5], "rotation": 180, "texture": "#0"},
				"up": {"uv": [1.5, 8.5, 1.5, 8.5], "rotation": 270, "texture": "#0"},
				"down": {"uv": [1.5, 8.5, 1.5, 8.5], "rotation": 270, "texture": "#0"}
			}
		},
		{
			"from": [8.07789, 8.01398, 10.2814],
			"to": [8.20539, 8.06398, 10.4064],
			"rotation": {"angle": -22.5, "axis": "y", "origin": [7.98039, 8.03898, 10.56265]},
			"faces": {
				"north": {"uv": [1.5, 8.5, 1.5, 8.5], "texture": "#0"},
				"east": {"uv": [1.5, 8.5, 1.5, 8.5], "rotation": 90, "texture": "#0"},
				"south": {"uv": [1.5, 8.5, 1.5, 8.5], "rotation": 180, "texture": "#0"},
				"west": {"uv": [1.5, 8.5, 1.5, 8.5], "rotation": 270, "texture": "#0"},
				"up": {"uv": [1.5, 8.5, 1.5, 8.5], "texture": "#0"},
				"down": {"uv": [1.5, 8.5, 1.5, 8.5], "rotation": 180, "texture": "#0"}
			}
		},
		{
			"from": [7.79461, 8.01398, 10.2814],
			"to": [7.92211, 8.06398, 10.4064],
			"rotation": {"angle": 22.5, "axis": "y", "origin": [8.01961, 8.03898, 10.56265]},
			"faces": {
				"north": {"uv": [1.5, 8.5, 1.5, 8.5], "texture": "#0"},
				"east": {"uv": [1.5, 8.5, 1.5, 8.5], "rotation": 270, "texture": "#0"},
				"south": {"uv": [1.5, 8.5, 1.5, 8.5], "rotation": 180, "texture": "#0"},
				"west": {"uv": [1.5, 8.5, 1.5, 8.5], "rotation": 90, "texture": "#0"},
				"up": {"uv": [1.5, 8.5, 1.5, 8.5], "texture": "#0"},
				"down": {"uv": [1.5, 8.5, 1.5, 8.5], "rotation": 180, "texture": "#0"}
			}
		},
		{
			"from": [7.68632, 8.01398, 10.56221],
			"to": [7.77382, 8.06398, 10.65596],
			"rotation": {"angle": -45, "axis": "y", "origin": [8.04882, 8.03898, 10.46846]},
			"faces": {
				"north": {"uv": [1.5, 8.5, 1.5, 8.5], "rotation": 270, "texture": "#0"},
				"east": {"uv": [1.5, 8.5, 1.5, 8.5], "rotation": 180, "texture": "#0"},
				"south": {"uv": [1.5, 8.5, 1.5, 8.5], "rotation": 90, "texture": "#0"},
				"west": {"uv": [1.5, 8.5, 1.5, 8.5], "texture": "#0"},
				"up": {"uv": [1.5, 8.5, 1.5, 8.5], "rotation": 270, "texture": "#0"},
				"down": {"uv": [1.5, 8.5, 1.5, 8.5], "rotation": 270, "texture": "#0"}
			}
		},
		{
			"from": [7.61681, 8.01398, 10.32725],
			"to": [7.73431, 8.06398, 10.45225],
			"rotation": {"angle": -22.5, "axis": "y", "origin": [7.93181, 8.03898, 10.26475]},
			"faces": {
				"north": {"uv": [1.5, 8.5, 1.5, 8.5], "rotation": 270, "texture": "#0"},
				"east": {"uv": [1.5, 8.5, 1.5, 8.5], "rotation": 180, "texture": "#0"},
				"south": {"uv": [1.5, 8.5, 1.5, 8.5], "rotation": 90, "texture": "#0"},
				"west": {"uv": [1.5, 8.5, 1.5, 8.5], "texture": "#0"},
				"up": {"uv": [1.5, 8.5, 1.5, 8.5], "rotation": 270, "texture": "#0"},
				"down": {"uv": [1.5, 8.5, 1.5, 8.5], "rotation": 270, "texture": "#0"}
			}
		},
		{
			"from": [7.2125, 8.07758, 8.73681],
			"to": [9.875, 8.10258, 8.76181],
			"rotation": {"angle": 45, "axis": "y", "origin": [9.875, 8.09008, 8.74931]},
			"faces": {
				"north": {"uv": [2.5, 7.5, 2.5, 7.5], "rotation": 180, "texture": "#1"},
				"east": {"uv": [2.5, 7.5, 2.5, 7.5], "rotation": 180, "texture": "#1"},
				"south": {"uv": [2.5, 7.5, 2.5, 7.5], "rotation": 180, "texture": "#1"},
				"west": {"uv": [2.5, 7.5, 2.5, 7.5], "rotation": 180, "texture": "#1"},
				"up": {"uv": [2.5, 7.5, 2.5, 7.5], "rotation": 180, "texture": "#1"},
				"down": {"uv": [2.5, 7.5, 2.5, 7.5], "rotation": 180, "texture": "#1"}
			}
		},
		{
			"from": [6.125, 8.07758, 8.73681],
			"to": [8.7875, 8.10258, 8.76181],
			"rotation": {"angle": -45, "axis": "y", "origin": [6.125, 8.09008, 8.74931]},
			"faces": {
				"north": {"uv": [2.5, 7.5, 2.5, 7.5], "rotation": 180, "texture": "#1"},
				"east": {"uv": [2.5, 7.5, 2.5, 7.5], "rotation": 180, "texture": "#1"},
				"south": {"uv": [2.5, 7.5, 2.5, 7.5], "rotation": 180, "texture": "#1"},
				"west": {"uv": [2.5, 7.5, 2.5, 7.5], "rotation": 180, "texture": "#1"},
				"up": {"uv": [2.5, 7.5, 2.5, 7.5], "rotation": 180, "texture": "#1"},
				"down": {"uv": [2.5, 7.5, 2.5, 7.5], "rotation": 180, "texture": "#1"}
			}
		},
		{
			"from": [7.925, 8.0589, 9.53325],
			"to": [8.075, 8.2089, 10.53325],
			"rotation": {"angle": 0, "axis": "y", "origin": [8, 8.13388, 10.50825]},
			"faces": {
				"north": {"uv": [3, 0, 8, 2], "texture": "#2"},
				"east": {"uv": [3, 0, 8, 2], "texture": "#2"},
				"south": {"uv": [3, 0, 8, 2], "texture": "#2"},
				"west": {"uv": [3, 0, 8, 2], "texture": "#2"},
				"up": {"uv": [3, 0, 8, 2], "texture": "#2"},
				"down": {"uv": [3, 0, 8, 2], "texture": "#2"}
			}
		},
		{
			"from": [7.925, 8.0589, 8.53325],
			"to": [8.075, 8.2089, 9.53325],
			"rotation": {"angle": 0, "axis": "y", "origin": [8, 8.13388, 9.50825]},
			"faces": {
				"north": {"uv": [3, 0, 8, 2], "texture": "#2"},
				"east": {"uv": [3, 0, 8, 2], "texture": "#2"},
				"south": {"uv": [3, 0, 8, 2], "texture": "#2"},
				"west": {"uv": [3, 0, 8, 2], "texture": "#2"},
				"up": {"uv": [3, 0, 8, 2], "texture": "#2"},
				"down": {"uv": [3, 0, 8, 2], "texture": "#2"}
			}
		},
		{
			"from": [7.925, 8.0589, 7.53325],
			"to": [8.075, 8.2089, 8.53325],
			"rotation": {"angle": 0, "axis": "y", "origin": [8, 8.13388, 8.50825]},
			"faces": {
				"north": {"uv": [3, 0, 8, 2], "texture": "#2"},
				"east": {"uv": [3, 0, 8, 2], "texture": "#2"},
				"south": {"uv": [3, 0, 8, 2], "texture": "#2"},
				"west": {"uv": [3, 0, 8, 2], "texture": "#2"},
				"up": {"uv": [3, 0, 8, 2], "texture": "#2"},
				"down": {"uv": [3, 0, 8, 2], "texture": "#2"}
			}
		},
		{
			"from": [7.925, 8.0589, 6.53325],
			"to": [8.075, 8.2089, 7.53325],
			"rotation": {"angle": 0, "axis": "y", "origin": [8, 8.13388, 7.50825]},
			"faces": {
				"north": {"uv": [3, 0, 8, 2], "texture": "#2"},
				"east": {"uv": [3, 0, 8, 2], "texture": "#2"},
				"south": {"uv": [3, 0, 8, 2], "texture": "#2"},
				"west": {"uv": [3, 0, 8, 2], "texture": "#2"},
				"up": {"uv": [3, 0, 8, 2], "texture": "#2"},
				"down": {"uv": [3, 0, 8, 2], "texture": "#2"}
			}
		},
		{
			"from": [7.9, 8.025, 6.15],
			"to": [8.1, 8.225, 6.55],
			"rotation": {"angle": 0, "axis": "y", "origin": [8, 8.125, 6.225]},
			"faces": {
				"north": {"uv": [9.5, 0.5, 9.5, 0.5], "texture": "#3"},
				"east": {"uv": [9.5, 0.5, 9.5, 0.5], "texture": "#3"},
				"south": {"uv": [9.5, 0.5, 9.5, 0.5], "texture": "#3"},
				"west": {"uv": [9.5, 0.5, 9.5, 0.5], "texture": "#3"},
				"up": {"uv": [9.5, 0.5, 9.5, 0.5], "texture": "#3"},
				"down": {"uv": [9.5, 0.5, 9.5, 0.5], "texture": "#3"}
			}
		},
		{
			"from": [7.9294, 8.0544, 6.025],
			"to": [8.0706, 8.1956, 6.175],
			"rotation": {"angle": 45, "axis": "z", "origin": [8, 8.125, 6.2875]},
			"faces": {
				"north": {"uv": [9.5, 0.5, 9.5, 0.5], "texture": "#3"},
				"east": {"uv": [9.5, 0.5, 9.5, 0.5], "texture": "#3"},
				"south": {"uv": [9.5, 0.5, 9.5, 0.5], "texture": "#3"},
				"west": {"uv": [9.5, 0.5, 9.5, 0.5], "texture": "#3"},
				"up": {"uv": [9.5, 0.5, 9.5, 0.5], "texture": "#3"},
				"down": {"uv": [9.5, 0.5, 9.5, 0.5], "texture": "#3"}
			}
		},
		{
			"from": [7.95, 8.075, 5.925],
			"to": [8.05, 8.175, 6.05],
			"rotation": {"angle": 0, "axis": "y", "origin": [8, 8.125, 5.6625]},
			"faces": {
				"north": {"uv": [9.5, 0.5, 9.5, 0.5], "texture": "#3"},
				"east": {"uv": [9.5, 0.5, 9.5, 0.5], "texture": "#3"},
				"south": {"uv": [9.5, 0.5, 9.5, 0.5], "texture": "#3"},
				"west": {"uv": [9.5, 0.5, 9.5, 0.5], "texture": "#3"},
				"up": {"uv": [9.5, 0.5, 9.5, 0.5], "texture": "#3"},
				"down": {"uv": [9.5, 0.5, 9.5, 0.5], "texture": "#3"}
			}
		},
		{
			"from": [7.9647, 8.0897, 5.85],
			"to": [8.0353, 8.1603, 5.925],
			"rotation": {"angle": 45, "axis": "z", "origin": [8, 8.125, 6.2875]},
			"faces": {
				"north": {"uv": [9.5, 0.5, 9.5, 0.5], "texture": "#3"},
				"east": {"uv": [9.5, 0.5, 9.5, 0.5], "texture": "#3"},
				"south": {"uv": [9.5, 0.5, 9.5, 0.5], "texture": "#3"},
				"west": {"uv": [9.5, 0.5, 9.5, 0.5], "texture": "#3"},
				"up": {"uv": [9.5, 0.5, 9.5, 0.5], "texture": "#3"},
				"down": {"uv": [9.5, 0.5, 9.5, 0.5], "texture": "#3"}
			}
		},
		{
			"from": [7.975, 8.1, 5.8],
			"to": [8.025, 8.15, 5.85],
			"rotation": {"angle": 0, "axis": "y", "origin": [8, 8.125, 5.4125]},
			"faces": {
				"north": {"uv": [9.5, 0.5, 9.5, 0.5], "texture": "#3"},
				"east": {"uv": [9.5, 0.5, 9.5, 0.5], "texture": "#3"},
				"south": {"uv": [9.5, 0.5, 9.5, 0.5], "texture": "#3"},
				"west": {"uv": [9.5, 0.5, 9.5, 0.5], "texture": "#3"},
				"up": {"uv": [9.5, 0.5, 9.5, 0.5], "texture": "#3"},
				"down": {"uv": [9.5, 0.5, 9.5, 0.5], "texture": "#3"}
			}
		},
		{
			"name": "cube1",
			"from": [7.9, 8.09302, 6.32397],
			"to": [8.1, 8.18052, 6.63647],
			"rotation": {"angle": -22.5, "axis": "x", "origin": [8, 8.19302, 6.21147]},
			"faces": {
				"north": {"uv": [9.5, 0.5, 9.5, 0.5], "texture": "#3"},
				"east": {"uv": [9.5, 0.5, 9.5, 0.5], "texture": "#3"},
				"south": {"uv": [9.5, 0.5, 9.5, 0.5], "texture": "#3"},
				"west": {"uv": [9.5, 0.5, 9.5, 0.5], "texture": "#3"},
				"up": {"uv": [9.5, 0.5, 9.5, 0.5], "texture": "#3"},
				"down": {"uv": [9.5, 0.5, 9.5, 0.5], "texture": "#3"}
			}
		},
		{
			"name": "cube2",
			"from": [7.9685, 8.02452, 6.32397],
			"to": [8.056, 8.22452, 6.63647],
			"rotation": {"angle": 22.5, "axis": "y", "origin": [8.0685, 8.12452, 6.21147]},
			"faces": {
				"north": {"uv": [9.5, 0.5, 9.5, 0.5], "rotation": 270, "texture": "#3"},
				"east": {"uv": [9.5, 0.5, 9.5, 0.5], "rotation": 90, "texture": "#3"},
				"south": {"uv": [9.5, 0.5, 9.5, 0.5], "rotation": 90, "texture": "#3"},
				"west": {"uv": [9.5, 0.5, 9.5, 0.5], "rotation": 90, "texture": "#3"},
				"up": {"uv": [9.5, 0.5, 9.5, 0.5], "rotation": 90, "texture": "#3"},
				"down": {"uv": [9.5, 0.5, 9.5, 0.5], "rotation": 90, "texture": "#3"}
			}
		},
		{
			"name": "cube3",
			"from": [7.93544, 8.02452, 6.36702],
			"to": [8.02294, 8.22452, 6.67952],
			"rotation": {"angle": -22.5, "axis": "y", "origin": [8.03544, 8.12452, 6.25452]},
			"faces": {
				"north": {"uv": [9.5, 0.5, 9.5, 0.5], "rotation": 270, "texture": "#3"},
				"east": {"uv": [9.5, 0.5, 9.5, 0.5], "rotation": 90, "texture": "#3"},
				"south": {"uv": [9.5, 0.5, 9.5, 0.5], "rotation": 90, "texture": "#3"},
				"west": {"uv": [9.5, 0.5, 9.5, 0.5], "rotation": 90, "texture": "#3"},
				"up": {"uv": [9.5, 0.5, 9.5, 0.5], "rotation": 90, "texture": "#3"},
				"down": {"uv": [9.5, 0.5, 9.5, 0.5], "rotation": 90, "texture": "#3"}
			}
		},
		{
			"name": "cube4",
			"from": [7.9, 8.05996, 6.36702],
			"to": [8.1, 8.14746, 6.67952],
			"rotation": {"angle": 22.5, "axis": "x", "origin": [8, 8.15996, 6.25452]},
			"faces": {
				"north": {"uv": [9.5, 0.5, 9.5, 0.5], "texture": "#3"},
				"east": {"uv": [9.5, 0.5, 9.5, 0.5], "texture": "#3"},
				"south": {"uv": [9.5, 0.5, 9.5, 0.5], "texture": "#3"},
				"west": {"uv": [9.5, 0.5, 9.5, 0.5], "texture": "#3"},
				"up": {"uv": [9.5, 0.5, 9.5, 0.5], "texture": "#3"},
				"down": {"uv": [9.5, 0.5, 9.5, 0.5], "texture": "#3"}
			}
		},
		{
			"name": "cubex1",
			"from": [7.9, 8.3101, 6.54445],
			"to": [8.1, 8.4101, 6.60695],
			"rotation": {"angle": 22.5, "axis": "x", "origin": [8, 8.1976, 6.50695]},
			"faces": {
				"north": {"uv": [9.5, 0.5, 9.5, 0.5], "rotation": 180, "texture": "#3"},
				"east": {"uv": [9.5, 0.5, 9.5, 0.5], "rotation": 90, "texture": "#3"},
				"south": {"uv": [9.5, 0.5, 9.5, 0.5], "texture": "#3"},
				"west": {"uv": [9.5, 0.5, 9.5, 0.5], "rotation": 270, "texture": "#3"},
				"up": {"uv": [9.5, 0.5, 9.5, 0.5], "texture": "#3"},
				"down": {"uv": [9.5, 0.5, 9.5, 0.5], "rotation": 180, "texture": "#3"}
			}
		},
		{
			"name": "cubex2",
			"from": [7.9, 8.35566, 6.62441],
			"to": [8.1, 8.38066, 6.68066],
			"rotation": {"angle": 0, "axis": "y", "origin": [8, 8.24316, 6.58066]},
			"faces": {
				"north": {"uv": [9.5, 0.5, 9.5, 0.5], "rotation": 180, "texture": "#3"},
				"east": {"uv": [9.5, 0.5, 9.5, 0.5], "rotation": 90, "texture": "#3"},
				"south": {"uv": [9.5, 0.5, 9.5, 0.5], "texture": "#3"},
				"west": {"uv": [9.5, 0.5, 9.5, 0.5], "rotation": 270, "texture": "#3"},
				"up": {"uv": [9.5, 0.5, 9.5, 0.5], "texture": "#3"},
				"down": {"uv": [9.5, 0.5, 9.5, 0.5], "rotation": 180, "texture": "#3"}
			}
		},
		{
			"name": "cubex1",
			"from": [7.9, 7.8399, 6.54445],
			"to": [8.1, 7.9399, 6.60695],
			"rotation": {"angle": -22.5, "axis": "x", "origin": [8, 8.0524, 6.50695]},
			"faces": {
				"north": {"uv": [9.5, 0.5, 9.5, 0.5], "rotation": 180, "texture": "#3"},
				"east": {"uv": [9.5, 0.5, 9.5, 0.5], "rotation": 90, "texture": "#3"},
				"south": {"uv": [9.5, 0.5, 9.5, 0.5], "texture": "#3"},
				"west": {"uv": [9.5, 0.5, 9.5, 0.5], "rotation": 270, "texture": "#3"},
				"up": {"uv": [9.5, 0.5, 9.5, 0.5], "rotation": 180, "texture": "#3"},
				"down": {"uv": [9.5, 0.5, 9.5, 0.5], "texture": "#3"}
			}
		},
		{
			"name": "cubex2",
			"from": [7.9, 7.86934, 6.62441],
			"to": [8.1, 7.89434, 6.68066],
			"rotation": {"angle": 0, "axis": "y", "origin": [8, 8.00684, 6.58066]},
			"faces": {
				"north": {"uv": [9.5, 0.5, 9.5, 0.5], "rotation": 180, "texture": "#3"},
				"east": {"uv": [9.5, 0.5, 9.5, 0.5], "rotation": 90, "texture": "#3"},
				"south": {"uv": [9.5, 0.5, 9.5, 0.5], "texture": "#3"},
				"west": {"uv": [9.5, 0.5, 9.5, 0.5], "rotation": 270, "texture": "#3"},
				"up": {"uv": [9.5, 0.5, 9.5, 0.5], "rotation": 180, "texture": "#3"},
				"down": {"uv": [9.5, 0.5, 9.5, 0.5], "texture": "#3"}
			}
		},
		{
			"name": "cubex3",
			"from": [8.18462, 8.02452, 6.54445],
			"to": [8.28462, 8.22452, 6.60695],
			"rotation": {"angle": -22.5, "axis": "y", "origin": [8.07212, 8.12452, 6.50695]},
			"faces": {
				"north": {"uv": [9.5, 0.5, 9.5, 0.5], "rotation": 270, "texture": "#3"},
				"east": {"uv": [9.5, 0.5, 9.5, 0.5], "rotation": 270, "texture": "#3"},
				"south": {"uv": [9.5, 0.5, 9.5, 0.5], "rotation": 270, "texture": "#3"},
				"west": {"uv": [9.5, 0.5, 9.5, 0.5], "rotation": 90, "texture": "#3"},
				"up": {"uv": [9.5, 0.5, 9.5, 0.5], "texture": "#3"},
				"down": {"uv": [9.5, 0.5, 9.5, 0.5], "rotation": 180, "texture": "#3"}
			}
		},
		{
			"name": "cubex4",
			"from": [8.23018, 8.02452, 6.62441],
			"to": [8.25518, 8.22452, 6.68066],
			"rotation": {"angle": 0, "axis": "y", "origin": [8.11768, 8.12452, 6.58066]},
			"faces": {
				"north": {"uv": [9.5, 0.5, 9.5, 0.5], "rotation": 270, "texture": "#3"},
				"east": {"uv": [9.5, 0.5, 9.5, 0.5], "rotation": 270, "texture": "#3"},
				"south": {"uv": [9.5, 0.5, 9.5, 0.5], "rotation": 270, "texture": "#3"},
				"west": {"uv": [9.5, 0.5, 9.5, 0.5], "rotation": 90, "texture": "#3"},
				"up": {"uv": [9.5, 0.5, 9.5, 0.5], "texture": "#3"},
				"down": {"uv": [9.5, 0.5, 9.5, 0.5], "rotation": 180, "texture": "#3"}
			}
		},
		{
			"name": "cubex3",
			"from": [7.71442, 8.02452, 6.54445],
			"to": [7.81442, 8.22452, 6.60695],
			"rotation": {"angle": 22.5, "axis": "y", "origin": [7.92692, 8.12452, 6.50695]},
			"faces": {
				"north": {"uv": [9.5, 0.5, 9.5, 0.5], "rotation": 270, "texture": "#3"},
				"east": {"uv": [9.5, 0.5, 9.5, 0.5], "rotation": 90, "texture": "#3"},
				"south": {"uv": [9.5, 0.5, 9.5, 0.5], "rotation": 270, "texture": "#3"},
				"west": {"uv": [9.5, 0.5, 9.5, 0.5], "rotation": 270, "texture": "#3"},
				"up": {"uv": [9.5, 0.5, 9.5, 0.5], "texture": "#3"},
				"down": {"uv": [9.5, 0.5, 9.5, 0.5], "rotation": 180, "texture": "#3"}
			}
		},
		{
			"name": "cubex4",
			"from": [7.74386, 8.02452, 6.62441],
			"to": [7.76886, 8.22452, 6.68066],
			"rotation": {"angle": 0, "axis": "y", "origin": [7.88136, 8.12452, 6.58066]},
			"faces": {
				"north": {"uv": [9.5, 0.5, 9.5, 0.5], "rotation": 270, "texture": "#3"},
				"east": {"uv": [9.5, 0.5, 9.5, 0.5], "rotation": 90, "texture": "#3"},
				"south": {"uv": [9.5, 0.5, 9.5, 0.5], "rotation": 270, "texture": "#3"},
				"west": {"uv": [9.5, 0.5, 9.5, 0.5], "rotation": 270, "texture": "#3"},
				"up": {"uv": [9.5, 0.5, 9.5, 0.5], "texture": "#3"},
				"down": {"uv": [9.5, 0.5, 9.5, 0.5], "rotation": 180, "texture": "#3"}
			}
		}
	],
	"gui_light": "front",
	"display": {
		"thirdperson_righthand": {
			"translation": [0, 0.25, -2.5],
			"scale": [2.25, 2.25, 2.25]
		},
		"thirdperson_lefthand": {
			"translation": [0, 0.25, -2.5],
			"scale": [2.25, 2.25, 2.25]
		},
		"firstperson_righthand": {
			"rotation": [0, -10, 0],
			"translation": [0.85, 4, 2],
			"scale": [2, 2, 2]
		},
		"firstperson_lefthand": {
			"rotation": [0, -10, 0],
			"translation": [0.85, 4, 2],
			"scale": [2, 2, 2]
		},
		"ground": {
			"rotation": [90, -45, -180],
			"scale": [3, 3, 3]
		},
		"gui": {
			"rotation": [58, 41, 0],
			"scale": [3, 3, 3]
		},
		"head": {
			"rotation": [90, 0, -180],
			"translation": [0, -1, -7.75],
			"scale": [2.25, 2.25, 2.25]
		},
		"fixed": {
			"rotation": [90, -45, -180],
			"translation": [0, 0, -1],
			"scale": [3, 3, 3]
		}
	},
	"groups": [
		{
			"name": "group",
			"origin": [8, 8, 8],
			"children": [0, 1, 2, 3, 4,
				{
					"name": "group",
					"origin": [11.84555, 8, 7.92505],
					"children": [5, 6, 7, 8, 9]
				},
				{
					"name": "group",
					"origin": [11.84555, 8, 7.92505],
					"children": [10, 11, 12, 13, 14]
				}
			]
		},
		{
			"name": "group",
			"origin": [8, 8, 8],
			"children": [15, 16, 17, 18, 19,
				{
					"name": "group",
					"origin": [11.84555, 8, 7.92505],
					"children": [20, 21, 22, 23, 24]
				},
				{
					"name": "group",
					"origin": [11.84555, 8, 7.92505],
					"children": [25, 26, 27, 28, 29]
				}
			]
		}, 30, 31, 32, 33,
		{
			"name": "group",
			"origin": [7.18825, 8.82006, 8],
			"children": [34, 35, 36, 37]
		},
		{
			"name": "group",
			"origin": [7.18825, 8.82006, 8],
			"children": [38, 39, 40, 41]
		}, 42, 43, 44, 45, 46, 47, 48, 49, 50, 51,
		{
			"name": "group",
			"origin": [8, 8.1325, 6.0125],
			"children": [52, 53]
		},
		{
			"name": "矢",
			"origin": [8, 8, 8],
			"children": [54, 55, 56, 57, 58, 59, 60, 61, 62, 63, 64, 65, 66, 67, 68, 69, 70, 71, 72, 73, 74]
		}
	]
}