{
  "type": "minecraft:entity",
  "pools": [
    {
      "rolls": 1,
      "entries": [
        {
          "type": "minecraft:item",
          "name": "minecraft:carrot_on_a_stick",
          "functions": [
            {
                "function": "minecraft:set_name",
                "name": {"text": "吸根","color":"dark_green","italic":false}
            },
            {
                "function": "minecraft:set_lore",
                "lore": [
                  {"text":"--------------------------------","italic":false,"color":"gray"},
                  {"text":"MP:9 / Cooldown:7.5","italic":false,"color":"aqua"},
                  {"text":"地面に根を這わせ、前方に飛ばす。","italic":false,"color":"white"},
                  {"text":"敵の動きを封じ込めつつHPを吸収する。","italic":false,"color":"white"},
                  {"text":"--------------------------------","italic":false,"color":"gray"}
                ]
            },
            {
                "function": "minecraft:set_nbt",
                "tag": "{CustomModelData:37,Soulbound:1b,Unbreakable:1b,HideFlags:4,magic_attack:1b}"
            }
          ]
        }
      ]
    }
  ]
}