{
  "type": "minecraft:entity",
  "pools": [
    {
      "rolls": 1,
      "entries": [
        {
          "type": "minecraft:item",
          "name": "minecraft:carrot_on_a_stick",
          "functions": [
            {
                "function": "minecraft:set_name",
                "name": [{"text": "白裂","color":"white","bold":true,"italic":false},{"text": "転禍","color":"dark_purple","bold":true,"italic":false}]
            },
            {
                "function": "minecraft:set_lore",
                "lore": [
                  {"text":"--------------------------------","italic":false,"color":"gray"},
                  {"text":"MP:17 / Cooldown:14","italic":false,"color":"aqua"},
                  {"text":"前方に高速の光弾を放つ。","italic":false,"color":"white"},
                  {"text":"敵に直撃した時に炸裂し、闇魔力に転化して攻撃。","italic":false,"color":"white"},
                  {"text":"--------------------------------","italic":false,"color":"gray"}
                ]
            },
            {
                "function": "minecraft:set_nbt",
                "tag": "{CustomModelData:80,Soulbound:1b,Unbreakable:1b,HideFlags:4,magic_attack:1b}"
            }
          ]
        }
      ]
    }
  ]
}