{
  "type": "minecraft:entity",
  "pools": [
    {
      "rolls": 1,
      "entries": [
        {
          "type": "minecraft:item",
          "name": "minecraft:carrot_on_a_stick",
          "functions": [
            {
                "function": "minecraft:set_name",
                "name": {"text": "火炎弾","color":"red","italic":false}
            },
            {
                "function": "minecraft:set_lore",
                "lore": [
                  {"text":"--------------------------------","italic":false,"color":"gray"},
                  {"text":"MP:5 / Cooldown:3/ 追加入力可能:1回(1.2秒)","italic":false,"color":"aqua"},
                  {"text":"燃え盛る火の玉を放って攻撃。","italic":false,"color":"white"},
                  {"text":"ブロックに着弾し小爆破を起こす。","italic":false,"color":"white"},
                  {"text":"--------------------------------","italic":false,"color":"gray"},
                  {"text":"MP:6 / Cooldown:4","italic":false,"color":"aqua"},
                  {"text":"追加入力の効果として発動。","italic":false,"color":"white"},
                  {"text":"左右から敵を自動的に狙う火の玉を発射。","italic":false,"color":"white"},
                  {"text":"--------------------------------","italic":false,"color":"gray"}
                ]
            },
            {
                "function": "minecraft:set_nbt",
                "tag": "{CustomModelData:8,Soulbound:1b,Unbreakable:1b,HideFlags:4,magic_attack:1b}"
            }
          ]
        }
      ]
    }
  ]
}