{
  "type": "minecraft:entity",
  "pools": [
    {
      "rolls": 1,
      "entries": [
        {
          "type": "minecraft:item",
          "name": "minecraft:carrot_on_a_stick",
          "functions": [
            {
                "function": "minecraft:set_name",
                "name": {"text": "爆炎","color":"red","italic":false}
            },
            {
                "function": "minecraft:set_lore",
                "lore": [
                  {"text":"--------------------------------","italic":false,"color":"gray"},
                  {"text":"MP:10 / Cooldown:12","italic":false,"color":"aqua"},
                  {"text":"炎霊の加護を受け、前方に爆炎を発射する。","italic":false,"color":"white"},
                  {"text":"爆炎はブロックに命中すると爆発する。","italic":false,"color":"white"},
                  {"text":"距離が離れるほどに爆炎の威力は増加する。","italic":false,"color":"white"},
                  {"text":"--------------------------------","italic":false,"color":"gray"}
                ]
            },
            {
                "function": "minecraft:set_nbt",
                "tag": "{CustomModelData:45,Soulbound:1b,Unbreakable:1b,HideFlags:4,magic_attack:1b}"
            }
          ]
        }
      ]
    }
  ]
}