{
  "type": "minecraft:entity",
  "pools": [
    {
      "rolls": 1,
      "entries": [
        {
          "type": "minecraft:item",
          "name": "minecraft:carrot_on_a_stick",
          "functions": [
            {
                "function": "minecraft:set_name",
                "name": {"text": "時限魔石","color":"#ff6633","italic":false}
            },
            {
                "function": "minecraft:set_lore",
                "lore": [
                  {"text":"--------------------------------","italic":false,"color":"gray"},
                  {"text":"MP:11 / Cooldown:12","italic":false,"color":"aqua"},
                  {"text":"投擲後数秒で起爆する魔石を投擲する。","italic":false,"color":"white"},
                  {"text":"命中した敵に強烈なダメージを与え吹き飛ばす。","italic":false,"color":"white"},
                  {"text":"--------------------------------","italic":false,"color":"gray"}
                ]
            },
            {
                "function": "minecraft:set_nbt",
                "tag": "{CustomModelData:81,Soulbound:1b,Unbreakable:1b,HideFlags:4,magic_attack:1b}"
            }
          ]
        }
      ]
    }
  ]
}