{
  "type": "minecraft:entity",
  "pools": [
    {
      "rolls": 1,
      "entries": [
        {
          "type": "minecraft:item",
          "name": "minecraft:carrot_on_a_stick",
          "functions": [
            {
                "function": "minecraft:set_name",
                "name": {"text": "蒼炎魔石","color":"#3366ff","italic":false}
            },
            {
                "function": "minecraft:set_lore",
                "lore": [
                  {"text":"--------------------------------","italic":false,"color":"gray"},
                  {"text":"MP:18 / Cooldown:36","italic":false,"color":"aqua"},
                  {"text":"投擲地点に周囲の敵をゆっくり追尾する蒼炎を撒く。","italic":false,"color":"white"},
                  {"text":"蒼炎は敵を炎上させる効果を持ち、","italic":false,"color":"white"},
                  {"text":"炎上している敵に大きなダメージを与える。","italic":false,"color":"white"},
                  {"text":"--------------------------------","italic":false,"color":"gray"}
                ]
            },
            {
                "function": "minecraft:set_nbt",
                "tag": "{CustomModelData:82,Soulbound:1b,Unbreakable:1b,HideFlags:4,magic_attack:1b}"
            }
          ]
        }
      ]
    }
  ]
}