{
  "type": "minecraft:entity",
  "pools": [
    {
      "rolls": 1,
      "entries": [
        {
          "type": "minecraft:item",
          "name": "minecraft:carrot_on_a_stick",
          "functions": [
            {
                "function": "minecraft:set_name",
                "name": {"text": "紫電","color":"light_purple","italic":false}
            },
            {
                "function": "minecraft:set_lore",
                "lore": [
                  {"text":"--------------------------------","italic":false,"color":"gray"},
                  {"text":"MP:7 / Cooldown:6.5","italic":false,"color":"aqua"},
                  {"text":"紫色の電撃を放って攻撃。","italic":false,"color":"white"},
                  {"text":"命中時、左隣の装備のCooldownを3秒短縮する。","italic":false,"color":"white"},
                  {"text":"--------------------------------","italic":false,"color":"gray"}
                ]
            },
            {
                "function": "minecraft:set_nbt",
                "tag": "{CustomModelData:88,Soulbound:1b,Unbreakable:1b,HideFlags:4,magic_attack:1b}"
            }
          ]
        }
      ]
    }
  ]
}