{
  "type": "minecraft:entity",
  "pools": [
    {
      "rolls": 1,
      "entries": [
        {
          "type": "minecraft:item",
          "name": "minecraft:diamond_sword",
          "functions": [
            {
                "function": "minecraft:set_name",
                "name": {"text": "拒絶者","color":"dark_purple","italic":false}
            },
            {
                "function": "minecraft:set_lore",
                "lore": [
                  {"text":"--------------------------------","italic":false,"color":"gray"},
                  {"text":"-連撃剣- MP:1 / Cooldown:0.5","italic":false,"color":"aqua"},
                  {"text":"メインハンドに解析者を持っている時、","italic":false,"color":"white"},
                  {"text":"オフハンドに持ち右クリックで発動。","italic":false,"color":"white"},
                  {"text":"無敵時間を貫通する斬撃を放つ。","italic":false,"color":"white"},
                  {"text":"--------------------------------","italic":false,"color":"gray"}
                ]
            },
            {
              "function": "minecraft:set_attributes",
              "modifiers": [
                  {
                      "name": "generic.attack_speed",
                      "attribute": "generic.attack_speed",
                      "operation": "addition",
                      "amount": -3.4,
                      "slot": "mainhand"
                  },
                  {
                      "name": "generic.attack_damage",
                      "attribute": "generic.attack_damage",
                      "operation": "addition",
                      "amount": 7.0,
                      "slot": "mainhand"
                  },
                  {
                    "name": "generic.attack_speed",
                    "attribute": "generic.attack_speed",
                    "operation": "multiply_base",
                    "amount": 0.10,
                    "slot": "offhand"
                  }  
              ]
            },
            {
                "function": "minecraft:set_nbt",
                "tag": "{darkRepulser:1b,CustomModelData:116,Soulbound:1b,Unbreakable:1b,HideFlags:4}"
            }
          ]
        }
      ]
    }
  ]
}