{
  "type": "minecraft:entity",
  "pools": [
    {
      "rolls": 1,
      "entries": [
        {
          "type": "minecraft:item",
          "name": "minecraft:golden_hoe",
          "functions": [
            {
                "function": "minecraft:set_name",
                "name": {"text": "拡張矢筒","color":"gray","italic":false}
            },
            {
                "function": "minecraft:set_lore",
                "lore": [
                  {"text":"オフハンドに持つ事で効果を発揮する拡張装置。","italic":false,"color":"gold"},
                  {"text":"--------------------------------","italic":false,"color":"gray"},
                  {"text":"矢の本数 +25%","italic":false,"color":"green"}
                ]
            },
            {
                "function": "minecraft:set_nbt",
                "tag": "{quiver:1b,CustomModelData:1,AttributeModifiers:[{}],Soulbound:1b,Unbreakable:1b,HideFlags:36}"
            }
          ]
        }
      ]
    }
  ]
}