{
  "type": "minecraft:entity",
  "pools": [
    {
      "rolls": 1,
      "entries": [
        {
          "type": "minecraft:item",
          "name": "minecraft:heart_of_the_sea",
          "functions": [
            {
                "function": "minecraft:set_name",
                "name": {"text": "水冷式","color":"aqua","italic":false}
            },
            {
                "function": "minecraft:set_lore",
                "lore": [
                  {"text":"オフハンドに持つ事で効果を発揮する冷却装置。","italic":false,"color":"gold"},
                  {"text":"微量な魔力が宿っている。","italic":false,"color":"gold"},
                  {"text":"--------------------------------","italic":false,"color":"gray"},
                  {"text":"MP回復速度 +15%","italic":false,"color":"aqua"},
                  {"text":"クールダウン短縮:15%","italic":false,"color":"green"}
                ]
            },
            {
                "function": "minecraft:set_nbt",
                "tag": "{MPRegen:15,handAttributes:1b,CTCut:150,Soulbound:1b,Unbreakable:1b,HideFlags:4,Enchantments:[{}]}"
            }
          ]
        }
      ]
    }
  ]
}