{
  "type": "minecraft:entity",
  "pools": [
    {
      "rolls": 1,
      "entries": [
        {
          "type": "minecraft:item",
          "name": "minecraft:golden_hoe",
          "functions": [
            {
                "function": "minecraft:set_name",
                "name": {"text": "投げ斧","color": "aqua","italic": false}
            },
            {
                "function": "minecraft:set_lore",
                "lore": [
                  {"translate":"メインハンドに%sを持っている時、","italic":false,"color":"white","with":[{"text":"戦斧","bold":true}]},
                  {"text":"オフハンドに持ち右クリックで発動。","italic":false,"color":"white"},
                  {"text":"--------------------------------","italic":false,"color":"gray"},
                  {"text":"-スロウアックス- MP:8 / Cooldown:7","italic":false,"color":"aqua"},
                  {"text":"斧を投擲する。","italic":false,"color":"white"},
                  {"text":"発動後、1.5秒間は近接攻撃速度が低下する。","italic":false,"color":"white"},
                  {"text":"--------------------------------","italic":false,"color":"gray"}
                ]
            },
            {
              "function": "minecraft:set_attributes",
              "modifiers": [
                  {
                      "name": "generic.attack_speed",
                      "attribute": "generic.attack_damage",
                      "operation": "multiply_base",
                      "amount": 0.075,
                      "slot": "offhand"
                  }
              ]
            },
            {
                "function": "minecraft:set_nbt",
                "tag": "{CustomModelData:108,throwAxe:1b,Soulbound:1b,Unbreakable:1b,HideFlags:5}"
            }
          ]
        }
      ]
    }
  ]
}