{
  "type": "minecraft:entity",
  "pools": [
    {
      "rolls": 1,
      "entries": [
        {
          "type": "minecraft:item",
          "name": "minecraft:golden_sword",
          "functions": [
            {
                "function": "minecraft:set_name",
                "name": {"text": "双剣","color":"yellow","italic":false}
            },
            {
                "function": "minecraft:set_lore",
                "lore": [
                  {"text":"オフハンドに持つ事で近接攻撃力を上昇させる剣。","italic":false,"color":"gold"}
                ]
            },
            {
              "function": "minecraft:set_attributes",
              "modifiers": [
                  {
                      "name": "generic.attack_speed",
                      "attribute": "generic.attack_speed",
                      "operation": "multiply_base",
                      "amount": 0.1,
                      "slot": "offhand"
                  },
                  {
                      "name": "generic.attack_damage",
                      "attribute": "generic.attack_damage",
                      "operation": "multiply_base",
                      "amount": 0.15,
                      "slot": "offhand"
                  }
              ]
            },
            {
                "function": "minecraft:set_nbt",
                "tag": "{Soulbound:1b,HideFlags:4,Unbreakable:1b}"
            }
          ]
        }
      ]
    }
  ]
}