{
  "type": "minecraft:entity",
  "pools": [
    {
      "rolls": 1,
      "entries": [
        {
          "type": "minecraft:item",
          "name": "minecraft:carrot_on_a_stick",
          "functions": [
            {
                "function": "minecraft:set_name",
                "name": {"text": "埴輪兵","color":"gold","italic":false}
            },
            {
                "function": "minecraft:set_lore",
                "lore": [
                  {"text":"--------------------------------","italic":false,"color":"gray"},
                  {"text":"MP:10 / Cooldown:2 / 死亡時Cooldown:8","italic":false,"color":"aqua"},
                  {"text":"その場に埴輪の剣士を召喚する。","italic":false,"color":"white"},
                  {"text":""},
                  {"text":"--------------------------------","italic":false,"color":"gray"},
                  {"text":"-忠誠兵士- MP:4 / Cooldown:6","italic":false,"color":"aqua"},
                  {"text":"召喚した埴輪がいる状態で使用して発動。","italic":false,"color":"white"},
                  {"text":"埴輪を自身に引き寄せ、最寄りの敵に突撃させる。","italic":false,"color":"white"},
                  {"text":"--------------------------------","italic":false,"color":"gray"},
                  {"text":"MP:1 / Cooldown:4","italic":false,"color":"aqua"},
                  {"translate":"ドロップ(%s)キーを押して発動。","with":[{"keybind":"key.drop"}],"italic":false,"color":"white"},
                  {"text":"召喚した埴輪をキルする。","italic":false,"color":"white"},
                  {"text":"--------------------------------","italic":false,"color":"gray"}
                ]
            },
            {
                "function": "minecraft:set_nbt",
                "tag": "{CustomModelData:29,Soulbound:1b,Unbreakable:1b,HideFlags:4,magic_summon:1b}"
            }
          ]
        }
      ]
    }
  ]
}