{
  "type": "minecraft:entity",
  "pools": [
    {
      "rolls": 1,
      "entries": [
        {
          "type": "minecraft:item",
          "name": "minecraft:carrot_on_a_stick",
          "functions": [
            {
                "function": "minecraft:set_name",
                "name": {"text": "スケルポン","color":"white","italic":false}
            },
            {
                "function": "minecraft:set_lore",
                "lore": [
                  {"text":"--------------------------------","italic":false,"color":"gray"},
                  {"text":"MP:10 / Cooldown:20","italic":false,"color":"aqua"},
                  {"text":"チェストを開けて前方にスケルトンを投げる。","italic":false,"color":"white"},
                  {"text":"","italic":false,"color":"white"},
                  {"text":"--------------------------------","italic":false,"color":"gray"}
                ]
            },
            {
                "function": "minecraft:set_nbt",
                "tag": "{CustomModelData:59,Soulbound:1b,Unbreakable:1b,HideFlags:4,magic_summon:1b}"
            }
          ]
        }
      ]
    }
  ]
}